What the Diff Touches	UNKNOWN STEP	2026-10-02T10:29:52.7135768Z Current runner version: '2.337.0'
What the Diff Touches	UNKNOWN STEP	2026-10-02T10:29:52.7161728Z ##[group]Runner Image Provisioner
What the Diff Touches	UNKNOWN STEP	2026-10-02T10:29:52.7162588Z Hosted Compute Agent
What the Diff Touches	UNKNOWN STEP	2026-10-02T10:29:52.7163303Z Version: 20260901.588
What the Diff Touches	UNKNOWN STEP	2026-10-02T10:29:52.7163941Z Commit: <hex>
What the Diff Touches	UNKNOWN STEP	2026-10-02T10:29:52.7164735Z Build Date: 2026-09-01T19:56:44Z
What the Diff Touches	UNKNOWN STEP	2026-10-02T10:29:52.7165479Z Worker ID: {<uuid>}
What the Diff Touches	UNKNOWN STEP	2026-10-02T10:29:52.7166173Z Azure Region: westus
What the Diff Touches	UNKNOWN STEP	2026-10-02T10:29:52.7166796Z ##[endgroup]
What the Diff Touches	UNKNOWN STEP	2026-10-02T10:29:52.7168492Z ##[group]Operating System
What the Diff Touches	UNKNOWN STEP	2026-10-02T10:29:52.7169207Z Ubuntu
What the Diff Touches	UNKNOWN STEP	2026-10-02T10:29:52.7169756Z 24.04.5
What the Diff Touches	UNKNOWN STEP	2026-10-02T10:29:52.7170280Z LTS
What the Diff Touches	UNKNOWN STEP	2026-10-02T10:29:52.7170911Z ##[endgroup]
What the Diff Touches	UNKNOWN STEP	2026-10-02T10:29:52.7171768Z ##[group]Runner Image
What the Diff Touches	UNKNOWN STEP	2026-10-02T10:29:52.7172453Z Image: ubuntu-24.04
What the Diff Touches	UNKNOWN STEP	2026-10-02T10:29:52.7173131Z Version: 20260927.320.1
What the Diff Touches	UNKNOWN STEP	2026-10-02T10:29:52.7174323Z Included Software: https://github.com/actions/runner-images/blob/ubuntu24/20260927.320/images/ubuntu/Ubuntu2404-Readme.md
What the Diff Touches	UNKNOWN STEP	2026-10-02T10:29:52.7175980Z Image Release: https://github.com/actions/runner-images/releases/tag/ubuntu24%2F20260927.320
What the Diff Touches	UNKNOWN STEP	2026-10-02T10:29:52.7177058Z ##[endgroup]
What the Diff Touches	UNKNOWN STEP	2026-10-02T10:29:52.7178262Z ##[group]GITHUB_TOKEN Permissions
What the Diff Touches	UNKNOWN STEP	2026-10-02T10:29:52.7180660Z Contents: read
What the Diff Touches	UNKNOWN STEP	2026-10-02T10:29:52.7181814Z Metadata: read
What the Diff Touches	UNKNOWN STEP	2026-10-02T10:29:52.7182449Z PullRequests: read
What the Diff Touches	UNKNOWN STEP	2026-10-02T10:29:52.7183155Z ##[endgroup]
What the Diff Touches	UNKNOWN STEP	2026-10-02T10:29:52.7185334Z Secret source: Actions
What the Diff Touches	UNKNOWN STEP	2026-10-02T10:29:52.7186566Z Cache mode: write
What the Diff Touches	UNKNOWN STEP	2026-10-02T10:29:52.7187312Z Prepare workflow directory
What the Diff Touches	UNKNOWN STEP	2026-10-02T10:29:52.7537888Z Prepare all required actions
What the Diff Touches	UNKNOWN STEP	2026-10-02T10:29:52.7587093Z Getting action download info
What the Diff Touches	UNKNOWN STEP	2026-10-02T10:29:53.1500691Z Download action repository 'actions/checkout@v7' (SHA:<hex>)
What the Diff Touches	UNKNOWN STEP	2026-10-02T10:29:53.2540676Z Download action repository 'dorny/paths-filter@v4' (SHA:<hex>)
What the Diff Touches	UNKNOWN STEP	2026-10-02T10:29:53.7283809Z Complete job name: What the Diff Touches
What the Diff Touches	UNKNOWN STEP	2026-10-02T10:29:53.8059931Z ##[group]Run actions/checkout@v7
What the Diff Touches	UNKNOWN STEP	2026-10-02T10:29:53.8060841Z with:
What the Diff Touches	UNKNOWN STEP	2026-10-02T10:29:53.8061742Z   fetch-depth: 0
What the Diff Touches	UNKNOWN STEP	2026-10-02T10:29:53.8062240Z   repository: <org>/drangler
What the Diff Touches	UNKNOWN STEP	2026-10-02T10:29:53.8065966Z   token: ***
What the Diff Touches	UNKNOWN STEP	2026-10-02T10:29:53.8066404Z   ssh-strict: true
What the Diff Touches	UNKNOWN STEP	2026-10-02T10:29:53.8066839Z   ssh-user: git
What the Diff Touches	UNKNOWN STEP	2026-10-02T10:29:53.8067283Z   persist-credentials: true
What the Diff Touches	UNKNOWN STEP	2026-10-02T10:29:53.8067778Z   clean: true
What the Diff Touches	UNKNOWN STEP	2026-10-02T10:29:53.8068231Z   sparse-checkout-cone-mode: true
What the Diff Touches	UNKNOWN STEP	2026-10-02T10:29:53.8068756Z   fetch-tags: false
What the Diff Touches	UNKNOWN STEP	2026-10-02T10:29:53.8069211Z   show-progress: true
What the Diff Touches	UNKNOWN STEP	2026-10-02T10:29:53.8069666Z   lfs: false
What the Diff Touches	UNKNOWN STEP	2026-10-02T10:29:53.8070087Z   submodules: false
What the Diff Touches	UNKNOWN STEP	2026-10-02T10:29:53.8070539Z   set-safe-directory: true
What the Diff Touches	UNKNOWN STEP	2026-10-02T10:29:53.8071324Z   allow-unsafe-pr-checkout: false
What the Diff Touches	UNKNOWN STEP	2026-10-02T10:29:53.8072271Z ##[endgroup]
What the Diff Touches	UNKNOWN STEP	2026-10-02T10:29:53.9117673Z Syncing repository: <org>/drangler
What the Diff Touches	UNKNOWN STEP	2026-10-02T10:29:53.9120718Z ##[group]Getting Git version info
What the Diff Touches	UNKNOWN STEP	2026-10-02T10:29:53.9122308Z Working directory is '/home/runner/work/drangler/drangler'
What the Diff Touches	UNKNOWN STEP	2026-10-02T10:29:53.9124059Z [command]/usr/bin/git version
What the Diff Touches	UNKNOWN STEP	2026-10-02T10:29:53.9189868Z git version 2.55.0
What the Diff Touches	UNKNOWN STEP	2026-10-02T10:29:53.9221519Z ##[endgroup]
What the Diff Touches	UNKNOWN STEP	2026-10-02T10:29:53.9236184Z Temporarily overriding HOME='/home/runner/work/_temp/<uuid>' before making global git config changes
What the Diff Touches	UNKNOWN STEP	2026-10-02T10:29:53.9238475Z Adding repository directory to the temporary git global config as a safe directory
What the Diff Touches	UNKNOWN STEP	2026-10-02T10:29:53.9243085Z [command]/usr/bin/git config --global --add safe.directory /home/runner/work/drangler/drangler
What the Diff Touches	UNKNOWN STEP	2026-10-02T10:29:53.9298422Z Deleting the contents of '/home/runner/work/drangler/drangler'
What the Diff Touches	UNKNOWN STEP	2026-10-02T10:29:53.9302559Z ##[group]Determining repository object format
What the Diff Touches	UNKNOWN STEP	2026-10-02T10:29:53.9304544Z ##[endgroup]
What the Diff Touches	UNKNOWN STEP	2026-10-02T10:29:53.9305404Z ##[group]Initializing the repository
What the Diff Touches	UNKNOWN STEP	2026-10-02T10:29:53.9310626Z [command]/usr/bin/git init /home/runner/work/drangler/drangler
What the Diff Touches	UNKNOWN STEP	2026-10-02T10:29:53.9429841Z hint: Using 'master' as the name for the initial branch. This default branch name
What the Diff Touches	UNKNOWN STEP	2026-10-02T10:29:53.9432686Z hint: will change to "main" in Git 3.0. To configure the initial branch name
What the Diff Touches	UNKNOWN STEP	2026-10-02T10:29:53.9434844Z hint: to use in all of your new repositories, which will suppress this warning,
What the Diff Touches	UNKNOWN STEP	2026-10-02T10:29:53.9436311Z hint: call:
What the Diff Touches	UNKNOWN STEP	2026-10-02T10:29:53.9437310Z hint:
What the Diff Touches	UNKNOWN STEP	2026-10-02T10:29:53.9438238Z hint: 	git config --global init.defaultBranch <name>
What the Diff Touches	UNKNOWN STEP	2026-10-02T10:29:53.9439130Z hint:
What the Diff Touches	UNKNOWN STEP	2026-10-02T10:29:53.9439720Z hint: Names commonly chosen instead of 'master' are 'main', 'trunk' and
What the Diff Touches	UNKNOWN STEP	2026-10-02T10:29:53.9440654Z hint: 'development'. The just-created branch can be renamed via this command:
What the Diff Touches	UNKNOWN STEP	2026-10-02T10:29:53.9441719Z hint:
What the Diff Touches	UNKNOWN STEP	2026-10-02T10:29:53.9442159Z hint: 	git branch -m <name>
What the Diff Touches	UNKNOWN STEP	2026-10-02T10:29:53.9442642Z hint:
What the Diff Touches	UNKNOWN STEP	2026-10-02T10:29:53.9443377Z hint: Disable this message with "git config set advice.defaultBranchName false"
What the Diff Touches	UNKNOWN STEP	2026-10-02T10:29:53.9445213Z Initialized empty Git repository in /home/runner/work/drangler/drangler/.git/
What the Diff Touches	UNKNOWN STEP	2026-10-02T10:29:53.9447356Z [command]/usr/bin/git remote add origin https://github.com/<org>/drangler
What the Diff Touches	UNKNOWN STEP	2026-10-02T10:29:53.9499952Z ##[endgroup]
What the Diff Touches	UNKNOWN STEP	2026-10-02T10:29:53.9501443Z ##[group]Disabling automatic garbage collection
What the Diff Touches	UNKNOWN STEP	2026-10-02T10:29:53.9504618Z [command]/usr/bin/git config --local gc.auto 0
What the Diff Touches	UNKNOWN STEP	2026-10-02T10:29:53.9538963Z ##[endgroup]
What the Diff Touches	UNKNOWN STEP	2026-10-02T10:29:53.9540134Z ##[group]Setting up auth
What the Diff Touches	UNKNOWN STEP	2026-10-02T10:29:53.9541351Z Removing SSH command configuration
What the Diff Touches	UNKNOWN STEP	2026-10-02T10:29:53.9546634Z [command]/usr/bin/git config --local --name-only --get-regexp core\.sshCommand
What the Diff Touches	UNKNOWN STEP	2026-10-02T10:29:53.9588666Z [command]/usr/bin/git submodule foreach --recursive sh -c "git config --local --name-only --get-regexp 'core\.sshCommand' && git config --local --unset-all 'core.sshCommand' || :"
What the Diff Touches	UNKNOWN STEP	2026-10-02T10:29:54.0035777Z Removing HTTP extra header
What the Diff Touches	UNKNOWN STEP	2026-10-02T10:29:54.0042280Z [command]/usr/bin/git config --local --name-only --get-regexp http\.https\:\/\/github\.com\/\.extraheader
What the Diff Touches	UNKNOWN STEP	2026-10-02T10:29:54.0079801Z [command]/usr/bin/git submodule foreach --recursive sh -c "git config --local --name-only --get-regexp 'http\.https\:\/\/github\.com\/\.extraheader' && git config --local --unset-all 'http.https://github.com/.extraheader' || :"
What the Diff Touches	UNKNOWN STEP	2026-10-02T10:29:54.0304218Z Removing includeIf entries pointing to credentials config files
What the Diff Touches	UNKNOWN STEP	2026-10-02T10:29:54.0310019Z [command]/usr/bin/git config --local --name-only --get-regexp ^includeIf\.gitdir:
What the Diff Touches	UNKNOWN STEP	2026-10-02T10:29:54.0387013Z [command]/usr/bin/git submodule foreach --recursive git config --local --show-origin --name-only --get-regexp remote.origin.url
What the Diff Touches	UNKNOWN STEP	2026-10-02T10:29:54.0622655Z [command]/usr/bin/git config --file /home/runner/work/_temp/git-credentials-<uuid>.config http.https://github.com/.extraheader AUTHORIZATION: basic ***
What the Diff Touches	UNKNOWN STEP	2026-10-02T10:29:54.0664995Z [command]/usr/bin/git config --local includeIf.gitdir:/home/runner/work/drangler/drangler/.git.path /home/runner/work/_temp/git-credentials-<uuid>.config
What the Diff Touches	UNKNOWN STEP	2026-10-02T10:29:54.0700842Z [command]/usr/bin/git config --local includeIf.gitdir:/home/runner/work/drangler/drangler/.git/worktrees/*.path /home/runner/work/_temp/git-credentials-<uuid>.config
What the Diff Touches	UNKNOWN STEP	2026-10-02T10:29:54.0739114Z [command]/usr/bin/git config --local includeIf.gitdir:/github/workspace/.git.path /github/runner_temp/git-credentials-<uuid>.config
What the Diff Touches	UNKNOWN STEP	2026-10-02T10:29:54.0776412Z [command]/usr/bin/git config --local includeIf.gitdir:/github/workspace/.git/worktrees/*.path /github/runner_temp/git-credentials-<uuid>.config
What the Diff Touches	UNKNOWN STEP	2026-10-02T10:29:54.0808791Z ##[endgroup]
What the Diff Touches	UNKNOWN STEP	2026-10-02T10:29:54.0809579Z ##[group]Fetching the repository
What the Diff Touches	UNKNOWN STEP	2026-10-02T10:29:54.0816265Z [command]/usr/bin/git -c protocol.version=2 fetch --no-tags --prune --no-recurse-submodules origin +refs/heads/*:refs/remotes/origin/* +refs/tags/*:refs/tags/*
What the Diff Touches	UNKNOWN STEP	2026-10-02T10:29:55.3342782Z From https://github.com/<org>/drangler
What the Diff Touches	UNKNOWN STEP	2026-10-02T10:29:55.3344018Z  * [new branch]        gh-pages         -> origin/gh-pages
What the Diff Touches	UNKNOWN STEP	2026-10-02T10:29:55.3344778Z  * [new branch]        master           -> origin/master
What the Diff Touches	UNKNOWN STEP	2026-10-02T10:29:55.3345703Z  * [new branch]        renovate/mariadb -> origin/renovate/mariadb
What the Diff Touches	UNKNOWN STEP	2026-10-02T10:29:55.3346230Z  * [new tag]           v0.1.0           -> v0.1.0
What the Diff Touches	UNKNOWN STEP	2026-10-02T10:29:55.3346695Z  * [new tag]           v0.2.0           -> v0.2.0
What the Diff Touches	UNKNOWN STEP	2026-10-02T10:29:55.3347160Z  * [new tag]           v0.3.0           -> v0.3.0
What the Diff Touches	UNKNOWN STEP	2026-10-02T10:29:55.3348618Z [command]/usr/bin/git branch --list --remote origin/master
What the Diff Touches	UNKNOWN STEP	2026-10-02T10:29:55.3368712Z   origin/master
What the Diff Touches	UNKNOWN STEP	2026-10-02T10:29:55.3380099Z [command]/usr/bin/git rev-parse refs/remotes/origin/master
What the Diff Touches	UNKNOWN STEP	2026-10-02T10:29:55.3410813Z df6dce4b00d66439e0c1258c862da36342a7488a
What the Diff Touches	UNKNOWN STEP	2026-10-02T10:29:55.3415261Z ##[endgroup]
What the Diff Touches	UNKNOWN STEP	2026-10-02T10:29:55.3416180Z ##[group]Determining the checkout info
What the Diff Touches	UNKNOWN STEP	2026-10-02T10:29:55.3416971Z ##[endgroup]
What the Diff Touches	UNKNOWN STEP	2026-10-02T10:29:55.3420915Z [command]/usr/bin/git sparse-checkout disable
What the Diff Touches	UNKNOWN STEP	2026-10-02T10:29:55.3480555Z [command]/usr/bin/git config --local --unset-all extensions.worktreeConfig
What the Diff Touches	UNKNOWN STEP	2026-10-02T10:29:55.3518400Z ##[group]Checking out the ref
What the Diff Touches	UNKNOWN STEP	2026-10-02T10:29:55.3523269Z [command]/usr/bin/git checkout --progress --force -B master refs/remotes/origin/master
What the Diff Touches	UNKNOWN STEP	2026-10-02T10:29:55.3747360Z Reset branch 'master'
What the Diff Touches	UNKNOWN STEP	2026-10-02T10:29:55.3752689Z branch 'master' set up to track 'origin/master'.
What the Diff Touches	UNKNOWN STEP	2026-10-02T10:29:55.3762766Z ##[endgroup]
What the Diff Touches	UNKNOWN STEP	2026-10-02T10:29:55.3815882Z [command]/usr/bin/git log -1 --format=%H
What the Diff Touches	UNKNOWN STEP	2026-10-02T10:29:55.3847499Z df6dce4b00d66439e0c1258c862da36342a7488a
What the Diff Touches	UNKNOWN STEP	2026-10-02T10:29:55.4202916Z Post job cleanup.
What the Diff Touches	UNKNOWN STEP	2026-10-02T10:29:55.5062559Z [command]/usr/bin/git version
What the Diff Touches	UNKNOWN STEP	2026-10-02T10:29:55.5104205Z git version 2.55.0
What the Diff Touches	UNKNOWN STEP	2026-10-02T10:29:55.5155626Z Temporarily overriding HOME='/home/runner/work/_temp/<uuid>' before making global git config changes
What the Diff Touches	UNKNOWN STEP	2026-10-02T10:29:55.5157653Z Adding repository directory to the temporary git global config as a safe directory
What the Diff Touches	UNKNOWN STEP	2026-10-02T10:29:55.5163774Z [command]/usr/bin/git config --global --add safe.directory /home/runner/work/drangler/drangler
What the Diff Touches	UNKNOWN STEP	2026-10-02T10:29:55.5201494Z Removing SSH command configuration
What the Diff Touches	UNKNOWN STEP	2026-10-02T10:29:55.5208956Z [command]/usr/bin/git config --local --name-only --get-regexp core\.sshCommand
What the Diff Touches	UNKNOWN STEP	2026-10-02T10:29:55.5249072Z [command]/usr/bin/git submodule foreach --recursive sh -c "git config --local --name-only --get-regexp 'core\.sshCommand' && git config --local --unset-all 'core.sshCommand' || :"
What the Diff Touches	UNKNOWN STEP	2026-10-02T10:29:55.5524091Z Removing HTTP extra header
What the Diff Touches	UNKNOWN STEP	2026-10-02T10:29:55.5525363Z [command]/usr/bin/git config --local --name-only --get-regexp http\.https\:\/\/github\.com\/\.extraheader
What the Diff Touches	UNKNOWN STEP	2026-10-02T10:29:55.5572676Z [command]/usr/bin/git submodule foreach --recursive sh -c "git config --local --name-only --get-regexp 'http\.https\:\/\/github\.com\/\.extraheader' && git config --local --unset-all 'http.https://github.com/.extraheader' || :"
What the Diff Touches	UNKNOWN STEP	2026-10-02T10:29:55.5830320Z Removing includeIf entries pointing to credentials config files
What the Diff Touches	UNKNOWN STEP	2026-10-02T10:29:55.5836695Z [command]/usr/bin/git config --local --name-only --get-regexp ^includeIf\.gitdir:
What the Diff Touches	UNKNOWN STEP	2026-10-02T10:29:55.5869859Z includeif.gitdir:/home/runner/work/drangler/drangler/.git.path
What the Diff Touches	UNKNOWN STEP	2026-10-02T10:29:55.5870969Z includeif.gitdir:/home/runner/work/drangler/drangler/.git/worktrees/*.path
What the Diff Touches	UNKNOWN STEP	2026-10-02T10:29:55.5872472Z includeif.gitdir:/github/workspace/.git.path
What the Diff Touches	UNKNOWN STEP	2026-10-02T10:29:55.5873370Z includeif.gitdir:/github/workspace/.git/worktrees/*.path
What the Diff Touches	UNKNOWN STEP	2026-10-02T10:29:55.5881636Z [command]/usr/bin/git config --local --get-all includeif.gitdir:/home/runner/work/drangler/drangler/.git.path
What the Diff Touches	UNKNOWN STEP	2026-10-02T10:29:55.5908243Z /home/runner/work/_temp/git-credentials-<uuid>.config
What the Diff Touches	UNKNOWN STEP	2026-10-02T10:29:55.5920222Z [command]/usr/bin/git config --local --unset includeif.gitdir:/home/runner/work/drangler/drangler/.git.path \/home\/runner\/work\/_temp\/git\-credentials\-<uuid>\.config
What the Diff Touches	UNKNOWN STEP	2026-10-02T10:29:55.5965527Z [command]/usr/bin/git config --local --get-all includeif.gitdir:/home/runner/work/drangler/drangler/.git/worktrees/*.path
What the Diff Touches	UNKNOWN STEP	2026-10-02T10:29:55.6008027Z /home/runner/work/_temp/git-credentials-<uuid>.config
What the Diff Touches	UNKNOWN STEP	2026-10-02T10:29:55.6012800Z [command]/usr/bin/git config --local --unset includeif.gitdir:/home/runner/work/drangler/drangler/.git/worktrees/*.path \/home\/runner\/work\/_temp\/git\-credentials\-<uuid>\.config
What the Diff Touches	UNKNOWN STEP	2026-10-02T10:29:55.6062978Z [command]/usr/bin/git config --local --get-all includeif.gitdir:/github/workspace/.git.path
What the Diff Touches	UNKNOWN STEP	2026-10-02T10:29:55.6095465Z /github/runner_temp/git-credentials-<uuid>.config
What the Diff Touches	UNKNOWN STEP	2026-10-02T10:29:55.6107027Z [command]/usr/bin/git config --local --unset includeif.gitdir:/github/workspace/.git.path \/github\/runner_temp\/git\-credentials\-<uuid>\.config
What the Diff Touches	UNKNOWN STEP	2026-10-02T10:29:55.6157574Z [command]/usr/bin/git config --local --get-all includeif.gitdir:/github/workspace/.git/worktrees/*.path
What the Diff Touches	UNKNOWN STEP	2026-10-02T10:29:55.6192274Z /github/runner_temp/git-credentials-<uuid>.config
What the Diff Touches	UNKNOWN STEP	2026-10-02T10:29:55.6200567Z [command]/usr/bin/git config --local --unset includeif.gitdir:/github/workspace/.git/worktrees/*.path \/github\/runner_temp\/git\-credentials\-<uuid>\.config
What the Diff Touches	UNKNOWN STEP	2026-10-02T10:29:55.6315993Z [command]/usr/bin/git submodule foreach --recursive git config --local --show-origin --name-only --get-regexp remote.origin.url
What the Diff Touches	UNKNOWN STEP	2026-10-02T10:29:55.6544121Z Removing credentials config '/home/runner/work/_temp/git-credentials-<uuid>.config'
What the Diff Touches	UNKNOWN STEP	2026-10-02T10:29:55.6760389Z Evaluate and set job outputs
What the Diff Touches	UNKNOWN STEP	2026-10-02T10:29:55.6770115Z Cleaning up orphan processes
Real Worker	UNKNOWN STEP	2026-10-02T10:29:52.3040321Z Current runner version: '2.337.0'
Real Worker	UNKNOWN STEP	2026-10-02T10:29:52.3057546Z ##[group]Runner Image Provisioner
Real Worker	UNKNOWN STEP	2026-10-02T10:29:52.3058094Z Hosted Compute Agent
Real Worker	UNKNOWN STEP	2026-10-02T10:29:52.3058436Z Version: 20260901.588
Real Worker	UNKNOWN STEP	2026-10-02T10:29:52.3058908Z Commit: <hex>
Real Worker	UNKNOWN STEP	2026-10-02T10:29:52.3059341Z Build Date: 2026-09-01T19:56:44Z
Real Worker	UNKNOWN STEP	2026-10-02T10:29:52.3059769Z Worker ID: {<uuid>}
Real Worker	UNKNOWN STEP	2026-10-02T10:29:52.3060200Z Azure Region: centralus
Real Worker	UNKNOWN STEP	2026-10-02T10:29:52.3060564Z ##[endgroup]
Real Worker	UNKNOWN STEP	2026-10-02T10:29:52.3061369Z ##[group]Operating System
Real Worker	UNKNOWN STEP	2026-10-02T10:29:52.3061724Z Ubuntu
Real Worker	UNKNOWN STEP	2026-10-02T10:29:52.3062068Z 24.04.5
Real Worker	UNKNOWN STEP	2026-10-02T10:29:52.3062522Z LTS
Real Worker	UNKNOWN STEP	2026-10-02T10:29:52.3062837Z ##[endgroup]
Real Worker	UNKNOWN STEP	2026-10-02T10:29:52.3063234Z ##[group]Runner Image
Real Worker	UNKNOWN STEP	2026-10-02T10:29:52.3063586Z Image: ubuntu-24.04
Real Worker	UNKNOWN STEP	2026-10-02T10:29:52.3063915Z Version: 20260927.320.1
Real Worker	UNKNOWN STEP	2026-10-02T10:29:52.3064709Z Included Software: https://github.com/actions/runner-images/blob/ubuntu24/20260927.320/images/ubuntu/Ubuntu2404-Readme.md
Real Worker	UNKNOWN STEP	2026-10-02T10:29:52.3065643Z Image Release: https://github.com/actions/runner-images/releases/tag/ubuntu24%2F20260927.320
Real Worker	UNKNOWN STEP	2026-10-02T10:29:52.3066202Z ##[endgroup]
Real Worker	UNKNOWN STEP	2026-10-02T10:29:52.3066900Z ##[group]GITHUB_TOKEN Permissions
Real Worker	UNKNOWN STEP	2026-10-02T10:29:52.3068050Z Contents: read
Real Worker	UNKNOWN STEP	2026-10-02T10:29:52.3068503Z Metadata: read
Real Worker	UNKNOWN STEP	2026-10-02T10:29:52.3068851Z ##[endgroup]
Real Worker	UNKNOWN STEP	2026-10-02T10:29:52.3070151Z Secret source: Actions
Real Worker	UNKNOWN STEP	2026-10-02T10:29:52.3070732Z Cache mode: write
Real Worker	UNKNOWN STEP	2026-10-02T10:29:52.3071146Z Prepare workflow directory
Real Worker	UNKNOWN STEP	2026-10-02T10:29:52.3324018Z Prepare all required actions
Real Worker	UNKNOWN STEP	2026-10-02T10:29:52.3356095Z Getting action download info
Real Worker	UNKNOWN STEP	2026-10-02T10:29:52.5871343Z Download action repository 'actions/checkout@v7' (SHA:<hex>)
Real Worker	UNKNOWN STEP	2026-10-02T10:29:52.6586406Z Download action repository 'oven-sh/setup-bun@v2' (SHA:<hex>)
Real Worker	UNKNOWN STEP	2026-10-02T10:29:53.1412681Z Complete job name: Real Worker
Real Worker	UNKNOWN STEP	2026-10-02T10:29:53.1851743Z ##[group]Run actions/checkout@v7
Real Worker	UNKNOWN STEP	2026-10-02T10:29:53.1852162Z with:
Real Worker	UNKNOWN STEP	2026-10-02T10:29:53.1852535Z   repository: <org>/drangler
Real Worker	UNKNOWN STEP	2026-10-02T10:29:53.1854708Z   token: ***
Real Worker	UNKNOWN STEP	2026-10-02T10:29:53.1854948Z   ssh-strict: true
Real Worker	UNKNOWN STEP	2026-10-02T10:29:53.1855191Z   ssh-user: git
Real Worker	UNKNOWN STEP	2026-10-02T10:29:53.1855444Z   persist-credentials: true
Real Worker	UNKNOWN STEP	2026-10-02T10:29:53.1855714Z   clean: true
Real Worker	UNKNOWN STEP	2026-10-02T10:29:53.1855962Z   sparse-checkout-cone-mode: true
Real Worker	UNKNOWN STEP	2026-10-02T10:29:53.1856250Z   fetch-depth: 1
Real Worker	UNKNOWN STEP	2026-10-02T10:29:53.1856489Z   fetch-tags: false
Real Worker	UNKNOWN STEP	2026-10-02T10:29:53.1856736Z   show-progress: true
Real Worker	UNKNOWN STEP	2026-10-02T10:29:53.1856985Z   lfs: false
Real Worker	UNKNOWN STEP	2026-10-02T10:29:53.1857214Z   submodules: false
Real Worker	UNKNOWN STEP	2026-10-02T10:29:53.1857460Z   set-safe-directory: true
Real Worker	UNKNOWN STEP	2026-10-02T10:29:53.1857737Z   allow-unsafe-pr-checkout: false
Real Worker	UNKNOWN STEP	2026-10-02T10:29:53.1858083Z env:
Real Worker	UNKNOWN STEP	2026-10-02T10:29:53.1858302Z   REQUIRE_CLONE: 1
Real Worker	UNKNOWN STEP	2026-10-02T10:29:53.1858539Z   REQUIRE_WORKER: 1
Real Worker	UNKNOWN STEP	2026-10-02T10:29:53.1858774Z ##[endgroup]
Real Worker	UNKNOWN STEP	2026-10-02T10:29:53.2508357Z Syncing repository: <org>/drangler
Real Worker	UNKNOWN STEP	2026-10-02T10:29:53.2509656Z ##[group]Getting Git version info
Real Worker	UNKNOWN STEP	2026-10-02T10:29:53.2510068Z Working directory is '/home/runner/work/drangler/drangler'
Real Worker	UNKNOWN STEP	2026-10-02T10:29:53.2510656Z [command]/usr/bin/git version
Real Worker	UNKNOWN STEP	2026-10-02T10:29:53.2581882Z git version 2.55.0
Real Worker	UNKNOWN STEP	2026-10-02T10:29:53.2612508Z ##[endgroup]
Real Worker	UNKNOWN STEP	2026-10-02T10:29:53.2620884Z Temporarily overriding HOME='/home/runner/work/_temp/<uuid>' before making global git config changes
Real Worker	UNKNOWN STEP	2026-10-02T10:29:53.2622238Z Adding repository directory to the temporary git global config as a safe directory
Real Worker	UNKNOWN STEP	2026-10-02T10:29:53.2623508Z [command]/usr/bin/git config --global --add safe.directory /home/runner/work/drangler/drangler
Real Worker	UNKNOWN STEP	2026-10-02T10:29:53.2656596Z Deleting the contents of '/home/runner/work/drangler/drangler'
Real Worker	UNKNOWN STEP	2026-10-02T10:29:53.2659672Z ##[group]Determining repository object format
Real Worker	UNKNOWN STEP	2026-10-02T10:29:53.2660722Z ##[endgroup]
Real Worker	UNKNOWN STEP	2026-10-02T10:29:53.2661274Z ##[group]Initializing the repository
Real Worker	UNKNOWN STEP	2026-10-02T10:29:53.2664234Z [command]/usr/bin/git init /home/runner/work/drangler/drangler
Real Worker	UNKNOWN STEP	2026-10-02T10:29:53.2761520Z hint: Using 'master' as the name for the initial branch. This default branch name
Real Worker	UNKNOWN STEP	2026-10-02T10:29:53.2762506Z hint: will change to "main" in Git 3.0. To configure the initial branch name
Real Worker	UNKNOWN STEP	2026-10-02T10:29:53.2763438Z hint: to use in all of your new repositories, which will suppress this warning,
Real Worker	UNKNOWN STEP	2026-10-02T10:29:53.2763951Z hint: call:
Real Worker	UNKNOWN STEP	2026-10-02T10:29:53.2764213Z hint:
Real Worker	UNKNOWN STEP	2026-10-02T10:29:53.2764515Z hint: 	git config --global init.defaultBranch <name>
Real Worker	UNKNOWN STEP	2026-10-02T10:29:53.2764865Z hint:
Real Worker	UNKNOWN STEP	2026-10-02T10:29:53.2765184Z hint: Names commonly chosen instead of 'master' are 'main', 'trunk' and
Real Worker	UNKNOWN STEP	2026-10-02T10:29:53.2765687Z hint: 'development'. The just-created branch can be renamed via this command:
Real Worker	UNKNOWN STEP	2026-10-02T10:29:53.2766079Z hint:
Real Worker	UNKNOWN STEP	2026-10-02T10:29:53.2766304Z hint: 	git branch -m <name>
Real Worker	UNKNOWN STEP	2026-10-02T10:29:53.2766558Z hint:
Real Worker	UNKNOWN STEP	2026-10-02T10:29:53.2766921Z hint: Disable this message with "git config set advice.defaultBranchName false"
Real Worker	UNKNOWN STEP	2026-10-02T10:29:53.2770815Z Initialized empty Git repository in /home/runner/work/drangler/drangler/.git/
Real Worker	UNKNOWN STEP	2026-10-02T10:29:53.2777547Z [command]/usr/bin/git remote add origin https://github.com/<org>/drangler
Real Worker	UNKNOWN STEP	2026-10-02T10:29:53.2825284Z ##[endgroup]
Real Worker	UNKNOWN STEP	2026-10-02T10:29:53.2825953Z ##[group]Disabling automatic garbage collection
Real Worker	UNKNOWN STEP	2026-10-02T10:29:53.2828290Z [command]/usr/bin/git config --local gc.auto 0
Real Worker	UNKNOWN STEP	2026-10-02T10:29:53.2862614Z ##[endgroup]
Real Worker	UNKNOWN STEP	2026-10-02T10:29:53.2863309Z ##[group]Setting up auth
Real Worker	UNKNOWN STEP	2026-10-02T10:29:53.2863880Z Removing SSH command configuration
Real Worker	UNKNOWN STEP	2026-10-02T10:29:53.2873648Z [command]/usr/bin/git config --local --name-only --get-regexp core\.sshCommand
Real Worker	UNKNOWN STEP	2026-10-02T10:29:53.2911394Z [command]/usr/bin/git submodule foreach --recursive sh -c "git config --local --name-only --get-regexp 'core\.sshCommand' && git config --local --unset-all 'core.sshCommand' || :"
Real Worker	UNKNOWN STEP	2026-10-02T10:29:53.3209380Z Removing HTTP extra header
Real Worker	UNKNOWN STEP	2026-10-02T10:29:53.3215252Z [command]/usr/bin/git config --local --name-only --get-regexp http\.https\:\/\/github\.com\/\.extraheader
Real Worker	UNKNOWN STEP	2026-10-02T10:29:53.3243972Z [command]/usr/bin/git submodule foreach --recursive sh -c "git config --local --name-only --get-regexp 'http\.https\:\/\/github\.com\/\.extraheader' && git config --local --unset-all 'http.https://github.com/.extraheader' || :"
Real Worker	UNKNOWN STEP	2026-10-02T10:29:53.3420291Z Removing includeIf entries pointing to credentials config files
Real Worker	UNKNOWN STEP	2026-10-02T10:29:53.3425759Z [command]/usr/bin/git config --local --name-only --get-regexp ^includeIf\.gitdir:
Real Worker	UNKNOWN STEP	2026-10-02T10:29:53.3464952Z [command]/usr/bin/git submodule foreach --recursive git config --local --show-origin --name-only --get-regexp remote.origin.url
Real Worker	UNKNOWN STEP	2026-10-02T10:29:53.3663048Z [command]/usr/bin/git config --file /home/runner/work/_temp/git-credentials-<uuid>.config http.https://github.com/.extraheader AUTHORIZATION: basic ***
Real Worker	UNKNOWN STEP	2026-10-02T10:29:53.3698740Z [command]/usr/bin/git config --local includeIf.gitdir:/home/runner/work/drangler/drangler/.git.path /home/runner/work/_temp/git-credentials-<uuid>.config
Real Worker	UNKNOWN STEP	2026-10-02T10:29:53.3730083Z [command]/usr/bin/git config --local includeIf.gitdir:/home/runner/work/drangler/drangler/.git/worktrees/*.path /home/runner/work/_temp/git-credentials-<uuid>.config
Real Worker	UNKNOWN STEP	2026-10-02T10:29:53.3765200Z [command]/usr/bin/git config --local includeIf.gitdir:/github/workspace/.git.path /github/runner_temp/git-credentials-<uuid>.config
Real Worker	UNKNOWN STEP	2026-10-02T10:29:53.3795898Z [command]/usr/bin/git config --local includeIf.gitdir:/github/workspace/.git/worktrees/*.path /github/runner_temp/git-credentials-<uuid>.config
Real Worker	UNKNOWN STEP	2026-10-02T10:29:53.3823247Z ##[endgroup]
Real Worker	UNKNOWN STEP	2026-10-02T10:29:53.3823661Z ##[group]Fetching the repository
Real Worker	UNKNOWN STEP	2026-10-02T10:29:53.3827938Z [command]/usr/bin/git -c protocol.version=2 fetch --no-tags --prune --no-recurse-submodules --depth=1 origin +df6dce4b00d66439e0c1258c862da36342a7488a:refs/remotes/origin/master
Real Worker	UNKNOWN STEP	2026-10-02T10:29:53.9456313Z From https://github.com/<org>/drangler
Real Worker	UNKNOWN STEP	2026-10-02T10:29:53.9457407Z  * [new ref]         df6dce4b00d66439e0c1258c862da36342a7488a -> origin/master
Real Worker	UNKNOWN STEP	2026-10-02T10:29:53.9463477Z [command]/usr/bin/git branch --list --remote origin/master
Real Worker	UNKNOWN STEP	2026-10-02T10:29:53.9488489Z   origin/master
Real Worker	UNKNOWN STEP	2026-10-02T10:29:53.9494442Z [command]/usr/bin/git rev-parse refs/remotes/origin/master
Real Worker	UNKNOWN STEP	2026-10-02T10:29:53.9516300Z df6dce4b00d66439e0c1258c862da36342a7488a
Real Worker	UNKNOWN STEP	2026-10-02T10:29:53.9519891Z ##[endgroup]
Real Worker	UNKNOWN STEP	2026-10-02T10:29:53.9520664Z ##[group]Determining the checkout info
Real Worker	UNKNOWN STEP	2026-10-02T10:29:53.9521463Z ##[endgroup]
Real Worker	UNKNOWN STEP	2026-10-02T10:29:53.9523498Z [command]/usr/bin/git sparse-checkout disable
Real Worker	UNKNOWN STEP	2026-10-02T10:29:53.9569167Z [command]/usr/bin/git config --local --unset-all extensions.worktreeConfig
Real Worker	UNKNOWN STEP	2026-10-02T10:29:53.9600202Z ##[group]Checking out the ref
Real Worker	UNKNOWN STEP	2026-10-02T10:29:53.9601651Z [command]/usr/bin/git checkout --progress --force -B master refs/remotes/origin/master
Real Worker	UNKNOWN STEP	2026-10-02T10:29:53.9750398Z Reset branch 'master'
Real Worker	UNKNOWN STEP	2026-10-02T10:29:53.9755689Z branch 'master' set up to track 'origin/master'.
Real Worker	UNKNOWN STEP	2026-10-02T10:29:53.9760810Z ##[endgroup]
Real Worker	UNKNOWN STEP	2026-10-02T10:29:53.9796331Z [command]/usr/bin/git log -1 --format=%H
Real Worker	UNKNOWN STEP	2026-10-02T10:29:53.9820336Z df6dce4b00d66439e0c1258c862da36342a7488a
Real Worker	UNKNOWN STEP	2026-10-02T10:29:54.0050133Z ##[group]Run oven-sh/setup-bun@v2
Real Worker	UNKNOWN STEP	2026-10-02T10:29:54.0050779Z with:
Real Worker	UNKNOWN STEP	2026-10-02T10:29:54.0051256Z   bun-version: latest
Real Worker	UNKNOWN STEP	2026-10-02T10:29:54.0051793Z   no-cache: false
Real Worker	UNKNOWN STEP	2026-10-02T10:29:54.0057156Z   token: ***
Real Worker	UNKNOWN STEP	2026-10-02T10:29:54.0057638Z env:
Real Worker	UNKNOWN STEP	2026-10-02T10:29:54.0058095Z   REQUIRE_CLONE: 1
Real Worker	UNKNOWN STEP	2026-10-02T10:29:54.0058616Z   REQUIRE_WORKER: 1
Real Worker	UNKNOWN STEP	2026-10-02T10:29:54.0059128Z ##[endgroup]
Real Worker	UNKNOWN STEP	2026-10-02T10:29:54.4759251Z Downloading a new version of Bun: https://github.com/oven-sh/bun/releases/download/bun-v1.4.2/bun-linux-x64.zip
Real Worker	UNKNOWN STEP	2026-10-02T10:29:54.7842008Z [command]/usr/bin/unzip -o -q /home/runner/work/_temp/<uuid>.zip
Real Worker	UNKNOWN STEP	2026-10-02T10:29:55.2477918Z [command]/home/runner/.bun/bin/bun --revision
Real Worker	UNKNOWN STEP	2026-10-02T10:29:55.2521955Z 1.4.2+744846f84
Real Worker	UNKNOWN STEP	2026-10-02T10:29:55.2658948Z ##[group]Run bun install --frozen-lockfile
Real Worker	UNKNOWN STEP	2026-10-02T10:29:55.2659310Z ^[[36;1mbun install --frozen-lockfile^[[0m
Real Worker	UNKNOWN STEP	2026-10-02T10:29:55.2881459Z shell: /usr/bin/bash -e {0}
Real Worker	UNKNOWN STEP	2026-10-02T10:29:55.2881655Z env:
Real Worker	UNKNOWN STEP	2026-10-02T10:29:55.2881796Z   REQUIRE_CLONE: 1
Real Worker	UNKNOWN STEP	2026-10-02T10:29:55.2881946Z   REQUIRE_WORKER: 1
Real Worker	UNKNOWN STEP	2026-10-02T10:29:55.2882100Z ##[endgroup]
Real Worker	UNKNOWN STEP	2026-10-02T10:29:55.3034607Z bun install v1.4.2 (744846f84)
Real Worker	UNKNOWN STEP	2026-10-02T10:29:56.0531799Z 
Real Worker	UNKNOWN STEP	2026-10-02T10:29:56.0532332Z $ husky
Real Worker	UNKNOWN STEP	2026-10-02T10:29:56.0853262Z 
Real Worker	UNKNOWN STEP	2026-10-02T10:29:56.0854068Z + @cloudflare/workers-types@5.20260815.1
Real Worker	UNKNOWN STEP	2026-10-02T10:29:56.0854397Z + @types/node@26.2.0
Real Worker	UNKNOWN STEP	2026-10-02T10:29:56.0854621Z + @vitest/coverage-v8@4.1.10
Real Worker	UNKNOWN STEP	2026-10-02T10:29:56.0854828Z + husky@9.1.7
Real Worker	UNKNOWN STEP	2026-10-02T10:29:56.0855022Z + lint-staged@17.3.0
Real Worker	UNKNOWN STEP	2026-10-02T10:29:56.0855208Z + prettier@3.9.6
Real Worker	UNKNOWN STEP	2026-10-02T10:29:56.0855421Z + prettier-plugin-organize-imports@4.3.0
Real Worker	UNKNOWN STEP	2026-10-02T10:29:56.0855673Z + prettier-plugin-sh@0.20.2
Real Worker	UNKNOWN STEP	2026-10-02T10:29:56.0855870Z + typedoc@0.28.20
Real Worker	UNKNOWN STEP	2026-10-02T10:29:56.0856109Z + typescript@5.9.3
Real Worker	UNKNOWN STEP	2026-10-02T10:29:56.0856290Z + vitest@4.1.10
Real Worker	UNKNOWN STEP	2026-10-02T10:29:56.0856455Z + wrangler@4.146.0
Real Worker	UNKNOWN STEP	2026-10-02T10:29:56.0856635Z + <private-pkg>@0.2.0
Real Worker	UNKNOWN STEP	2026-10-02T10:29:56.0856890Z + @napi-rs/keyring@2.1.0
Real Worker	UNKNOWN STEP	2026-10-02T10:29:56.0857074Z + commander@15.0.0
Real Worker	UNKNOWN STEP	2026-10-02T10:29:56.0857175Z 
Real Worker	UNKNOWN STEP	2026-10-02T10:29:56.0857269Z 137 packages installed [782.00ms]
Real Worker	UNKNOWN STEP	2026-10-02T10:29:56.0908369Z ##[group]Run bunx vitest run --project=e2e tests/e2e/heal-real.spec.ts tests/e2e/heal.spec.ts
Real Worker	UNKNOWN STEP	2026-10-02T10:29:56.0908762Z ^[[36;1mbunx vitest run --project=e2e tests/e2e/heal-real.spec.ts tests/e2e/heal.spec.ts^[[0m
Real Worker	UNKNOWN STEP	2026-10-02T10:29:56.0964592Z shell: /usr/bin/bash -e {0}
Real Worker	UNKNOWN STEP	2026-10-02T10:29:56.0964738Z env:
Real Worker	UNKNOWN STEP	2026-10-02T10:29:56.0964873Z   REQUIRE_CLONE: 1
Real Worker	UNKNOWN STEP	2026-10-02T10:29:56.0964985Z   REQUIRE_WORKER: 1
Real Worker	UNKNOWN STEP	2026-10-02T10:29:56.0965096Z ##[endgroup]
Real Worker	UNKNOWN STEP	2026-10-02T10:29:56.3225039Z 
Real Worker	UNKNOWN STEP	2026-10-02T10:29:56.3226954Z ^[[1m^[[30m^[[46m RUN ^[[49m^[[39m^[[22m ^[[36mv4.1.10 ^[[39m^[[90m/home/runner/work/drangler/drangler^[[39m
Real Worker	UNKNOWN STEP	2026-10-02T10:29:56.3227331Z 
Real Worker	UNKNOWN STEP	2026-10-02T10:29:58.0133019Z  ^[[32m✓^[[39m ^[[30m^[[45m e2e ^[[49m^[[39m tests/e2e/heal.spec.ts ^[[2m(^[[22m^[[2m7 tests^[[22m^[[2m)^[[22m^[[33m 1429^[[2mms^[[22m^[[39m
Real Worker	UNKNOWN STEP	2026-10-02T10:29:59.0036283Z Cloning into '/tmp/drangler-e2e-heal-PHaSVO/worker'...
Real Worker	UNKNOWN STEP	2026-10-02T10:30:00.0980784Z bun install v1.4.2 (744846f84)
Real Worker	UNKNOWN STEP	2026-10-02T10:30:00.9227829Z 
Real Worker	UNKNOWN STEP	2026-10-02T10:30:00.9228590Z $ bun scripts/gen-lock-versions.ts && bun scripts/restore-artifacts.ts
Real Worker	UNKNOWN STEP	2026-10-02T10:30:00.9313589Z {
Real Worker	UNKNOWN STEP	2026-10-02T10:30:00.9313775Z   "packages": 76,
Real Worker	UNKNOWN STEP	2026-10-02T10:30:00.9313915Z   "virtual": 37,
Real Worker	UNKNOWN STEP	2026-10-02T10:30:00.9314032Z   "core": "11.4.7",
Real Worker	UNKNOWN STEP	2026-10-02T10:30:00.9314147Z   "bytes": 4562
Real Worker	UNKNOWN STEP	2026-10-02T10:30:00.9314255Z }
Real Worker	UNKNOWN STEP	2026-10-02T10:30:01.3339408Z restore-artifacts: .interp/php8.5.wasm (13401742 bytes, sha256 verified)
Real Worker	UNKNOWN STEP	2026-10-02T10:30:01.4602663Z restore-artifacts: .interp/php8.5-worker.mjs (876467 bytes, sha256 verified)
Real Worker	UNKNOWN STEP	2026-10-02T10:30:01.6850460Z restore-artifacts: tuned glue -> /tmp/drangler-e2e-heal-PHaSVO/worker/.interp/php8.5-worker.tuned.mjs
Real Worker	UNKNOWN STEP	2026-10-02T10:30:01.7014185Z restore-artifacts: tuned interpreter -> /tmp/drangler-e2e-heal-PHaSVO/worker/.interp/php8.5.tuned.wasm (64 MiB)
Real Worker	UNKNOWN STEP	2026-10-02T10:30:01.7014747Z restore-artifacts: 2 downloaded, 0 already current
Real Worker	UNKNOWN STEP	2026-10-02T10:30:01.7054636Z $ husky
Real Worker	UNKNOWN STEP	2026-10-02T10:30:01.7330557Z 
Real Worker	UNKNOWN STEP	2026-10-02T10:30:01.7330863Z + @cloudflare/containers@0.3.7
Real Worker	UNKNOWN STEP	2026-10-02T10:30:01.7331190Z + @cloudflare/vitest-pool-workers@0.22.0
Real Worker	UNKNOWN STEP	2026-10-02T10:30:01.7331362Z + @cloudflare/workers-types@5.20260829.1
Real Worker	UNKNOWN STEP	2026-10-02T10:30:01.7331515Z + @playwright/test@1.62.1
Real Worker	UNKNOWN STEP	2026-10-02T10:30:01.7331657Z + @prettier/plugin-php@0.25.0
Real Worker	UNKNOWN STEP	2026-10-02T10:30:01.7331792Z + @types/bun@1.4.0
Real Worker	UNKNOWN STEP	2026-10-02T10:30:01.7331919Z + @types/pg@8.23.1
Real Worker	UNKNOWN STEP	2026-10-02T10:30:01.7332046Z + @vitest/coverage-istanbul@4.1.11
Real Worker	UNKNOWN STEP	2026-10-02T10:30:01.7332185Z + husky@9.1.7
Real Worker	UNKNOWN STEP	2026-10-02T10:30:01.7332296Z + lint-staged@17.4.1
Real Worker	UNKNOWN STEP	2026-10-02T10:30:01.7332551Z + marked@18.0.14
Real Worker	UNKNOWN STEP	2026-10-02T10:30:01.7332699Z + marked-gfm-heading-id@4.1.4
Real Worker	UNKNOWN STEP	2026-10-02T10:30:01.7332832Z + prettier@3.9.6
Real Worker	UNKNOWN STEP	2026-10-02T10:30:01.7332964Z + prettier-plugin-organize-imports@4.3.0
Real Worker	UNKNOWN STEP	2026-10-02T10:30:01.7333132Z + prettier-plugin-sh@0.20.2
Real Worker	UNKNOWN STEP	2026-10-02T10:30:01.7333258Z + shiki@4.4.3
Real Worker	UNKNOWN STEP	2026-10-02T10:30:01.7333365Z + typedoc@0.28.20
Real Worker	UNKNOWN STEP	2026-10-02T10:30:01.7333500Z + typescript@5.9.3
Real Worker	UNKNOWN STEP	2026-10-02T10:30:01.7333611Z + vitest@4.1.11
Real Worker	UNKNOWN STEP	2026-10-02T10:30:01.7333719Z + wrangler@4.127.1
Real Worker	UNKNOWN STEP	2026-10-02T10:30:01.7333828Z + yaml@2.9.1
Real Worker	UNKNOWN STEP	2026-10-02T10:30:01.7333938Z + <private-pkg>@1.1.1
Real Worker	UNKNOWN STEP	2026-10-02T10:30:01.7334069Z + <private-pkg>@0.3.1
Real Worker	UNKNOWN STEP	2026-10-02T10:30:01.7334199Z + <private-pkg>@0.1.4
Real Worker	UNKNOWN STEP	2026-10-02T10:30:01.7334326Z + <private-pkg>@0.1.0
Real Worker	UNKNOWN STEP	2026-10-02T10:30:01.7334451Z + @<user>/tinyimg@1.1.0
Real Worker	UNKNOWN STEP	2026-10-02T10:30:01.7334578Z + @noble/ciphers@2.4.0
Real Worker	UNKNOWN STEP	2026-10-02T10:30:01.7334695Z + @noble/hashes@2.4.0
Real Worker	UNKNOWN STEP	2026-10-02T10:30:01.7334809Z + blakejs@1.2.1
Real Worker	UNKNOWN STEP	2026-10-02T10:30:01.7334918Z + edgeport@1.0.6
Real Worker	UNKNOWN STEP	2026-10-02T10:30:01.7335025Z + fflate@0.8.3
Real Worker	UNKNOWN STEP	2026-10-02T10:30:01.7335129Z + fzstd@0.1.1
Real Worker	UNKNOWN STEP	2026-10-02T10:30:01.7335231Z + mysql2@3.24.4
Real Worker	UNKNOWN STEP	2026-10-02T10:30:01.7335336Z + pg@8.23.0
Real Worker	UNKNOWN STEP	2026-10-02T10:30:01.7335439Z + php-wasm@0.1.0
Real Worker	UNKNOWN STEP	2026-10-02T10:30:01.7335510Z 
Real Worker	UNKNOWN STEP	2026-10-02T10:30:01.7398231Z $ bun scripts/hydrate.ts
Real Worker	UNKNOWN STEP	2026-10-02T10:30:01.7398532Z 260 packages installed [1.64s]
Real Worker	UNKNOWN STEP	2026-10-02T10:30:02.1241075Z fetching https://<host>/payloads/v1.0.3/<org>-worker-1.0.3.tar.gz (cdn)
Real Worker	UNKNOWN STEP	2026-10-02T10:30:02.5515830Z tarball sha256 <hex> matches SHA256SUMS
Real Worker	UNKNOWN STEP	2026-10-02T10:30:03.3518432Z hydrate: kept 2 tracked file(s) the repository owns: assets/robots.txt, assets/driver.json
Real Worker	UNKNOWN STEP	2026-10-02T10:30:03.3518858Z hydrated 4583 files, 52473986 bytes, from 1.0.3 (d633a47)
Real Worker	UNKNOWN STEP	2026-10-02T10:30:03.3519213Z interpreter: .interp/php8.5-worker.tuned.mjs, .interp/php8.5.tuned.wasm
Real Worker	UNKNOWN STEP	2026-10-02T10:30:03.3519586Z the tree is deployable now: bunx wrangler deploy -c wrangler.jsonc
Real Worker	UNKNOWN STEP	2026-10-02T10:30:18.1747370Z  ^[[32m✓^[[39m ^[[30m^[[45m e2e ^[[49m^[[39m tests/e2e/heal-real.spec.ts ^[[2m(^[[22m^[[2m4 tests^[[22m^[[2m)^[[22m^[[33m 19175^[[2mms^[[22m^[[39m
Real Worker	UNKNOWN STEP	2026-10-02T10:30:18.1748205Z      ^[[33m^[[2m✓^[[22m^[[39m sets no degradation headers on a site that is not shedding load ^[[33m 1085^[[2mms^[[22m^[[39m
Real Worker	UNKNOWN STEP	2026-10-02T10:30:18.1792804Z 
Real Worker	UNKNOWN STEP	2026-10-02T10:30:18.1796622Z ^[[2m Test Files ^[[22m ^[[1m^[[32m2 passed^[[39m^[[22m^[[90m (2)^[[39m
Real Worker	UNKNOWN STEP	2026-10-02T10:30:18.1818878Z ^[[2m      Tests ^[[22m ^[[1m^[[32m11 passed^[[39m^[[22m^[[90m (11)^[[39m
Real Worker	UNKNOWN STEP	2026-10-02T10:30:18.1819435Z ^[[2m   Start at ^[[22m 10:29:56
Real Worker	UNKNOWN STEP	2026-10-02T10:30:18.1819984Z ^[[2m   Duration ^[[22m 21.85s^[[2m (transform 161ms, setup 0ms, import 1.09s, tests 20.60s, environment 0ms)^[[22m
Real Worker	UNKNOWN STEP	2026-10-02T10:30:18.1820308Z 
Real Worker	UNKNOWN STEP	2026-10-02T10:30:18.1991117Z Post job cleanup.
Real Worker	UNKNOWN STEP	2026-10-02T10:30:18.3132807Z Post job cleanup.
Real Worker	UNKNOWN STEP	2026-10-02T10:30:18.3707441Z [command]/usr/bin/git version
Real Worker	UNKNOWN STEP	2026-10-02T10:30:18.3744631Z git version 2.55.0
Real Worker	UNKNOWN STEP	2026-10-02T10:30:18.3766443Z Temporarily overriding HOME='/home/runner/work/_temp/<uuid>' before making global git config changes
Real Worker	UNKNOWN STEP	2026-10-02T10:30:18.3767138Z Adding repository directory to the temporary git global config as a safe directory
Real Worker	UNKNOWN STEP	2026-10-02T10:30:18.3769499Z [command]/usr/bin/git config --global --add safe.directory /home/runner/work/drangler/drangler
Real Worker	UNKNOWN STEP	2026-10-02T10:30:18.3796586Z Removing SSH command configuration
Real Worker	UNKNOWN STEP	2026-10-02T10:30:18.3800844Z [command]/usr/bin/git config --local --name-only --get-regexp core\.sshCommand
Real Worker	UNKNOWN STEP	2026-10-02T10:30:18.3832246Z [command]/usr/bin/git submodule foreach --recursive sh -c "git config --local --name-only --get-regexp 'core\.sshCommand' && git config --local --unset-all 'core.sshCommand' || :"
Real Worker	UNKNOWN STEP	2026-10-02T10:30:18.4030275Z Removing HTTP extra header
Real Worker	UNKNOWN STEP	2026-10-02T10:30:18.4035792Z [command]/usr/bin/git config --local --name-only --get-regexp http\.https\:\/\/github\.com\/\.extraheader
Real Worker	UNKNOWN STEP	2026-10-02T10:30:18.4065752Z [command]/usr/bin/git submodule foreach --recursive sh -c "git config --local --name-only --get-regexp 'http\.https\:\/\/github\.com\/\.extraheader' && git config --local --unset-all 'http.https://github.com/.extraheader' || :"
Real Worker	UNKNOWN STEP	2026-10-02T10:30:18.4253957Z Removing includeIf entries pointing to credentials config files
Real Worker	UNKNOWN STEP	2026-10-02T10:30:18.4259816Z [command]/usr/bin/git config --local --name-only --get-regexp ^includeIf\.gitdir:
Real Worker	UNKNOWN STEP	2026-10-02T10:30:18.4286770Z includeif.gitdir:/home/runner/work/drangler/drangler/.git.path
Real Worker	UNKNOWN STEP	2026-10-02T10:30:18.4287191Z includeif.gitdir:/home/runner/work/drangler/drangler/.git/worktrees/*.path
Real Worker	UNKNOWN STEP	2026-10-02T10:30:18.4287549Z includeif.gitdir:/github/workspace/.git.path
Real Worker	UNKNOWN STEP	2026-10-02T10:30:18.4287843Z includeif.gitdir:/github/workspace/.git/worktrees/*.path
Real Worker	UNKNOWN STEP	2026-10-02T10:30:18.4293255Z [command]/usr/bin/git config --local --get-all includeif.gitdir:/home/runner/work/drangler/drangler/.git.path
Real Worker	UNKNOWN STEP	2026-10-02T10:30:18.4314686Z /home/runner/work/_temp/git-credentials-<uuid>.config
Real Worker	UNKNOWN STEP	2026-10-02T10:30:18.4321525Z [command]/usr/bin/git config --local --unset includeif.gitdir:/home/runner/work/drangler/drangler/.git.path \/home\/runner\/work\/_temp\/git\-credentials\-<uuid>\.config
Real Worker	UNKNOWN STEP	2026-10-02T10:30:18.4354448Z [command]/usr/bin/git config --local --get-all includeif.gitdir:/home/runner/work/drangler/drangler/.git/worktrees/*.path
Real Worker	UNKNOWN STEP	2026-10-02T10:30:18.4376350Z /home/runner/work/_temp/git-credentials-<uuid>.config
Real Worker	UNKNOWN STEP	2026-10-02T10:30:18.4382104Z [command]/usr/bin/git config --local --unset includeif.gitdir:/home/runner/work/drangler/drangler/.git/worktrees/*.path \/home\/runner\/work\/_temp\/git\-credentials\-<uuid>\.config
Real Worker	UNKNOWN STEP	2026-10-02T10:30:18.4416526Z [command]/usr/bin/git config --local --get-all includeif.gitdir:/github/workspace/.git.path
Real Worker	UNKNOWN STEP	2026-10-02T10:30:18.4438098Z /github/runner_temp/git-credentials-<uuid>.config
Real Worker	UNKNOWN STEP	2026-10-02T10:30:18.4443429Z [command]/usr/bin/git config --local --unset includeif.gitdir:/github/workspace/.git.path \/github\/runner_temp\/git\-credentials\-<uuid>\.config
Real Worker	UNKNOWN STEP	2026-10-02T10:30:18.4471750Z [command]/usr/bin/git config --local --get-all includeif.gitdir:/github/workspace/.git/worktrees/*.path
Real Worker	UNKNOWN STEP	2026-10-02T10:30:18.4492973Z /github/runner_temp/git-credentials-<uuid>.config
Real Worker	UNKNOWN STEP	2026-10-02T10:30:18.4498978Z [command]/usr/bin/git config --local --unset includeif.gitdir:/github/workspace/.git/worktrees/*.path \/github\/runner_temp\/git\-credentials\-<uuid>\.config
Real Worker	UNKNOWN STEP	2026-10-02T10:30:18.4528615Z [command]/usr/bin/git submodule foreach --recursive git config --local --show-origin --name-only --get-regexp remote.origin.url
Real Worker	UNKNOWN STEP	2026-10-02T10:30:18.4702797Z Removing credentials config '/home/runner/work/_temp/git-credentials-<uuid>.config'
Real Worker	UNKNOWN STEP	2026-10-02T10:30:18.4862250Z Cleaning up orphan processes
Live Clone	UNKNOWN STEP	2026-10-02T10:29:52.1686530Z Current runner version: '2.337.0'
Live Clone	UNKNOWN STEP	2026-10-02T10:29:52.1714208Z ##[group]Runner Image Provisioner
Live Clone	UNKNOWN STEP	2026-10-02T10:29:52.1715048Z Hosted Compute Agent
Live Clone	UNKNOWN STEP	2026-10-02T10:29:52.1715860Z Version: 20260901.588
Live Clone	UNKNOWN STEP	2026-10-02T10:29:52.1716524Z Commit: <hex>
Live Clone	UNKNOWN STEP	2026-10-02T10:29:52.1717340Z Build Date: 2026-09-01T19:56:44Z
Live Clone	UNKNOWN STEP	2026-10-02T10:29:52.1718061Z Worker ID: {<uuid>}
Live Clone	UNKNOWN STEP	2026-10-02T10:29:52.1718806Z Azure Region: eastus2
Live Clone	UNKNOWN STEP	2026-10-02T10:29:52.1719509Z ##[endgroup]
Live Clone	UNKNOWN STEP	2026-10-02T10:29:52.1720867Z ##[group]Operating System
Live Clone	UNKNOWN STEP	2026-10-02T10:29:52.1721559Z Ubuntu
Live Clone	UNKNOWN STEP	2026-10-02T10:29:52.1722407Z 24.04.5
Live Clone	UNKNOWN STEP	2026-10-02T10:29:52.1722954Z LTS
Live Clone	UNKNOWN STEP	2026-10-02T10:29:52.1723644Z ##[endgroup]
Live Clone	UNKNOWN STEP	2026-10-02T10:29:52.1724221Z ##[group]Runner Image
Live Clone	UNKNOWN STEP	2026-10-02T10:29:52.1724882Z Image: ubuntu-24.04
Live Clone	UNKNOWN STEP	2026-10-02T10:29:52.1725493Z Version: 20260927.320.1
Live Clone	UNKNOWN STEP	2026-10-02T10:29:52.1726860Z Included Software: https://github.com/actions/runner-images/blob/ubuntu24/20260927.320/images/ubuntu/Ubuntu2404-Readme.md
Live Clone	UNKNOWN STEP	2026-10-02T10:29:52.1728446Z Image Release: https://github.com/actions/runner-images/releases/tag/ubuntu24%2F20260927.320
Live Clone	UNKNOWN STEP	2026-10-02T10:29:52.1729462Z ##[endgroup]
Live Clone	UNKNOWN STEP	2026-10-02T10:29:52.1730626Z ##[group]GITHUB_TOKEN Permissions
Live Clone	UNKNOWN STEP	2026-10-02T10:29:52.1733235Z Contents: read
Live Clone	UNKNOWN STEP	2026-10-02T10:29:52.1733882Z Metadata: read
Live Clone	UNKNOWN STEP	2026-10-02T10:29:52.1734467Z ##[endgroup]
Live Clone	UNKNOWN STEP	2026-10-02T10:29:52.1736620Z Secret source: Actions
Live Clone	UNKNOWN STEP	2026-10-02T10:29:52.1737656Z Cache mode: write
Live Clone	UNKNOWN STEP	2026-10-02T10:29:52.1738472Z Prepare workflow directory
Live Clone	UNKNOWN STEP	2026-10-02T10:29:52.2283035Z Prepare all required actions
Live Clone	UNKNOWN STEP	2026-10-02T10:29:52.2349313Z Getting action download info
Live Clone	UNKNOWN STEP	2026-10-02T10:29:52.4581409Z Download action repository 'actions/checkout@v7' (SHA:<hex>)
Live Clone	UNKNOWN STEP	2026-10-02T10:29:52.5431650Z Download action repository 'oven-sh/setup-bun@v2' (SHA:<hex>)
Live Clone	UNKNOWN STEP	2026-10-02T10:29:52.8279696Z Complete job name: Live Clone
Live Clone	UNKNOWN STEP	2026-10-02T10:29:52.9005138Z ##[group]Run actions/checkout@v7
Live Clone	UNKNOWN STEP	2026-10-02T10:29:52.9005960Z with:
Live Clone	UNKNOWN STEP	2026-10-02T10:29:52.9006437Z   repository: <org>/drangler
Live Clone	UNKNOWN STEP	2026-10-02T10:29:52.9010199Z   token: ***
Live Clone	UNKNOWN STEP	2026-10-02T10:29:52.9010652Z   ssh-strict: true
Live Clone	UNKNOWN STEP	2026-10-02T10:29:52.9011114Z   ssh-user: git
Live Clone	UNKNOWN STEP	2026-10-02T10:29:52.9011578Z   persist-credentials: true
Live Clone	UNKNOWN STEP	2026-10-02T10:29:52.9012269Z   clean: true
Live Clone	UNKNOWN STEP	2026-10-02T10:29:52.9012729Z   sparse-checkout-cone-mode: true
Live Clone	UNKNOWN STEP	2026-10-02T10:29:52.9013256Z   fetch-depth: 1
Live Clone	UNKNOWN STEP	2026-10-02T10:29:52.9013687Z   fetch-tags: false
Live Clone	UNKNOWN STEP	2026-10-02T10:29:52.9014142Z   show-progress: true
Live Clone	UNKNOWN STEP	2026-10-02T10:29:52.9014591Z   lfs: false
Live Clone	UNKNOWN STEP	2026-10-02T10:29:52.9015020Z   submodules: false
Live Clone	UNKNOWN STEP	2026-10-02T10:29:52.9015483Z   set-safe-directory: true
Live Clone	UNKNOWN STEP	2026-10-02T10:29:52.9015998Z   allow-unsafe-pr-checkout: false
Live Clone	UNKNOWN STEP	2026-10-02T10:29:52.9016705Z env:
Live Clone	UNKNOWN STEP	2026-10-02T10:29:52.9017116Z   REQUIRE_CLONE: 1
Live Clone	UNKNOWN STEP	2026-10-02T10:29:52.9017551Z ##[endgroup]
Live Clone	UNKNOWN STEP	2026-10-02T10:29:53.0030613Z Syncing repository: <org>/drangler
Live Clone	UNKNOWN STEP	2026-10-02T10:29:53.0033516Z ##[group]Getting Git version info
Live Clone	UNKNOWN STEP	2026-10-02T10:29:53.0034626Z Working directory is '/home/runner/work/drangler/drangler'
Live Clone	UNKNOWN STEP	2026-10-02T10:29:53.0036222Z [command]/usr/bin/git version
Live Clone	UNKNOWN STEP	2026-10-02T10:29:53.0082491Z git version 2.55.0
Live Clone	UNKNOWN STEP	2026-10-02T10:29:53.0102340Z ##[endgroup]
Live Clone	UNKNOWN STEP	2026-10-02T10:29:53.0113015Z Temporarily overriding HOME='/home/runner/work/_temp/<uuid>' before making global git config changes
Live Clone	UNKNOWN STEP	2026-10-02T10:29:53.0115233Z Adding repository directory to the temporary git global config as a safe directory
Live Clone	UNKNOWN STEP	2026-10-02T10:29:53.0118815Z [command]/usr/bin/git config --global --add safe.directory /home/runner/work/drangler/drangler
Live Clone	UNKNOWN STEP	2026-10-02T10:29:53.0162778Z Deleting the contents of '/home/runner/work/drangler/drangler'
Live Clone	UNKNOWN STEP	2026-10-02T10:29:53.0166382Z ##[group]Determining repository object format
Live Clone	UNKNOWN STEP	2026-10-02T10:29:53.0167860Z ##[endgroup]
Live Clone	UNKNOWN STEP	2026-10-02T10:29:53.0169003Z ##[group]Initializing the repository
Live Clone	UNKNOWN STEP	2026-10-02T10:29:53.0172460Z [command]/usr/bin/git init /home/runner/work/drangler/drangler
Live Clone	UNKNOWN STEP	2026-10-02T10:29:53.0253059Z hint: Using 'master' as the name for the initial branch. This default branch name
Live Clone	UNKNOWN STEP	2026-10-02T10:29:53.0255040Z hint: will change to "main" in Git 3.0. To configure the initial branch name
Live Clone	UNKNOWN STEP	2026-10-02T10:29:53.0256123Z hint: to use in all of your new repositories, which will suppress this warning,
Live Clone	UNKNOWN STEP	2026-10-02T10:29:53.0256962Z hint: call:
Live Clone	UNKNOWN STEP	2026-10-02T10:29:53.0257376Z hint:
Live Clone	UNKNOWN STEP	2026-10-02T10:29:53.0257910Z hint: 	git config --global init.defaultBranch <name>
Live Clone	UNKNOWN STEP	2026-10-02T10:29:53.0258873Z hint:
Live Clone	UNKNOWN STEP	2026-10-02T10:29:53.0259757Z hint: Names commonly chosen instead of 'master' are 'main', 'trunk' and
Live Clone	UNKNOWN STEP	2026-10-02T10:29:53.0260815Z hint: 'development'. The just-created branch can be renamed via this command:
Live Clone	UNKNOWN STEP	2026-10-02T10:29:53.0261536Z hint:
Live Clone	UNKNOWN STEP	2026-10-02T10:29:53.0262311Z hint: 	git branch -m <name>
Live Clone	UNKNOWN STEP	2026-10-02T10:29:53.0263048Z hint:
Live Clone	UNKNOWN STEP	2026-10-02T10:29:53.0264025Z hint: Disable this message with "git config set advice.defaultBranchName false"
Live Clone	UNKNOWN STEP	2026-10-02T10:29:53.0265896Z Initialized empty Git repository in /home/runner/work/drangler/drangler/.git/
Live Clone	UNKNOWN STEP	2026-10-02T10:29:53.0268470Z [command]/usr/bin/git remote add origin https://github.com/<org>/drangler
Live Clone	UNKNOWN STEP	2026-10-02T10:29:53.0303728Z ##[endgroup]
Live Clone	UNKNOWN STEP	2026-10-02T10:29:53.0304875Z ##[group]Disabling automatic garbage collection
Live Clone	UNKNOWN STEP	2026-10-02T10:29:53.0307717Z [command]/usr/bin/git config --local gc.auto 0
Live Clone	UNKNOWN STEP	2026-10-02T10:29:53.0348720Z ##[endgroup]
Live Clone	UNKNOWN STEP	2026-10-02T10:29:53.0349937Z ##[group]Setting up auth
Live Clone	UNKNOWN STEP	2026-10-02T10:29:53.0350827Z Removing SSH command configuration
Live Clone	UNKNOWN STEP	2026-10-02T10:29:53.0354948Z [command]/usr/bin/git config --local --name-only --get-regexp core\.sshCommand
Live Clone	UNKNOWN STEP	2026-10-02T10:29:53.0391918Z [command]/usr/bin/git submodule foreach --recursive sh -c "git config --local --name-only --get-regexp 'core\.sshCommand' && git config --local --unset-all 'core.sshCommand' || :"
Live Clone	UNKNOWN STEP	2026-10-02T10:29:53.0740060Z Removing HTTP extra header
Live Clone	UNKNOWN STEP	2026-10-02T10:29:53.0747264Z [command]/usr/bin/git config --local --name-only --get-regexp http\.https\:\/\/github\.com\/\.extraheader
Live Clone	UNKNOWN STEP	2026-10-02T10:29:53.0786739Z [command]/usr/bin/git submodule foreach --recursive sh -c "git config --local --name-only --get-regexp 'http\.https\:\/\/github\.com\/\.extraheader' && git config --local --unset-all 'http.https://github.com/.extraheader' || :"
Live Clone	UNKNOWN STEP	2026-10-02T10:29:53.1043072Z Removing includeIf entries pointing to credentials config files
Live Clone	UNKNOWN STEP	2026-10-02T10:29:53.1048553Z [command]/usr/bin/git config --local --name-only --get-regexp ^includeIf\.gitdir:
Live Clone	UNKNOWN STEP	2026-10-02T10:29:53.1086932Z [command]/usr/bin/git submodule foreach --recursive git config --local --show-origin --name-only --get-regexp remote.origin.url
Live Clone	UNKNOWN STEP	2026-10-02T10:29:53.1336978Z [command]/usr/bin/git config --file /home/runner/work/_temp/git-credentials-<uuid>.config http.https://github.com/.extraheader AUTHORIZATION: basic ***
Live Clone	UNKNOWN STEP	2026-10-02T10:29:53.1379439Z [command]/usr/bin/git config --local includeIf.gitdir:/home/runner/work/drangler/drangler/.git.path /home/runner/work/_temp/git-credentials-<uuid>.config
Live Clone	UNKNOWN STEP	2026-10-02T10:29:53.1416336Z [command]/usr/bin/git config --local includeIf.gitdir:/home/runner/work/drangler/drangler/.git/worktrees/*.path /home/runner/work/_temp/git-credentials-<uuid>.config
Live Clone	UNKNOWN STEP	2026-10-02T10:29:53.1455132Z [command]/usr/bin/git config --local includeIf.gitdir:/github/workspace/.git.path /github/runner_temp/git-credentials-<uuid>.config
Live Clone	UNKNOWN STEP	2026-10-02T10:29:53.1491932Z [command]/usr/bin/git config --local includeIf.gitdir:/github/workspace/.git/worktrees/*.path /github/runner_temp/git-credentials-<uuid>.config
Live Clone	UNKNOWN STEP	2026-10-02T10:29:53.1525349Z ##[endgroup]
Live Clone	UNKNOWN STEP	2026-10-02T10:29:53.1526116Z ##[group]Fetching the repository
Live Clone	UNKNOWN STEP	2026-10-02T10:29:53.1532507Z [command]/usr/bin/git -c protocol.version=2 fetch --no-tags --prune --no-recurse-submodules --depth=1 origin +df6dce4b00d66439e0c1258c862da36342a7488a:refs/remotes/origin/master
Live Clone	UNKNOWN STEP	2026-10-02T10:29:53.4998739Z From https://github.com/<org>/drangler
Live Clone	UNKNOWN STEP	2026-10-02T10:29:53.5000514Z  * [new ref]         df6dce4b00d66439e0c1258c862da36342a7488a -> origin/master
Live Clone	UNKNOWN STEP	2026-10-02T10:29:53.5008985Z [command]/usr/bin/git branch --list --remote origin/master
Live Clone	UNKNOWN STEP	2026-10-02T10:29:53.5041078Z   origin/master
Live Clone	UNKNOWN STEP	2026-10-02T10:29:53.5048964Z [command]/usr/bin/git rev-parse refs/remotes/origin/master
Live Clone	UNKNOWN STEP	2026-10-02T10:29:53.5077705Z df6dce4b00d66439e0c1258c862da36342a7488a
Live Clone	UNKNOWN STEP	2026-10-02T10:29:53.5087082Z ##[endgroup]
Live Clone	UNKNOWN STEP	2026-10-02T10:29:53.5087878Z ##[group]Determining the checkout info
Live Clone	UNKNOWN STEP	2026-10-02T10:29:53.5088744Z ##[endgroup]
Live Clone	UNKNOWN STEP	2026-10-02T10:29:53.5091209Z [command]/usr/bin/git sparse-checkout disable
Live Clone	UNKNOWN STEP	2026-10-02T10:29:53.5147935Z [command]/usr/bin/git config --local --unset-all extensions.worktreeConfig
Live Clone	UNKNOWN STEP	2026-10-02T10:29:53.5184517Z ##[group]Checking out the ref
Live Clone	UNKNOWN STEP	2026-10-02T10:29:53.5187750Z [command]/usr/bin/git checkout --progress --force -B master refs/remotes/origin/master
Live Clone	UNKNOWN STEP	2026-10-02T10:29:53.5396999Z Reset branch 'master'
Live Clone	UNKNOWN STEP	2026-10-02T10:29:53.5400382Z branch 'master' set up to track 'origin/master'.
Live Clone	UNKNOWN STEP	2026-10-02T10:29:53.5408838Z ##[endgroup]
Live Clone	UNKNOWN STEP	2026-10-02T10:29:53.5456495Z [command]/usr/bin/git log -1 --format=%H
Live Clone	UNKNOWN STEP	2026-10-02T10:29:53.5488651Z df6dce4b00d66439e0c1258c862da36342a7488a
Live Clone	UNKNOWN STEP	2026-10-02T10:29:53.5845379Z ##[group]Run oven-sh/setup-bun@v2
Live Clone	UNKNOWN STEP	2026-10-02T10:29:53.5846661Z with:
Live Clone	UNKNOWN STEP	2026-10-02T10:29:53.5847609Z   bun-version: latest
Live Clone	UNKNOWN STEP	2026-10-02T10:29:53.5848657Z   no-cache: false
Live Clone	UNKNOWN STEP	2026-10-02T10:29:53.5858129Z   token: ***
Live Clone	UNKNOWN STEP	2026-10-02T10:29:53.5859105Z env:
Live Clone	UNKNOWN STEP	2026-10-02T10:29:53.5860027Z   REQUIRE_CLONE: 1
Live Clone	UNKNOWN STEP	2026-10-02T10:29:53.5861057Z ##[endgroup]
Live Clone	UNKNOWN STEP	2026-10-02T10:29:54.0383714Z Downloading a new version of Bun: https://github.com/oven-sh/bun/releases/download/bun-v1.4.2/bun-linux-x64.zip
Live Clone	UNKNOWN STEP	2026-10-02T10:29:54.3022271Z [command]/usr/bin/unzip -o -q /home/runner/work/_temp/<uuid>.zip
Live Clone	UNKNOWN STEP	2026-10-02T10:29:54.9842275Z [command]/home/runner/.bun/bin/bun --revision
Live Clone	UNKNOWN STEP	2026-10-02T10:29:54.9895823Z 1.4.2+744846f84
Live Clone	UNKNOWN STEP	2026-10-02T10:29:55.0072182Z ##[group]Run bun install --frozen-lockfile
Live Clone	UNKNOWN STEP	2026-10-02T10:29:55.0072715Z ^[[36;1mbun install --frozen-lockfile^[[0m
Live Clone	UNKNOWN STEP	2026-10-02T10:29:55.0305413Z shell: /usr/bin/bash -e {0}
Live Clone	UNKNOWN STEP	2026-10-02T10:29:55.0305768Z env:
Live Clone	UNKNOWN STEP	2026-10-02T10:29:55.0306027Z   REQUIRE_CLONE: 1
Live Clone	UNKNOWN STEP	2026-10-02T10:29:55.0306305Z ##[endgroup]
Live Clone	UNKNOWN STEP	2026-10-02T10:29:55.0520868Z bun install v1.4.2 (744846f84)
Live Clone	UNKNOWN STEP	2026-10-02T10:29:55.9892630Z 
Live Clone	UNKNOWN STEP	2026-10-02T10:29:55.9893141Z $ husky
Live Clone	UNKNOWN STEP	2026-10-02T10:29:56.0352173Z 
Live Clone	UNKNOWN STEP	2026-10-02T10:29:56.0352736Z + @cloudflare/workers-types@5.20260815.1
Live Clone	UNKNOWN STEP	2026-10-02T10:29:56.0353228Z + @types/node@26.2.0
Live Clone	UNKNOWN STEP	2026-10-02T10:29:56.0353615Z + @vitest/coverage-v8@4.1.10
Live Clone	UNKNOWN STEP	2026-10-02T10:29:56.0353983Z + husky@9.1.7
Live Clone	UNKNOWN STEP	2026-10-02T10:29:56.0354305Z + lint-staged@17.3.0
Live Clone	UNKNOWN STEP	2026-10-02T10:29:56.0354661Z + prettier@3.9.6
Live Clone	UNKNOWN STEP	2026-10-02T10:29:56.0355065Z + prettier-plugin-organize-imports@4.3.0
Live Clone	UNKNOWN STEP	2026-10-02T10:29:56.0355541Z + prettier-plugin-sh@0.20.2
Live Clone	UNKNOWN STEP	2026-10-02T10:29:56.0355914Z + typedoc@0.28.20
Live Clone	UNKNOWN STEP	2026-10-02T10:29:56.0402367Z + typescript@5.9.3
Live Clone	UNKNOWN STEP	2026-10-02T10:29:56.0402717Z + vitest@4.1.10
Live Clone	UNKNOWN STEP	2026-10-02T10:29:56.0402953Z + wrangler@4.146.0
Live Clone	UNKNOWN STEP	2026-10-02T10:29:56.0403209Z + <private-pkg>@0.2.0
Live Clone	UNKNOWN STEP	2026-10-02T10:29:56.0403502Z + @napi-rs/keyring@2.1.0
Live Clone	UNKNOWN STEP	2026-10-02T10:29:56.0403740Z + commander@15.0.0
Live Clone	UNKNOWN STEP	2026-10-02T10:29:56.0403877Z 
Live Clone	UNKNOWN STEP	2026-10-02T10:29:56.0404015Z 137 packages installed [983.00ms]
Live Clone	UNKNOWN STEP	2026-10-02T10:29:56.0439073Z ##[group]Run bun run test:e2e:clone
Live Clone	UNKNOWN STEP	2026-10-02T10:29:56.0439414Z ^[[36;1mbun run test:e2e:clone^[[0m
Live Clone	UNKNOWN STEP	2026-10-02T10:29:56.0516774Z shell: /usr/bin/bash -e {0}
Live Clone	UNKNOWN STEP	2026-10-02T10:29:56.0517069Z env:
Live Clone	UNKNOWN STEP	2026-10-02T10:29:56.0517275Z   REQUIRE_CLONE: 1
Live Clone	UNKNOWN STEP	2026-10-02T10:29:56.0517497Z ##[endgroup]
Live Clone	UNKNOWN STEP	2026-10-02T10:29:56.0626931Z $ vitest run --project=e2e tests/e2e/workspace-clone.spec.ts
Live Clone	UNKNOWN STEP	2026-10-02T10:29:56.5341396Z 
Live Clone	UNKNOWN STEP	2026-10-02T10:29:56.5344835Z ^[[1m^[[30m^[[46m RUN ^[[49m^[[39m^[[22m ^[[36mv4.1.10 ^[[39m^[[90m/home/runner/work/drangler/drangler^[[39m
Live Clone	UNKNOWN STEP	2026-10-02T10:29:56.5345558Z 
Live Clone	UNKNOWN STEP	2026-10-02T10:29:57.1176280Z (node:2379) ExperimentalWarning: SQLite is an experimental feature and might change at any time
Live Clone	UNKNOWN STEP	2026-10-02T10:29:57.1176970Z (Use `node --trace-warnings ...` to show where the warning was created)
Live Clone	UNKNOWN STEP	2026-10-02T10:29:58.0682729Z Cloning into '/tmp/drangler-e2e-clone-SFmdVc/worker'...
Live Clone	UNKNOWN STEP	2026-10-02T10:29:58.8953365Z bun install v1.4.2 (744846f84)
Live Clone	UNKNOWN STEP	2026-10-02T10:30:00.1660470Z 
Live Clone	UNKNOWN STEP	2026-10-02T10:30:00.1661578Z $ bun scripts/gen-lock-versions.ts && bun scripts/restore-artifacts.ts
Live Clone	UNKNOWN STEP	2026-10-02T10:30:00.1773214Z {
Live Clone	UNKNOWN STEP	2026-10-02T10:30:00.1773577Z   "packages": 76,
Live Clone	UNKNOWN STEP	2026-10-02T10:30:00.1773928Z   "virtual": 37,
Live Clone	UNKNOWN STEP	2026-10-02T10:30:00.1774241Z   "core": "11.4.7",
Live Clone	UNKNOWN STEP	2026-10-02T10:30:00.1774560Z   "bytes": 4562
Live Clone	UNKNOWN STEP	2026-10-02T10:30:00.1774849Z }
Live Clone	UNKNOWN STEP	2026-10-02T10:30:00.5076519Z restore-artifacts: .interp/php8.5.wasm (13401742 bytes, sha256 verified)
Live Clone	UNKNOWN STEP	2026-10-02T10:30:00.5616933Z restore-artifacts: .interp/php8.5-worker.mjs (876467 bytes, sha256 verified)
Live Clone	UNKNOWN STEP	2026-10-02T10:30:00.8974603Z restore-artifacts: tuned glue -> /tmp/drangler-e2e-clone-SFmdVc/worker/.interp/php8.5-worker.tuned.mjs
Live Clone	UNKNOWN STEP	2026-10-02T10:30:00.9210387Z restore-artifacts: tuned interpreter -> /tmp/drangler-e2e-clone-SFmdVc/worker/.interp/php8.5.tuned.wasm (64 MiB)
Live Clone	UNKNOWN STEP	2026-10-02T10:30:00.9211334Z restore-artifacts: 2 downloaded, 0 already current
Live Clone	UNKNOWN STEP	2026-10-02T10:30:00.9254862Z $ husky
Live Clone	UNKNOWN STEP	2026-10-02T10:30:00.9668068Z 
Live Clone	UNKNOWN STEP	2026-10-02T10:30:00.9668522Z + @cloudflare/containers@0.3.7
Live Clone	UNKNOWN STEP	2026-10-02T10:30:00.9669131Z + @cloudflare/vitest-pool-workers@0.22.0
Live Clone	UNKNOWN STEP	2026-10-02T10:30:00.9669609Z + @cloudflare/workers-types@5.20260829.1
Live Clone	UNKNOWN STEP	2026-10-02T10:30:00.9669984Z + @playwright/test@1.62.1
Live Clone	UNKNOWN STEP	2026-10-02T10:30:00.9670373Z + @prettier/plugin-php@0.25.0
Live Clone	UNKNOWN STEP	2026-10-02T10:30:00.9670733Z + @types/bun@1.4.0
Live Clone	UNKNOWN STEP	2026-10-02T10:30:00.9671182Z + @types/pg@8.23.1
Live Clone	UNKNOWN STEP	2026-10-02T10:30:00.9671522Z + @vitest/coverage-istanbul@4.1.11
Live Clone	UNKNOWN STEP	2026-10-02T10:30:00.9672197Z + husky@9.1.7
Live Clone	UNKNOWN STEP	2026-10-02T10:30:00.9672498Z + lint-staged@17.4.1
Live Clone	UNKNOWN STEP	2026-10-02T10:30:00.9672816Z + marked@18.0.14
Live Clone	UNKNOWN STEP	2026-10-02T10:30:00.9673153Z + marked-gfm-heading-id@4.1.4
Live Clone	UNKNOWN STEP	2026-10-02T10:30:00.9673533Z + prettier@3.9.6
Live Clone	UNKNOWN STEP	2026-10-02T10:30:00.9673969Z + prettier-plugin-organize-imports@4.3.0
Live Clone	UNKNOWN STEP	2026-10-02T10:30:00.9674429Z + prettier-plugin-sh@0.20.2
Live Clone	UNKNOWN STEP	2026-10-02T10:30:00.9674790Z + shiki@4.4.3
Live Clone	UNKNOWN STEP	2026-10-02T10:30:00.9675092Z + typedoc@0.28.20
Live Clone	UNKNOWN STEP	2026-10-02T10:30:00.9675391Z + typescript@5.9.3
Live Clone	UNKNOWN STEP	2026-10-02T10:30:00.9675618Z + vitest@4.1.11
Live Clone	UNKNOWN STEP	2026-10-02T10:30:00.9675818Z + wrangler@4.127.1
Live Clone	UNKNOWN STEP	2026-10-02T10:30:00.9676019Z + yaml@2.9.1
Live Clone	UNKNOWN STEP	2026-10-02T10:30:00.9676226Z + <private-pkg>@1.1.1
Live Clone	UNKNOWN STEP	2026-10-02T10:30:00.9676464Z + <private-pkg>@0.3.1
Live Clone	UNKNOWN STEP	2026-10-02T10:30:00.9676707Z + <private-pkg>@0.1.4
Live Clone	UNKNOWN STEP	2026-10-02T10:30:00.9676934Z + <private-pkg>@0.1.0
Live Clone	UNKNOWN STEP	2026-10-02T10:30:00.9677160Z + @<user>/tinyimg@1.1.0
Live Clone	UNKNOWN STEP	2026-10-02T10:30:00.9677388Z + @noble/ciphers@2.4.0
Live Clone	UNKNOWN STEP	2026-10-02T10:30:00.9677608Z + @noble/hashes@2.4.0
Live Clone	UNKNOWN STEP	2026-10-02T10:30:00.9677821Z + blakejs@1.2.1
Live Clone	UNKNOWN STEP	2026-10-02T10:30:00.9678023Z + edgeport@1.0.6
Live Clone	UNKNOWN STEP	2026-10-02T10:30:00.9678226Z + fflate@0.8.3
Live Clone	UNKNOWN STEP	2026-10-02T10:30:00.9678420Z + fzstd@0.1.1
Live Clone	UNKNOWN STEP	2026-10-02T10:30:00.9678610Z + mysql2@3.24.4
Live Clone	UNKNOWN STEP	2026-10-02T10:30:00.9678803Z + pg@8.23.0
Live Clone	UNKNOWN STEP	2026-10-02T10:30:00.9678997Z + php-wasm@0.1.0
Live Clone	UNKNOWN STEP	2026-10-02T10:30:00.9679122Z 
Live Clone	UNKNOWN STEP	2026-10-02T10:30:00.9679233Z 260 packages installed [2.07s]
Live Clone	UNKNOWN STEP	2026-10-02T10:30:00.9950673Z $ bun scripts/hydrate.ts
Live Clone	UNKNOWN STEP	2026-10-02T10:30:01.2317141Z fetching https://<host>/payloads/v1.0.3/<org>-worker-1.0.3.tar.gz (cdn)
Live Clone	UNKNOWN STEP	2026-10-02T10:30:01.4000988Z tarball sha256 <hex> matches SHA256SUMS
Live Clone	UNKNOWN STEP	2026-10-02T10:30:02.4406590Z hydrate: kept 2 tracked file(s) the repository owns: assets/robots.txt, assets/driver.json
Live Clone	UNKNOWN STEP	2026-10-02T10:30:02.4407906Z hydrated 4583 files, 52473986 bytes, from 1.0.3 (d633a47)
Live Clone	UNKNOWN STEP	2026-10-02T10:30:02.4409167Z interpreter: .interp/php8.5-worker.tuned.mjs, .interp/php8.5.tuned.wasm
Live Clone	UNKNOWN STEP	2026-10-02T10:30:02.4409987Z the tree is deployable now: bunx wrangler deploy -c wrangler.jsonc
Live Clone	UNKNOWN STEP	2026-10-02T10:30:11.4799372Z  ^[[32m✓^[[39m ^[[30m^[[45m e2e ^[[49m^[[39m tests/e2e/workspace-clone.spec.ts ^[[2m(^[[22m^[[2m10 tests^[[22m^[[2m | ^[[22m^[[33m1 skipped^[[39m^[[2m)^[[22m^[[33m 13421^[[2mms^[[22m^[[39m
Live Clone	UNKNOWN STEP	2026-10-02T10:30:11.4830570Z      ^[[33m^[[2m✓^[[22m^[[39m clones the published repository and installs it from npm ^[[33m 2911^[[2mms^[[22m^[[39m
Live Clone	UNKNOWN STEP	2026-10-02T10:30:11.4831976Z      ^[[33m^[[2m✓^[[22m^[[39m hydrates from the <org>/worker release v1.0.3 ^[[33m 1567^[[2mms^[[22m^[[39m
Live Clone	UNKNOWN STEP	2026-10-02T10:30:11.4833482Z      ^[[33m^[[2m✓^[[22m^[[39m runs every check, and none of them reports "not run" ^[[33m 4247^[[2mms^[[22m^[[39m
Live Clone	UNKNOWN STEP	2026-10-02T10:30:11.4834498Z      ^[[33m^[[2m✓^[[22m^[[39m a published payload deploys clean ^[[33m 3906^[[2mms^[[22m^[[39m
Live Clone	UNKNOWN STEP	2026-10-02T10:30:11.4834977Z 
Live Clone	UNKNOWN STEP	2026-10-02T10:30:11.4835520Z ^[[2m Test Files ^[[22m ^[[1m^[[32m1 passed^[[39m^[[22m^[[90m (1)^[[39m
Live Clone	UNKNOWN STEP	2026-10-02T10:30:11.4836358Z ^[[2m      Tests ^[[22m ^[[1m^[[32m9 passed^[[39m^[[22m^[[2m | ^[[22m^[[33m1 skipped^[[39m^[[90m (10)^[[39m
Live Clone	UNKNOWN STEP	2026-10-02T10:30:11.4836988Z ^[[2m   Start at ^[[22m 10:29:56
Live Clone	UNKNOWN STEP	2026-10-02T10:30:11.4837763Z ^[[2m   Duration ^[[22m 14.94s^[[2m (transform 544ms, setup 0ms, import 1.40s, tests 13.42s, environment 0ms)^[[22m
Live Clone	UNKNOWN STEP	2026-10-02T10:30:11.4839143Z 
Live Clone	UNKNOWN STEP	2026-10-02T10:30:11.5203457Z Post job cleanup.
Live Clone	UNKNOWN STEP	2026-10-02T10:30:11.7167196Z Post job cleanup.
Live Clone	UNKNOWN STEP	2026-10-02T10:30:11.8046702Z [command]/usr/bin/git version
Live Clone	UNKNOWN STEP	2026-10-02T10:30:11.8094487Z git version 2.55.0
Live Clone	UNKNOWN STEP	2026-10-02T10:30:11.8138856Z Temporarily overriding HOME='/home/runner/work/_temp/<uuid>' before making global git config changes
Live Clone	UNKNOWN STEP	2026-10-02T10:30:11.8140167Z Adding repository directory to the temporary git global config as a safe directory
Live Clone	UNKNOWN STEP	2026-10-02T10:30:11.8144648Z [command]/usr/bin/git config --global --add safe.directory /home/runner/work/drangler/drangler
Live Clone	UNKNOWN STEP	2026-10-02T10:30:11.8180384Z Removing SSH command configuration
Live Clone	UNKNOWN STEP	2026-10-02T10:30:11.8187377Z [command]/usr/bin/git config --local --name-only --get-regexp core\.sshCommand
Live Clone	UNKNOWN STEP	2026-10-02T10:30:11.8225637Z [command]/usr/bin/git submodule foreach --recursive sh -c "git config --local --name-only --get-regexp 'core\.sshCommand' && git config --local --unset-all 'core.sshCommand' || :"
Live Clone	UNKNOWN STEP	2026-10-02T10:30:11.8493885Z Removing HTTP extra header
Live Clone	UNKNOWN STEP	2026-10-02T10:30:11.8500535Z [command]/usr/bin/git config --local --name-only --get-regexp http\.https\:\/\/github\.com\/\.extraheader
Live Clone	UNKNOWN STEP	2026-10-02T10:30:11.8546459Z [command]/usr/bin/git submodule foreach --recursive sh -c "git config --local --name-only --get-regexp 'http\.https\:\/\/github\.com\/\.extraheader' && git config --local --unset-all 'http.https://github.com/.extraheader' || :"
Live Clone	UNKNOWN STEP	2026-10-02T10:30:11.8814073Z Removing includeIf entries pointing to credentials config files
Live Clone	UNKNOWN STEP	2026-10-02T10:30:11.8832766Z [command]/usr/bin/git config --local --name-only --get-regexp ^includeIf\.gitdir:
Live Clone	UNKNOWN STEP	2026-10-02T10:30:11.8882585Z includeif.gitdir:/home/runner/work/drangler/drangler/.git.path
Live Clone	UNKNOWN STEP	2026-10-02T10:30:11.8899593Z includeif.gitdir:/home/runner/work/drangler/drangler/.git/worktrees/*.path
Live Clone	UNKNOWN STEP	2026-10-02T10:30:11.8942720Z includeif.gitdir:/github/workspace/.git.path
Live Clone	UNKNOWN STEP	2026-10-02T10:30:11.8961488Z includeif.gitdir:/github/workspace/.git/worktrees/*.path
Live Clone	UNKNOWN STEP	2026-10-02T10:30:11.8963954Z [command]/usr/bin/git config --local --get-all includeif.gitdir:/home/runner/work/drangler/drangler/.git.path
Live Clone	UNKNOWN STEP	2026-10-02T10:30:11.8965209Z /home/runner/work/_temp/git-credentials-<uuid>.config
Live Clone	UNKNOWN STEP	2026-10-02T10:30:11.8967653Z [command]/usr/bin/git config --local --unset includeif.gitdir:/home/runner/work/drangler/drangler/.git.path \/home\/runner\/work\/_temp\/git\-credentials\-<uuid>\.config
Live Clone	UNKNOWN STEP	2026-10-02T10:30:11.9016292Z [command]/usr/bin/git config --local --get-all includeif.gitdir:/home/runner/work/drangler/drangler/.git/worktrees/*.path
Live Clone	UNKNOWN STEP	2026-10-02T10:30:11.9055428Z /home/runner/work/_temp/git-credentials-<uuid>.config
Live Clone	UNKNOWN STEP	2026-10-02T10:30:11.9067326Z [command]/usr/bin/git config --local --unset includeif.gitdir:/home/runner/work/drangler/drangler/.git/worktrees/*.path \/home\/runner\/work\/_temp\/git\-credentials\-<uuid>\.config
Live Clone	UNKNOWN STEP	2026-10-02T10:30:11.9129224Z [command]/usr/bin/git config --local --get-all includeif.gitdir:/github/workspace/.git.path
Live Clone	UNKNOWN STEP	2026-10-02T10:30:11.9162126Z /github/runner_temp/git-credentials-<uuid>.config
Live Clone	UNKNOWN STEP	2026-10-02T10:30:11.9169110Z [command]/usr/bin/git config --local --unset includeif.gitdir:/github/workspace/.git.path \/github\/runner_temp\/git\-credentials\-<uuid>\.config
Live Clone	UNKNOWN STEP	2026-10-02T10:30:11.9211264Z [command]/usr/bin/git config --local --get-all includeif.gitdir:/github/workspace/.git/worktrees/*.path
Live Clone	UNKNOWN STEP	2026-10-02T10:30:11.9243257Z /github/runner_temp/git-credentials-<uuid>.config
Live Clone	UNKNOWN STEP	2026-10-02T10:30:11.9255823Z [command]/usr/bin/git config --local --unset includeif.gitdir:/github/workspace/.git/worktrees/*.path \/github\/runner_temp\/git\-credentials\-<uuid>\.config
Live Clone	UNKNOWN STEP	2026-10-02T10:30:11.9301233Z [command]/usr/bin/git submodule foreach --recursive git config --local --show-origin --name-only --get-regexp remote.origin.url
Live Clone	UNKNOWN STEP	2026-10-02T10:30:11.9561389Z Removing credentials config '/home/runner/work/_temp/git-credentials-<uuid>.config'
Live Clone	UNKNOWN STEP	2026-10-02T10:30:11.9745754Z Cleaning up orphan processes
Docker E2E	UNKNOWN STEP	2026-10-02T10:29:52.7653908Z Current runner version: '2.337.0'
Docker E2E	UNKNOWN STEP	2026-10-02T10:29:52.7691619Z ##[group]Runner Image Provisioner
Docker E2E	UNKNOWN STEP	2026-10-02T10:29:52.7693065Z Hosted Compute Agent
Docker E2E	UNKNOWN STEP	2026-10-02T10:29:52.7694193Z Version: 20260901.588
Docker E2E	UNKNOWN STEP	2026-10-02T10:29:52.7695276Z Commit: <hex>
Docker E2E	UNKNOWN STEP	2026-10-02T10:29:52.7697005Z Build Date: 2026-09-01T19:56:44Z
Docker E2E	UNKNOWN STEP	2026-10-02T10:29:52.7698175Z Worker ID: {<uuid>}
Docker E2E	UNKNOWN STEP	2026-10-02T10:29:52.7699340Z Azure Region: eastus
Docker E2E	UNKNOWN STEP	2026-10-02T10:29:52.7700521Z ##[endgroup]
Docker E2E	UNKNOWN STEP	2026-10-02T10:29:52.7702759Z ##[group]Operating System
Docker E2E	UNKNOWN STEP	2026-10-02T10:29:52.7704048Z Ubuntu
Docker E2E	UNKNOWN STEP	2026-10-02T10:29:52.7704890Z 24.04.5
Docker E2E	UNKNOWN STEP	2026-10-02T10:29:52.7705825Z LTS
Docker E2E	UNKNOWN STEP	2026-10-02T10:29:52.7707024Z ##[endgroup]
Docker E2E	UNKNOWN STEP	2026-10-02T10:29:52.7707929Z ##[group]Runner Image
Docker E2E	UNKNOWN STEP	2026-10-02T10:29:52.7709028Z Image: ubuntu-24.04
Docker E2E	UNKNOWN STEP	2026-10-02T10:29:52.7710074Z Version: 20260927.320.1
Docker E2E	UNKNOWN STEP	2026-10-02T10:29:52.7712824Z Included Software: https://github.com/actions/runner-images/blob/ubuntu24/20260927.320/images/ubuntu/Ubuntu2404-Readme.md
Docker E2E	UNKNOWN STEP	2026-10-02T10:29:52.7715717Z Image Release: https://github.com/actions/runner-images/releases/tag/ubuntu24%2F20260927.320
Docker E2E	UNKNOWN STEP	2026-10-02T10:29:52.7717791Z ##[endgroup]
Docker E2E	UNKNOWN STEP	2026-10-02T10:29:52.7719681Z ##[group]GITHUB_TOKEN Permissions
Docker E2E	UNKNOWN STEP	2026-10-02T10:29:52.7722797Z Contents: read
Docker E2E	UNKNOWN STEP	2026-10-02T10:29:52.7723733Z Metadata: read
Docker E2E	UNKNOWN STEP	2026-10-02T10:29:52.7724851Z ##[endgroup]
Docker E2E	UNKNOWN STEP	2026-10-02T10:29:52.7728250Z Secret source: Actions
Docker E2E	UNKNOWN STEP	2026-10-02T10:29:52.7729864Z Cache mode: write
Docker E2E	UNKNOWN STEP	2026-10-02T10:29:52.7731360Z Prepare workflow directory
Docker E2E	UNKNOWN STEP	2026-10-02T10:29:52.8322102Z Prepare all required actions
Docker E2E	UNKNOWN STEP	2026-10-02T10:29:52.8395126Z Getting action download info
Docker E2E	UNKNOWN STEP	2026-10-02T10:29:53.1319894Z Download action repository 'actions/checkout@v7' (SHA:<hex>)
Docker E2E	UNKNOWN STEP	2026-10-02T10:29:53.2199426Z Download action repository 'actions/setup-node@v7' (SHA:<hex>)
Docker E2E	UNKNOWN STEP	2026-10-02T10:29:53.3094709Z Download action repository 'oven-sh/setup-bun@v2' (SHA:<hex>)
Docker E2E	UNKNOWN STEP	2026-10-02T10:29:53.4352677Z Download action repository 'actions/cache@v6' (SHA:<hex>)
Docker E2E	UNKNOWN STEP	2026-10-02T10:29:53.5405956Z Download action repository 'codecov/codecov-action@v7' (SHA:<hex>)
Docker E2E	UNKNOWN STEP	2026-10-02T10:29:53.7566826Z Getting action download info
Docker E2E	UNKNOWN STEP	2026-10-02T10:29:53.8708041Z Download action repository 'actions/github-script@<hex>' (SHA:<hex>)
Docker E2E	UNKNOWN STEP	2026-10-02T10:29:54.0273216Z Complete job name: Docker E2E
Docker E2E	UNKNOWN STEP	2026-10-02T10:29:54.1258226Z ##[group]Run actions/checkout@v7
Docker E2E	UNKNOWN STEP	2026-10-02T10:29:54.1259146Z with:
Docker E2E	UNKNOWN STEP	2026-10-02T10:29:54.1259613Z   repository: <org>/drangler
Docker E2E	UNKNOWN STEP	2026-10-02T10:29:54.1263382Z   token: ***
Docker E2E	UNKNOWN STEP	2026-10-02T10:29:54.1263831Z   ssh-strict: true
Docker E2E	UNKNOWN STEP	2026-10-02T10:29:54.1264274Z   ssh-user: git
Docker E2E	UNKNOWN STEP	2026-10-02T10:29:54.1264736Z   persist-credentials: true
Docker E2E	UNKNOWN STEP	2026-10-02T10:29:54.1265235Z   clean: true
Docker E2E	UNKNOWN STEP	2026-10-02T10:29:54.1265689Z   sparse-checkout-cone-mode: true
Docker E2E	UNKNOWN STEP	2026-10-02T10:29:54.1266218Z   fetch-depth: 1
Docker E2E	UNKNOWN STEP	2026-10-02T10:29:54.1267180Z   fetch-tags: false
Docker E2E	UNKNOWN STEP	2026-10-02T10:29:54.1267655Z   show-progress: true
Docker E2E	UNKNOWN STEP	2026-10-02T10:29:54.1268121Z   lfs: false
Docker E2E	UNKNOWN STEP	2026-10-02T10:29:54.1268568Z   submodules: false
Docker E2E	UNKNOWN STEP	2026-10-02T10:29:54.1269046Z   set-safe-directory: true
Docker E2E	UNKNOWN STEP	2026-10-02T10:29:54.1269576Z   allow-unsafe-pr-checkout: false
Docker E2E	UNKNOWN STEP	2026-10-02T10:29:54.1270439Z env:
Docker E2E	UNKNOWN STEP	2026-10-02T10:29:54.1270869Z   REQUIRE_DOCKER: 1
Docker E2E	UNKNOWN STEP	2026-10-02T10:29:54.1271328Z ##[endgroup]
Docker E2E	UNKNOWN STEP	2026-10-02T10:29:54.2331205Z Syncing repository: <org>/drangler
Docker E2E	UNKNOWN STEP	2026-10-02T10:29:54.2333422Z ##[group]Getting Git version info
Docker E2E	UNKNOWN STEP	2026-10-02T10:29:54.2334192Z Working directory is '/home/runner/work/drangler/drangler'
Docker E2E	UNKNOWN STEP	2026-10-02T10:29:54.2335316Z [command]/usr/bin/git version
Docker E2E	UNKNOWN STEP	2026-10-02T10:29:54.2426855Z git version 2.55.0
Docker E2E	UNKNOWN STEP	2026-10-02T10:29:54.2450008Z ##[endgroup]
Docker E2E	UNKNOWN STEP	2026-10-02T10:29:54.2465767Z Temporarily overriding HOME='/home/runner/work/_temp/<uuid>' before making global git config changes
Docker E2E	UNKNOWN STEP	2026-10-02T10:29:54.2468010Z Adding repository directory to the temporary git global config as a safe directory
Docker E2E	UNKNOWN STEP	2026-10-02T10:29:54.2478017Z [command]/usr/bin/git config --global --add safe.directory /home/runner/work/drangler/drangler
Docker E2E	UNKNOWN STEP	2026-10-02T10:29:54.2521959Z Deleting the contents of '/home/runner/work/drangler/drangler'
Docker E2E	UNKNOWN STEP	2026-10-02T10:29:54.2525505Z ##[group]Determining repository object format
Docker E2E	UNKNOWN STEP	2026-10-02T10:29:54.2527421Z ##[endgroup]
Docker E2E	UNKNOWN STEP	2026-10-02T10:29:54.2528676Z ##[group]Initializing the repository
Docker E2E	UNKNOWN STEP	2026-10-02T10:29:54.2531926Z [command]/usr/bin/git init /home/runner/work/drangler/drangler
Docker E2E	UNKNOWN STEP	2026-10-02T10:29:54.2659329Z hint: Using 'master' as the name for the initial branch. This default branch name
Docker E2E	UNKNOWN STEP	2026-10-02T10:29:54.2661126Z hint: will change to "main" in Git 3.0. To configure the initial branch name
Docker E2E	UNKNOWN STEP	2026-10-02T10:29:54.2664423Z hint: to use in all of your new repositories, which will suppress this warning,
Docker E2E	UNKNOWN STEP	2026-10-02T10:29:54.2665665Z hint: call:
Docker E2E	UNKNOWN STEP	2026-10-02T10:29:54.2666581Z hint:
Docker E2E	UNKNOWN STEP	2026-10-02T10:29:54.2667607Z hint: 	git config --global init.defaultBranch <name>
Docker E2E	UNKNOWN STEP	2026-10-02T10:29:54.2668663Z hint:
Docker E2E	UNKNOWN STEP	2026-10-02T10:29:54.2669600Z hint: Names commonly chosen instead of 'master' are 'main', 'trunk' and
Docker E2E	UNKNOWN STEP	2026-10-02T10:29:54.2671121Z hint: 'development'. The just-created branch can be renamed via this command:
Docker E2E	UNKNOWN STEP	2026-10-02T10:29:54.2672407Z hint:
Docker E2E	UNKNOWN STEP	2026-10-02T10:29:54.2673174Z hint: 	git branch -m <name>
Docker E2E	UNKNOWN STEP	2026-10-02T10:29:54.2673954Z hint:
Docker E2E	UNKNOWN STEP	2026-10-02T10:29:54.2674969Z hint: Disable this message with "git config set advice.defaultBranchName false"
Docker E2E	UNKNOWN STEP	2026-10-02T10:29:54.2676888Z Initialized empty Git repository in /home/runner/work/drangler/drangler/.git/
Docker E2E	UNKNOWN STEP	2026-10-02T10:29:54.2679672Z [command]/usr/bin/git remote add origin https://github.com/<org>/drangler
Docker E2E	UNKNOWN STEP	2026-10-02T10:29:54.2729208Z ##[endgroup]
Docker E2E	UNKNOWN STEP	2026-10-02T10:29:54.2730619Z ##[group]Disabling automatic garbage collection
Docker E2E	UNKNOWN STEP	2026-10-02T10:29:54.2738222Z [command]/usr/bin/git config --local gc.auto 0
Docker E2E	UNKNOWN STEP	2026-10-02T10:29:54.2772190Z ##[endgroup]
Docker E2E	UNKNOWN STEP	2026-10-02T10:29:54.2774015Z ##[group]Setting up auth
Docker E2E	UNKNOWN STEP	2026-10-02T10:29:54.2775021Z Removing SSH command configuration
Docker E2E	UNKNOWN STEP	2026-10-02T10:29:54.2780475Z [command]/usr/bin/git config --local --name-only --get-regexp core\.sshCommand
Docker E2E	UNKNOWN STEP	2026-10-02T10:29:54.2816087Z [command]/usr/bin/git submodule foreach --recursive sh -c "git config --local --name-only --get-regexp 'core\.sshCommand' && git config --local --unset-all 'core.sshCommand' || :"
Docker E2E	UNKNOWN STEP	2026-10-02T10:29:54.3210975Z Removing HTTP extra header
Docker E2E	UNKNOWN STEP	2026-10-02T10:29:54.3218093Z [command]/usr/bin/git config --local --name-only --get-regexp http\.https\:\/\/github\.com\/\.extraheader
Docker E2E	UNKNOWN STEP	2026-10-02T10:29:54.3255807Z [command]/usr/bin/git submodule foreach --recursive sh -c "git config --local --name-only --get-regexp 'http\.https\:\/\/github\.com\/\.extraheader' && git config --local --unset-all 'http.https://github.com/.extraheader' || :"
Docker E2E	UNKNOWN STEP	2026-10-02T10:29:54.3477107Z Removing includeIf entries pointing to credentials config files
Docker E2E	UNKNOWN STEP	2026-10-02T10:29:54.3481854Z [command]/usr/bin/git config --local --name-only --get-regexp ^includeIf\.gitdir:
Docker E2E	UNKNOWN STEP	2026-10-02T10:29:54.3523644Z [command]/usr/bin/git submodule foreach --recursive git config --local --show-origin --name-only --get-regexp remote.origin.url
Docker E2E	UNKNOWN STEP	2026-10-02T10:29:54.3749924Z [command]/usr/bin/git config --file /home/runner/work/_temp/git-credentials-<uuid>.config http.https://github.com/.extraheader AUTHORIZATION: basic ***
Docker E2E	UNKNOWN STEP	2026-10-02T10:29:54.3790835Z [command]/usr/bin/git config --local includeIf.gitdir:/home/runner/work/drangler/drangler/.git.path /home/runner/work/_temp/git-credentials-<uuid>.config
Docker E2E	UNKNOWN STEP	2026-10-02T10:29:54.3825058Z [command]/usr/bin/git config --local includeIf.gitdir:/home/runner/work/drangler/drangler/.git/worktrees/*.path /home/runner/work/_temp/git-credentials-<uuid>.config
Docker E2E	UNKNOWN STEP	2026-10-02T10:29:54.3861534Z [command]/usr/bin/git config --local includeIf.gitdir:/github/workspace/.git.path /github/runner_temp/git-credentials-<uuid>.config
Docker E2E	UNKNOWN STEP	2026-10-02T10:29:54.3897487Z [command]/usr/bin/git config --local includeIf.gitdir:/github/workspace/.git/worktrees/*.path /github/runner_temp/git-credentials-<uuid>.config
Docker E2E	UNKNOWN STEP	2026-10-02T10:29:54.3928719Z ##[endgroup]
Docker E2E	UNKNOWN STEP	2026-10-02T10:29:54.3929529Z ##[group]Fetching the repository
Docker E2E	UNKNOWN STEP	2026-10-02T10:29:54.3934515Z [command]/usr/bin/git -c protocol.version=2 fetch --no-tags --prune --no-recurse-submodules --depth=1 origin +df6dce4b00d66439e0c1258c862da36342a7488a:refs/remotes/origin/master
Docker E2E	UNKNOWN STEP	2026-10-02T10:29:54.7310911Z From https://github.com/<org>/drangler
Docker E2E	UNKNOWN STEP	2026-10-02T10:29:54.7313566Z  * [new ref]         df6dce4b00d66439e0c1258c862da36342a7488a -> origin/master
Docker E2E	UNKNOWN STEP	2026-10-02T10:29:54.7324231Z [command]/usr/bin/git branch --list --remote origin/master
Docker E2E	UNKNOWN STEP	2026-10-02T10:29:54.7354348Z   origin/master
Docker E2E	UNKNOWN STEP	2026-10-02T10:29:54.7365031Z [command]/usr/bin/git rev-parse refs/remotes/origin/master
Docker E2E	UNKNOWN STEP	2026-10-02T10:29:54.7392393Z df6dce4b00d66439e0c1258c862da36342a7488a
Docker E2E	UNKNOWN STEP	2026-10-02T10:29:54.7397557Z ##[endgroup]
Docker E2E	UNKNOWN STEP	2026-10-02T10:29:54.7399002Z ##[group]Determining the checkout info
Docker E2E	UNKNOWN STEP	2026-10-02T10:29:54.7400656Z ##[endgroup]
Docker E2E	UNKNOWN STEP	2026-10-02T10:29:54.7402451Z [command]/usr/bin/git sparse-checkout disable
Docker E2E	UNKNOWN STEP	2026-10-02T10:29:54.7460724Z [command]/usr/bin/git config --local --unset-all extensions.worktreeConfig
Docker E2E	UNKNOWN STEP	2026-10-02T10:29:54.7506542Z ##[group]Checking out the ref
Docker E2E	UNKNOWN STEP	2026-10-02T10:29:54.7511908Z [command]/usr/bin/git checkout --progress --force -B master refs/remotes/origin/master
Docker E2E	UNKNOWN STEP	2026-10-02T10:29:54.7709145Z Reset branch 'master'
Docker E2E	UNKNOWN STEP	2026-10-02T10:29:54.7727269Z branch 'master' set up to track 'origin/master'.
Docker E2E	UNKNOWN STEP	2026-10-02T10:29:54.7733453Z ##[endgroup]
Docker E2E	UNKNOWN STEP	2026-10-02T10:29:54.7786943Z [command]/usr/bin/git log -1 --format=%H
Docker E2E	UNKNOWN STEP	2026-10-02T10:29:54.7827712Z df6dce4b00d66439e0c1258c862da36342a7488a
Docker E2E	UNKNOWN STEP	2026-10-02T10:29:54.8250399Z ##[group]Run actions/setup-node@v7
Docker E2E	UNKNOWN STEP	2026-10-02T10:29:54.8251658Z with:
Docker E2E	UNKNOWN STEP	2026-10-02T10:29:54.8252933Z   node-version: 24
Docker E2E	UNKNOWN STEP	2026-10-02T10:29:54.8254343Z   check-latest: false
Docker E2E	UNKNOWN STEP	2026-10-02T10:29:54.8266664Z   token: ***
Docker E2E	UNKNOWN STEP	2026-10-02T10:29:54.8267694Z   package-manager-cache: true
Docker E2E	UNKNOWN STEP	2026-10-02T10:29:54.8269061Z env:
Docker E2E	UNKNOWN STEP	2026-10-02T10:29:54.8270228Z   REQUIRE_DOCKER: 1
Docker E2E	UNKNOWN STEP	2026-10-02T10:29:54.8271206Z ##[endgroup]
Docker E2E	UNKNOWN STEP	2026-10-02T10:29:54.9650188Z Found in cache @ /opt/hostedtoolcache/node/24.21.0/x64
Docker E2E	UNKNOWN STEP	2026-10-02T10:29:54.9652722Z ##[group]Environment details
Docker E2E	UNKNOWN STEP	2026-10-02T10:29:55.4100505Z node: v24.21.0
Docker E2E	UNKNOWN STEP	2026-10-02T10:29:55.4102170Z npm: 11.19.0
Docker E2E	UNKNOWN STEP	2026-10-02T10:29:55.4103562Z yarn: 1.22.22
Docker E2E	UNKNOWN STEP	2026-10-02T10:29:55.4106767Z ##[endgroup]
Docker E2E	UNKNOWN STEP	2026-10-02T10:29:55.4366075Z ##[group]Run oven-sh/setup-bun@v2
Docker E2E	UNKNOWN STEP	2026-10-02T10:29:55.4367368Z with:
Docker E2E	UNKNOWN STEP	2026-10-02T10:29:55.4368206Z   bun-version: latest
Docker E2E	UNKNOWN STEP	2026-10-02T10:29:55.4369155Z   no-cache: false
Docker E2E	UNKNOWN STEP	2026-10-02T10:29:55.4378358Z   token: ***
Docker E2E	UNKNOWN STEP	2026-10-02T10:29:55.4379216Z env:
Docker E2E	UNKNOWN STEP	2026-10-02T10:29:55.4380047Z   REQUIRE_DOCKER: 1
Docker E2E	UNKNOWN STEP	2026-10-02T10:29:55.4380966Z ##[endgroup]
Docker E2E	UNKNOWN STEP	2026-10-02T10:29:55.9062429Z Downloading a new version of Bun: https://github.com/oven-sh/bun/releases/download/bun-v1.4.2/bun-linux-x64.zip
Docker E2E	UNKNOWN STEP	2026-10-02T10:29:56.1267900Z [command]/usr/bin/unzip -o -q /home/runner/work/_temp/<uuid>.zip
Docker E2E	UNKNOWN STEP	2026-10-02T10:29:56.7355439Z [command]/home/runner/.bun/bin/bun --revision
Docker E2E	UNKNOWN STEP	2026-10-02T10:29:56.7405432Z 1.4.2+744846f84
Docker E2E	UNKNOWN STEP	2026-10-02T10:29:56.7579365Z ##[group]Run bun install --frozen-lockfile
Docker E2E	UNKNOWN STEP	2026-10-02T10:29:56.7579789Z ^[[36;1mbun install --frozen-lockfile^[[0m
Docker E2E	UNKNOWN STEP	2026-10-02T10:29:56.7854545Z shell: /usr/bin/bash -e {0}
Docker E2E	UNKNOWN STEP	2026-10-02T10:29:56.7854857Z env:
Docker E2E	UNKNOWN STEP	2026-10-02T10:29:56.7855083Z   REQUIRE_DOCKER: 1
Docker E2E	UNKNOWN STEP	2026-10-02T10:29:56.7855323Z ##[endgroup]
Docker E2E	UNKNOWN STEP	2026-10-02T10:29:56.8008396Z bun install v1.4.2 (744846f84)
Docker E2E	UNKNOWN STEP	2026-10-02T10:29:57.6450613Z 
Docker E2E	UNKNOWN STEP	2026-10-02T10:29:57.6451487Z $ husky
Docker E2E	UNKNOWN STEP	2026-10-02T10:29:57.6850114Z 
Docker E2E	UNKNOWN STEP	2026-10-02T10:29:57.6851521Z + @cloudflare/workers-types@5.20260815.1
Docker E2E	UNKNOWN STEP	2026-10-02T10:29:57.6852198Z + @types/node@26.2.0
Docker E2E	UNKNOWN STEP	2026-10-02T10:29:57.6852821Z + @vitest/coverage-v8@4.1.10
Docker E2E	UNKNOWN STEP	2026-10-02T10:29:57.6853264Z + husky@9.1.7
Docker E2E	UNKNOWN STEP	2026-10-02T10:29:57.6853677Z + lint-staged@17.3.0
Docker E2E	UNKNOWN STEP	2026-10-02T10:29:57.6854106Z + prettier@3.9.6
Docker E2E	UNKNOWN STEP	2026-10-02T10:29:57.6854635Z + prettier-plugin-organize-imports@4.3.0
Docker E2E	UNKNOWN STEP	2026-10-02T10:29:57.6855401Z + prettier-plugin-sh@0.20.2
Docker E2E	UNKNOWN STEP	2026-10-02T10:29:57.6855710Z + typedoc@0.28.20
Docker E2E	UNKNOWN STEP	2026-10-02T10:29:57.6855952Z + typescript@5.9.3
Docker E2E	UNKNOWN STEP	2026-10-02T10:29:57.6856658Z + vitest@4.1.10
Docker E2E	UNKNOWN STEP	2026-10-02T10:29:57.6857104Z + wrangler@4.146.0
Docker E2E	UNKNOWN STEP	2026-10-02T10:29:57.6857526Z + <private-pkg>@0.2.0
Docker E2E	UNKNOWN STEP	2026-10-02T10:29:57.6857913Z + @napi-rs/keyring@2.1.0
Docker E2E	UNKNOWN STEP	2026-10-02T10:29:57.6858202Z + commander@15.0.0
Docker E2E	UNKNOWN STEP	2026-10-02T10:29:57.6858377Z 
Docker E2E	UNKNOWN STEP	2026-10-02T10:29:57.6858554Z 137 packages installed [884.00ms]
Docker E2E	UNKNOWN STEP	2026-10-02T10:29:57.7535529Z ##[group]Run actions/cache@v6
Docker E2E	UNKNOWN STEP	2026-10-02T10:29:57.7535829Z with:
Docker E2E	UNKNOWN STEP	2026-10-02T10:29:57.7536078Z   path: /tmp/docker-images
Docker E2E	UNKNOWN STEP	2026-10-02T10:29:57.7536800Z   key: <redacted>
Docker E2E	UNKNOWN STEP	2026-10-02T10:29:57.7537290Z   enableCrossOsArchive: false
Docker E2E	UNKNOWN STEP	2026-10-02T10:29:57.7537555Z   fail-on-cache-miss: false
Docker E2E	UNKNOWN STEP	2026-10-02T10:29:57.7537797Z   lookup-only: false
Docker E2E	UNKNOWN STEP	2026-10-02T10:29:57.7538015Z   save-always: false
Docker E2E	UNKNOWN STEP	2026-10-02T10:29:57.7538233Z env:
Docker E2E	UNKNOWN STEP	2026-10-02T10:29:57.7538439Z   REQUIRE_DOCKER: 1
Docker E2E	UNKNOWN STEP	2026-10-02T10:29:57.7538644Z ##[endgroup]
Docker E2E	UNKNOWN STEP	2026-10-02T10:29:57.9286997Z Cache not found for input keys: <redacted>
Docker E2E	UNKNOWN STEP	2026-10-02T10:29:57.9397158Z ##[group]Run if [ -f /tmp/docker-images/images.tar ]; then
Docker E2E	UNKNOWN STEP	2026-10-02T10:29:57.9397950Z ^[[36;1mif [ -f /tmp/docker-images/images.tar ]; then^[[0m
Docker E2E	UNKNOWN STEP	2026-10-02T10:29:57.9398850Z ^[[36;1m  docker load -i /tmp/docker-images/images.tar^[[0m
Docker E2E	UNKNOWN STEP	2026-10-02T10:29:57.9399572Z ^[[36;1melse^[[0m
Docker E2E	UNKNOWN STEP	2026-10-02T10:29:57.9400116Z ^[[36;1m  docker compose -f docker/compose.yml pull^[[0m
Docker E2E	UNKNOWN STEP	2026-10-02T10:29:57.9400906Z ^[[36;1m  mkdir -p /tmp/docker-images^[[0m
Docker E2E	UNKNOWN STEP	2026-10-02T10:29:57.9402189Z ^[[36;1m  docker compose -f docker/compose.yml config --images | sort -u | xargs docker save -o /tmp/docker-images/images.tar^[[0m
Docker E2E	UNKNOWN STEP	2026-10-02T10:29:57.9403333Z ^[[36;1mfi^[[0m
Docker E2E	UNKNOWN STEP	2026-10-02T10:29:57.9485538Z shell: /usr/bin/bash -e {0}
Docker E2E	UNKNOWN STEP	2026-10-02T10:29:57.9485817Z env:
Docker E2E	UNKNOWN STEP	2026-10-02T10:29:57.9486038Z   REQUIRE_DOCKER: 1
Docker E2E	UNKNOWN STEP	2026-10-02T10:29:57.9486655Z ##[endgroup]
Docker E2E	UNKNOWN STEP	2026-10-02T10:29:58.2493138Z  db Pulling 
Docker E2E	UNKNOWN STEP	2026-10-02T10:29:58.2493852Z  drupal Pulling 
Docker E2E	UNKNOWN STEP	2026-10-02T10:29:58.4849357Z  09923199ca0e Pulling fs layer 
Docker E2E	UNKNOWN STEP	2026-10-02T10:29:58.4857054Z  d9b985643753 Pulling fs layer 
Docker E2E	UNKNOWN STEP	2026-10-02T10:29:58.4857980Z  2e22be087fd8 Pulling fs layer 
Docker E2E	UNKNOWN STEP	2026-10-02T10:29:58.4858839Z  29aea408d531 Pulling fs layer 
Docker E2E	UNKNOWN STEP	2026-10-02T10:29:58.4859692Z  06237a023be8 Pulling fs layer 
Docker E2E	UNKNOWN STEP	2026-10-02T10:29:58.4860522Z  be29340626a9 Pulling fs layer 
Docker E2E	UNKNOWN STEP	2026-10-02T10:29:58.4861379Z  35db766aaa46 Pulling fs layer 
Docker E2E	UNKNOWN STEP	2026-10-02T10:29:58.4862170Z  9fbe1c7b50ad Pulling fs layer 
Docker E2E	UNKNOWN STEP	2026-10-02T10:29:58.4863167Z  07aed2594a34 Pulling fs layer 
Docker E2E	UNKNOWN STEP	2026-10-02T10:29:58.4863871Z  be29340626a9 Waiting 
Docker E2E	UNKNOWN STEP	2026-10-02T10:29:58.4864491Z  35db766aaa46 Waiting 
Docker E2E	UNKNOWN STEP	2026-10-02T10:29:58.4865097Z  29aea408d531 Waiting 
Docker E2E	UNKNOWN STEP	2026-10-02T10:29:58.4865738Z  06237a023be8 Waiting 
Docker E2E	UNKNOWN STEP	2026-10-02T10:29:58.4867225Z  9fbe1c7b50ad Waiting 
Docker E2E	UNKNOWN STEP	2026-10-02T10:29:58.4867971Z  6b37362b3da7 Pulling fs layer 
Docker E2E	UNKNOWN STEP	2026-10-02T10:29:58.4868720Z  215869c9ffb9 Pulling fs layer 
Docker E2E	UNKNOWN STEP	2026-10-02T10:29:58.4869449Z  9b6866565b74 Pulling fs layer 
Docker E2E	UNKNOWN STEP	2026-10-02T10:29:58.4870296Z  6c771fe90ccb Pulling fs layer 
Docker E2E	UNKNOWN STEP	2026-10-02T10:29:58.4871024Z  28eb77c41f92 Pulling fs layer 
Docker E2E	UNKNOWN STEP	2026-10-02T10:29:58.4871768Z  3d65371285a9 Pulling fs layer 
Docker E2E	UNKNOWN STEP	2026-10-02T10:29:58.4872497Z  4d7d1f2229ea Pulling fs layer 
Docker E2E	UNKNOWN STEP	2026-10-02T10:29:58.4873221Z  9a9e523ba1c6 Pulling fs layer 
Docker E2E	UNKNOWN STEP	2026-10-02T10:29:58.4873937Z  345d40a81509 Pulling fs layer 
Docker E2E	UNKNOWN STEP	2026-10-02T10:29:58.4874651Z  82a7cee9903f Pulling fs layer 
Docker E2E	UNKNOWN STEP	2026-10-02T10:29:58.4875369Z  97b775105118 Pulling fs layer 
Docker E2E	UNKNOWN STEP	2026-10-02T10:29:58.4876134Z  8280252f5126 Pulling fs layer 
Docker E2E	UNKNOWN STEP	2026-10-02T10:29:58.4880980Z  51096eb23faa Pulling fs layer 
Docker E2E	UNKNOWN STEP	2026-10-02T10:29:58.4882401Z  4f4fb700ef54 Pulling fs layer 
Docker E2E	UNKNOWN STEP	2026-10-02T10:29:58.4883270Z  b4bfdaf16fb9 Pulling fs layer 
Docker E2E	UNKNOWN STEP	2026-10-02T10:29:58.4884058Z  ae322d0b4216 Pulling fs layer 
Docker E2E	UNKNOWN STEP	2026-10-02T10:29:58.4884823Z  fcdedffe8dcb Pulling fs layer 
Docker E2E	UNKNOWN STEP	2026-10-02T10:29:58.4885645Z  c7fe7819114b Pulling fs layer 
Docker E2E	UNKNOWN STEP	2026-10-02T10:29:58.4887252Z  119f7366a2e0 Pulling fs layer 
Docker E2E	UNKNOWN STEP	2026-10-02T10:29:58.4888123Z  ef4131a874b6 Pulling fs layer 
Docker E2E	UNKNOWN STEP	2026-10-02T10:29:58.4888857Z  6b37362b3da7 Waiting 
Docker E2E	UNKNOWN STEP	2026-10-02T10:29:58.4889517Z  215869c9ffb9 Waiting 
Docker E2E	UNKNOWN STEP	2026-10-02T10:29:58.4890511Z  9b6866565b74 Waiting 
Docker E2E	UNKNOWN STEP	2026-10-02T10:29:58.4894067Z  6c771fe90ccb Waiting 
Docker E2E	UNKNOWN STEP	2026-10-02T10:29:58.4894756Z  28eb77c41f92 Waiting 
Docker E2E	UNKNOWN STEP	2026-10-02T10:29:58.4895251Z  3d65371285a9 Waiting 
Docker E2E	UNKNOWN STEP	2026-10-02T10:29:58.4895513Z  4d7d1f2229ea Waiting 
Docker E2E	UNKNOWN STEP	2026-10-02T10:29:58.4895808Z  9a9e523ba1c6 Waiting 
Docker E2E	UNKNOWN STEP	2026-10-02T10:29:58.4896179Z  345d40a81509 Waiting 
Docker E2E	UNKNOWN STEP	2026-10-02T10:29:58.4897406Z  82a7cee9903f Waiting 
Docker E2E	UNKNOWN STEP	2026-10-02T10:29:58.4897803Z  97b775105118 Waiting 
Docker E2E	UNKNOWN STEP	2026-10-02T10:29:58.4898159Z  8280252f5126 Waiting 
Docker E2E	UNKNOWN STEP	2026-10-02T10:29:58.4898524Z  51096eb23faa Waiting 
Docker E2E	UNKNOWN STEP	2026-10-02T10:29:58.4898934Z  4f4fb700ef54 Waiting 
Docker E2E	UNKNOWN STEP	2026-10-02T10:29:58.4899178Z  b4bfdaf16fb9 Waiting 
Docker E2E	UNKNOWN STEP	2026-10-02T10:29:58.4899397Z  ae322d0b4216 Waiting 
Docker E2E	UNKNOWN STEP	2026-10-02T10:29:58.4899613Z  fcdedffe8dcb Waiting 
Docker E2E	UNKNOWN STEP	2026-10-02T10:29:58.4899883Z  c7fe7819114b Waiting 
Docker E2E	UNKNOWN STEP	2026-10-02T10:29:58.4900259Z  119f7366a2e0 Waiting 
Docker E2E	UNKNOWN STEP	2026-10-02T10:29:58.4900512Z  ef4131a874b6 Waiting 
Docker E2E	UNKNOWN STEP	2026-10-02T10:29:58.5152968Z  d9b985643753 Downloading [==================================================>]     391B/391B
Docker E2E	UNKNOWN STEP	2026-10-02T10:29:58.5153835Z  d9b985643753 Verifying Checksum 
Docker E2E	UNKNOWN STEP	2026-10-02T10:29:58.5154392Z  d9b985643753 Download complete 
Docker E2E	UNKNOWN STEP	2026-10-02T10:29:58.5172045Z  2e22be087fd8 Downloading [==================================================>]  1.342kB/1.342kB
Docker E2E	UNKNOWN STEP	2026-10-02T10:29:58.5175963Z  2e22be087fd8 Verifying Checksum 
Docker E2E	UNKNOWN STEP	2026-10-02T10:29:58.5179503Z  2e22be087fd8 Download complete 
Docker E2E	UNKNOWN STEP	2026-10-02T10:29:58.5237649Z  09923199ca0e Downloading [>                                                  ]  425.4kB/41.57MB
Docker E2E	UNKNOWN STEP	2026-10-02T10:29:58.5498009Z  06237a023be8 Downloading [==================================================>]     116B/116B
Docker E2E	UNKNOWN STEP	2026-10-02T10:29:58.5519004Z  29aea408d531 Downloading [>                                                  ]  64.94kB/5.756MB
Docker E2E	UNKNOWN STEP	2026-10-02T10:29:58.5524546Z  06237a023be8 Verifying Checksum 
Docker E2E	UNKNOWN STEP	2026-10-02T10:29:58.5525164Z  06237a023be8 Download complete 
Docker E2E	UNKNOWN STEP	2026-10-02T10:29:58.5799760Z  29aea408d531 Verifying Checksum 
Docker E2E	UNKNOWN STEP	2026-10-02T10:29:58.5800733Z  29aea408d531 Download complete 
Docker E2E	UNKNOWN STEP	2026-10-02T10:29:58.5834947Z  be29340626a9 Downloading [==================================================>]     333B/333B
Docker E2E	UNKNOWN STEP	2026-10-02T10:29:58.5836711Z  be29340626a9 Verifying Checksum 
Docker E2E	UNKNOWN STEP	2026-10-02T10:29:58.5837312Z  be29340626a9 Download complete 
Docker E2E	UNKNOWN STEP	2026-10-02T10:29:58.6113692Z  9fbe1c7b50ad Downloading [===========================================>       ]  3.501kB/4.037kB
Docker E2E	UNKNOWN STEP	2026-10-02T10:29:58.6118755Z  9fbe1c7b50ad Downloading [==================================================>]  4.037kB/4.037kB
Docker E2E	UNKNOWN STEP	2026-10-02T10:29:58.6119805Z  9fbe1c7b50ad Verifying Checksum 
Docker E2E	UNKNOWN STEP	2026-10-02T10:29:58.6120384Z  9fbe1c7b50ad Download complete 
Docker E2E	UNKNOWN STEP	2026-10-02T10:29:58.6177471Z  35db766aaa46 Downloading [>                                                  ]  532.7kB/71.95MB
Docker E2E	UNKNOWN STEP	2026-10-02T10:29:58.6239750Z  09923199ca0e Downloading [===================================>               ]  29.39MB/41.57MB
Docker E2E	UNKNOWN STEP	2026-10-02T10:29:58.6388693Z  07aed2594a34 Downloading [====================>                              ]  3.501kB/8.498kB
Docker E2E	UNKNOWN STEP	2026-10-02T10:29:58.6390134Z  07aed2594a34 Downloading [==================================================>]  8.498kB/8.498kB
Docker E2E	UNKNOWN STEP	2026-10-02T10:29:58.6391170Z  07aed2594a34 Verifying Checksum 
Docker E2E	UNKNOWN STEP	2026-10-02T10:29:58.6391947Z  07aed2594a34 Download complete 
Docker E2E	UNKNOWN STEP	2026-10-02T10:29:58.6624634Z  09923199ca0e Verifying Checksum 
Docker E2E	UNKNOWN STEP	2026-10-02T10:29:58.6626042Z  09923199ca0e Download complete 
Docker E2E	UNKNOWN STEP	2026-10-02T10:29:58.6774974Z  6b37362b3da7 Downloading [>                                                  ]  310.7kB/29.83MB
Docker E2E	UNKNOWN STEP	2026-10-02T10:29:58.6985151Z  215869c9ffb9 Downloading [==================================================>]     227B/227B
Docker E2E	UNKNOWN STEP	2026-10-02T10:29:58.6997527Z  215869c9ffb9 Verifying Checksum 
Docker E2E	UNKNOWN STEP	2026-10-02T10:29:58.6998158Z  215869c9ffb9 Download complete 
Docker E2E	UNKNOWN STEP	2026-10-02T10:29:58.7203179Z  35db766aaa46 Downloading [=====================>                             ]  30.41MB/71.95MB
Docker E2E	UNKNOWN STEP	2026-10-02T10:29:58.7481476Z  9b6866565b74 Downloading [>                                                  ]  532.6kB/117.8MB
Docker E2E	UNKNOWN STEP	2026-10-02T10:29:58.7567310Z  09923199ca0e Extracting [>                                                  ]    426kB/41.57MB
Docker E2E	UNKNOWN STEP	2026-10-02T10:29:58.7780871Z  6b37362b3da7 Downloading [======================================>            ]  22.72MB/29.83MB
Docker E2E	UNKNOWN STEP	2026-10-02T10:29:58.8114535Z  6b37362b3da7 Verifying Checksum 
Docker E2E	UNKNOWN STEP	2026-10-02T10:29:58.8115302Z  6b37362b3da7 Download complete 
Docker E2E	UNKNOWN STEP	2026-10-02T10:29:58.8189689Z  35db766aaa46 Downloading [========================================>          ]  58.68MB/71.95MB
Docker E2E	UNKNOWN STEP	2026-10-02T10:29:58.8525931Z  9b6866565b74 Downloading [=======>                                           ]  17.58MB/117.8MB
Docker E2E	UNKNOWN STEP	2026-10-02T10:29:58.8684984Z  35db766aaa46 Verifying Checksum 
Docker E2E	UNKNOWN STEP	2026-10-02T10:29:58.8687399Z  35db766aaa46 Download complete 
Docker E2E	UNKNOWN STEP	2026-10-02T10:29:58.8693172Z  09923199ca0e Extracting [===>                                               ]  2.982MB/41.57MB
Docker E2E	UNKNOWN STEP	2026-10-02T10:29:58.8731488Z  6b37362b3da7 Extracting [>                                                  ]  327.7kB/29.83MB
Docker E2E	UNKNOWN STEP	2026-10-02T10:29:58.9019391Z  28eb77c41f92 Downloading [>                                                  ]  48.55kB/4.239MB
Docker E2E	UNKNOWN STEP	2026-10-02T10:29:58.9411326Z  28eb77c41f92 Verifying Checksum 
Docker E2E	UNKNOWN STEP	2026-10-02T10:29:58.9412585Z  28eb77c41f92 Download complete 
Docker E2E	UNKNOWN STEP	2026-10-02T10:29:58.9536720Z  9b6866565b74 Downloading [================>                                  ]  37.87MB/117.8MB
Docker E2E	UNKNOWN STEP	2026-10-02T10:29:58.9626140Z  6c771fe90ccb Downloading [==================================================>]     227B/227B
Docker E2E	UNKNOWN STEP	2026-10-02T10:29:58.9627815Z  6c771fe90ccb Download complete 
Docker E2E	UNKNOWN STEP	2026-10-02T10:29:58.9713636Z  3d65371285a9 Downloading [==================================================>]     425B/425B
Docker E2E	UNKNOWN STEP	2026-10-02T10:29:58.9726627Z  3d65371285a9 Verifying Checksum 
Docker E2E	UNKNOWN STEP	2026-10-02T10:29:58.9727532Z  3d65371285a9 Download complete 
Docker E2E	UNKNOWN STEP	2026-10-02T10:29:58.9749379Z  6b37362b3da7 Extracting [===>                                               ]  2.294MB/29.83MB
Docker E2E	UNKNOWN STEP	2026-10-02T10:29:58.9871575Z  09923199ca0e Extracting [========>                                          ]  6.816MB/41.57MB
Docker E2E	UNKNOWN STEP	2026-10-02T10:29:58.9958887Z  4d7d1f2229ea Downloading [==================================================>]     480B/480B
Docker E2E	UNKNOWN STEP	2026-10-02T10:29:58.9963093Z  4d7d1f2229ea Verifying Checksum 
Docker E2E	UNKNOWN STEP	2026-10-02T10:29:58.9964196Z  4d7d1f2229ea Download complete 
Docker E2E	UNKNOWN STEP	2026-10-02T10:29:59.0112369Z  9a9e523ba1c6 Downloading [>                                                  ]  146.9kB/14.64MB
Docker E2E	UNKNOWN STEP	2026-10-02T10:29:59.0359515Z  345d40a81509 Downloading [==================================================>]     488B/488B
Docker E2E	UNKNOWN STEP	2026-10-02T10:29:59.0360456Z  345d40a81509 Verifying Checksum 
Docker E2E	UNKNOWN STEP	2026-10-02T10:29:59.0363411Z  345d40a81509 Download complete 
Docker E2E	UNKNOWN STEP	2026-10-02T10:29:59.0547073Z  9b6866565b74 Downloading [==========================>                        ]  61.88MB/117.8MB
Docker E2E	UNKNOWN STEP	2026-10-02T10:29:59.0772489Z  82a7cee9903f Downloading [>                                                  ]  163.2kB/15.19MB
Docker E2E	UNKNOWN STEP	2026-10-02T10:29:59.0819458Z  6b37362b3da7 Extracting [========>                                          ]  5.243MB/29.83MB
Docker E2E	UNKNOWN STEP	2026-10-02T10:29:59.1059899Z  9a9e523ba1c6 Verifying Checksum 
Docker E2E	UNKNOWN STEP	2026-10-02T10:29:59.1063388Z  9a9e523ba1c6 Download complete 
Docker E2E	UNKNOWN STEP	2026-10-02T10:29:59.1080055Z  09923199ca0e Extracting [==========>                                        ]  8.946MB/41.57MB
Docker E2E	UNKNOWN STEP	2026-10-02T10:29:59.1404647Z  97b775105118 Downloading [==================================================>]  2.459kB/2.459kB
Docker E2E	UNKNOWN STEP	2026-10-02T10:29:59.1418321Z  97b775105118 Verifying Checksum 
Docker E2E	UNKNOWN STEP	2026-10-02T10:29:59.1419168Z  97b775105118 Download complete 
Docker E2E	UNKNOWN STEP	2026-10-02T10:29:59.1553505Z  9b6866565b74 Downloading [=====================================>             ]  88.57MB/117.8MB
Docker E2E	UNKNOWN STEP	2026-10-02T10:29:59.1732224Z  8280252f5126 Downloading [==================================================>]     245B/245B
Docker E2E	UNKNOWN STEP	2026-10-02T10:29:59.1736593Z  8280252f5126 Verifying Checksum 
Docker E2E	UNKNOWN STEP	2026-10-02T10:29:59.1739343Z  8280252f5126 Download complete 
Docker E2E	UNKNOWN STEP	2026-10-02T10:29:59.1772440Z  82a7cee9903f Verifying Checksum 
Docker E2E	UNKNOWN STEP	2026-10-02T10:29:59.1781691Z  82a7cee9903f Download complete 
Docker E2E	UNKNOWN STEP	2026-10-02T10:29:59.1911162Z  6b37362b3da7 Extracting [==============>                                    ]   8.52MB/29.83MB
Docker E2E	UNKNOWN STEP	2026-10-02T10:29:59.2071749Z  4f4fb700ef54 Downloading [==================================================>]      32B/32B
Docker E2E	UNKNOWN STEP	2026-10-02T10:29:59.2075650Z  4f4fb700ef54 Verifying Checksum 
Docker E2E	UNKNOWN STEP	2026-10-02T10:29:59.2077203Z  4f4fb700ef54 Download complete 
Docker E2E	UNKNOWN STEP	2026-10-02T10:29:59.2078513Z  51096eb23faa Downloading [==================================================>]     890B/890B
Docker E2E	UNKNOWN STEP	2026-10-02T10:29:59.2083095Z  51096eb23faa Verifying Checksum 
Docker E2E	UNKNOWN STEP	2026-10-02T10:29:59.2084041Z  51096eb23faa Download complete 
Docker E2E	UNKNOWN STEP	2026-10-02T10:29:59.2142814Z  09923199ca0e Extracting [=============>                                     ]  11.08MB/41.57MB
Docker E2E	UNKNOWN STEP	2026-10-02T10:29:59.2383590Z  ae322d0b4216 Downloading [==================================================>]     312B/312B
Docker E2E	UNKNOWN STEP	2026-10-02T10:29:59.2384846Z  ae322d0b4216 Verifying Checksum 
Docker E2E	UNKNOWN STEP	2026-10-02T10:29:59.2389129Z  ae322d0b4216 Download complete 
Docker E2E	UNKNOWN STEP	2026-10-02T10:29:59.2414842Z  b4bfdaf16fb9 Downloading [>                                                  ]  123.5kB/10.82MB
Docker E2E	UNKNOWN STEP	2026-10-02T10:29:59.2581339Z  9b6866565b74 Downloading [================================================>  ]  113.6MB/117.8MB
Docker E2E	UNKNOWN STEP	2026-10-02T10:29:59.2729291Z  fcdedffe8dcb Downloading [==================================================>]     256B/256B
Docker E2E	UNKNOWN STEP	2026-10-02T10:29:59.2739816Z  fcdedffe8dcb Verifying Checksum 
Docker E2E	UNKNOWN STEP	2026-10-02T10:29:59.2743330Z  fcdedffe8dcb Download complete 
Docker E2E	UNKNOWN STEP	2026-10-02T10:29:59.2790591Z  9b6866565b74 Verifying Checksum 
Docker E2E	UNKNOWN STEP	2026-10-02T10:29:59.2791585Z  9b6866565b74 Download complete 
Docker E2E	UNKNOWN STEP	2026-10-02T10:29:59.2938284Z  6b37362b3da7 Extracting [=================>                                 ]  10.16MB/29.83MB
Docker E2E	UNKNOWN STEP	2026-10-02T10:29:59.3068745Z  b4bfdaf16fb9 Verifying Checksum 
Docker E2E	UNKNOWN STEP	2026-10-02T10:29:59.3069325Z  b4bfdaf16fb9 Download complete 
Docker E2E	UNKNOWN STEP	2026-10-02T10:29:59.3082421Z  119f7366a2e0 Downloading [==================================================>]     115B/115B
Docker E2E	UNKNOWN STEP	2026-10-02T10:29:59.3083661Z  119f7366a2e0 Verifying Checksum 
Docker E2E	UNKNOWN STEP	2026-10-02T10:29:59.3084283Z  119f7366a2e0 Download complete 
Docker E2E	UNKNOWN STEP	2026-10-02T10:29:59.3085415Z  c7fe7819114b Downloading [>                                                  ]  16.38kB/833kB
Docker E2E	UNKNOWN STEP	2026-10-02T10:29:59.3150295Z  09923199ca0e Extracting [=================>                                 ]  14.91MB/41.57MB
Docker E2E	UNKNOWN STEP	2026-10-02T10:29:59.3236560Z  c7fe7819114b Verifying Checksum 
Docker E2E	UNKNOWN STEP	2026-10-02T10:29:59.3237095Z  c7fe7819114b Download complete 
Docker E2E	UNKNOWN STEP	2026-10-02T10:29:59.3394043Z  ef4131a874b6 Downloading [>                                                  ]  245.8kB/23.63MB
Docker E2E	UNKNOWN STEP	2026-10-02T10:29:59.3991317Z  6b37362b3da7 Extracting [====================>                              ]  12.45MB/29.83MB
Docker E2E	UNKNOWN STEP	2026-10-02T10:29:59.4293898Z  09923199ca0e Extracting [=====================>                             ]  17.89MB/41.57MB
Docker E2E	UNKNOWN STEP	2026-10-02T10:29:59.4352730Z  ef4131a874b6 Verifying Checksum 
Docker E2E	UNKNOWN STEP	2026-10-02T10:29:59.4353518Z  ef4131a874b6 Download complete 
Docker E2E	UNKNOWN STEP	2026-10-02T10:29:59.5045511Z  6b37362b3da7 Extracting [===============================>                   ]  19.01MB/29.83MB
Docker E2E	UNKNOWN STEP	2026-10-02T10:29:59.5315884Z  09923199ca0e Extracting [======================>                            ]  18.74MB/41.57MB
Docker E2E	UNKNOWN STEP	2026-10-02T10:29:59.6159863Z  6b37362b3da7 Extracting [==========================================>        ]  25.56MB/29.83MB
Docker E2E	UNKNOWN STEP	2026-10-02T10:29:59.6323393Z  09923199ca0e Extracting [========================>                          ]  20.45MB/41.57MB
Docker E2E	UNKNOWN STEP	2026-10-02T10:29:59.7353735Z  09923199ca0e Extracting [================================>                  ]  26.84MB/41.57MB
Docker E2E	UNKNOWN STEP	2026-10-02T10:29:59.8001156Z  6b37362b3da7 Extracting [===========================================>       ]  26.21MB/29.83MB
Docker E2E	UNKNOWN STEP	2026-10-02T10:29:59.8401033Z  09923199ca0e Extracting [========================================>          ]  33.65MB/41.57MB
Docker E2E	UNKNOWN STEP	2026-10-02T10:29:59.9231514Z  6b37362b3da7 Extracting [===============================================>   ]  28.51MB/29.83MB
Docker E2E	UNKNOWN STEP	2026-10-02T10:29:59.9694157Z  09923199ca0e Extracting [===========================================>       ]  35.78MB/41.57MB
Docker E2E	UNKNOWN STEP	2026-10-02T10:30:00.1428252Z  6b37362b3da7 Extracting [================================================>  ]  29.16MB/29.83MB
Docker E2E	UNKNOWN STEP	2026-10-02T10:30:00.1876858Z  09923199ca0e Extracting [===========================================>       ]  36.21MB/41.57MB
Docker E2E	UNKNOWN STEP	2026-10-02T10:30:00.2546667Z  6b37362b3da7 Extracting [==================================================>]  29.83MB/29.83MB
Docker E2E	UNKNOWN STEP	2026-10-02T10:30:00.2839144Z  6b37362b3da7 Pull complete 
Docker E2E	UNKNOWN STEP	2026-10-02T10:30:00.2860068Z  215869c9ffb9 Extracting [==================================================>]     227B/227B
Docker E2E	UNKNOWN STEP	2026-10-02T10:30:00.2865632Z  215869c9ffb9 Extracting [==================================================>]     227B/227B
Docker E2E	UNKNOWN STEP	2026-10-02T10:30:00.6511322Z  215869c9ffb9 Pull complete 
Docker E2E	UNKNOWN STEP	2026-10-02T10:30:00.8261537Z  9b6866565b74 Extracting [>                                                  ]  557.1kB/117.8MB
Docker E2E	UNKNOWN STEP	2026-10-02T10:30:00.8814411Z  09923199ca0e Extracting [==============================================>    ]  38.76MB/41.57MB
Docker E2E	UNKNOWN STEP	2026-10-02T10:30:00.9304600Z  9b6866565b74 Extracting [==>                                                ]  5.571MB/117.8MB
Docker E2E	UNKNOWN STEP	2026-10-02T10:30:01.0347490Z  9b6866565b74 Extracting [=====>                                             ]  12.26MB/117.8MB
Docker E2E	UNKNOWN STEP	2026-10-02T10:30:01.1435899Z  9b6866565b74 Extracting [========>                                          ]  20.61MB/117.8MB
Docker E2E	UNKNOWN STEP	2026-10-02T10:30:01.2478358Z  9b6866565b74 Extracting [=========>                                         ]   23.4MB/117.8MB
Docker E2E	UNKNOWN STEP	2026-10-02T10:30:01.3992061Z  9b6866565b74 Extracting [==========>                                        ]  24.51MB/117.8MB
Docker E2E	UNKNOWN STEP	2026-10-02T10:30:01.5407380Z  09923199ca0e Extracting [===============================================>   ]  39.19MB/41.57MB
Docker E2E	UNKNOWN STEP	2026-10-02T10:30:01.7652440Z  9b6866565b74 Extracting [==========>                                        ]  25.07MB/117.8MB
Docker E2E	UNKNOWN STEP	2026-10-02T10:30:02.0698001Z  9b6866565b74 Extracting [===========>                                       ]  26.18MB/117.8MB
Docker E2E	UNKNOWN STEP	2026-10-02T10:30:02.3049487Z  09923199ca0e Extracting [===============================================>   ]  39.62MB/41.57MB
Docker E2E	UNKNOWN STEP	2026-10-02T10:30:02.3958083Z  9b6866565b74 Extracting [===========>                                       ]  26.74MB/117.8MB
Docker E2E	UNKNOWN STEP	2026-10-02T10:30:02.4662646Z  09923199ca0e Extracting [================================================>  ]  40.47MB/41.57MB
Docker E2E	UNKNOWN STEP	2026-10-02T10:30:02.6975181Z  09923199ca0e Extracting [=================================================> ]  40.89MB/41.57MB
Docker E2E	UNKNOWN STEP	2026-10-02T10:30:02.8012187Z  9b6866565b74 Extracting [===========>                                       ]   27.3MB/117.8MB
Docker E2E	UNKNOWN STEP	2026-10-02T10:30:02.8969726Z  09923199ca0e Extracting [=================================================> ]  41.32MB/41.57MB
Docker E2E	UNKNOWN STEP	2026-10-02T10:30:03.6235502Z  9b6866565b74 Extracting [===========>                                       ]  27.85MB/117.8MB
Docker E2E	UNKNOWN STEP	2026-10-02T10:30:03.6717999Z  09923199ca0e Extracting [==================================================>]  41.57MB/41.57MB
Docker E2E	UNKNOWN STEP	2026-10-02T10:30:03.7244741Z  9b6866565b74 Extracting [=============>                                     ]   31.2MB/117.8MB
Docker E2E	UNKNOWN STEP	2026-10-02T10:30:03.8511811Z  09923199ca0e Pull complete 
Docker E2E	UNKNOWN STEP	2026-10-02T10:30:03.8527156Z  d9b985643753 Extracting [==================================================>]     391B/391B
Docker E2E	UNKNOWN STEP	2026-10-02T10:30:03.8534063Z  d9b985643753 Extracting [==================================================>]     391B/391B
Docker E2E	UNKNOWN STEP	2026-10-02T10:30:03.8548967Z  9b6866565b74 Extracting [==============>                                    ]  33.98MB/117.8MB
Docker E2E	UNKNOWN STEP	2026-10-02T10:30:04.0660302Z  9b6866565b74 Extracting [===============>                                   ]  36.21MB/117.8MB
Docker E2E	UNKNOWN STEP	2026-10-02T10:30:04.0662964Z  d9b985643753 Pull complete 
Docker E2E	UNKNOWN STEP	2026-10-02T10:30:04.0675702Z  2e22be087fd8 Extracting [==================================================>]  1.342kB/1.342kB
Docker E2E	UNKNOWN STEP	2026-10-02T10:30:04.0680976Z  2e22be087fd8 Extracting [==================================================>]  1.342kB/1.342kB
Docker E2E	UNKNOWN STEP	2026-10-02T10:30:04.0850420Z  2e22be087fd8 Pull complete 
Docker E2E	UNKNOWN STEP	2026-10-02T10:30:04.0870238Z  29aea408d531 Extracting [>                                                  ]  65.54kB/5.756MB
Docker E2E	UNKNOWN STEP	2026-10-02T10:30:04.1714365Z  9b6866565b74 Extracting [================>                                  ]  39.55MB/117.8MB
Docker E2E	UNKNOWN STEP	2026-10-02T10:30:04.1881962Z  29aea408d531 Extracting [======================>                            ]  2.621MB/5.756MB
Docker E2E	UNKNOWN STEP	2026-10-02T10:30:04.2782407Z  9b6866565b74 Extracting [===================>                               ]  46.24MB/117.8MB
Docker E2E	UNKNOWN STEP	2026-10-02T10:30:04.3322459Z  29aea408d531 Extracting [============================================>      ]  5.177MB/5.756MB
Docker E2E	UNKNOWN STEP	2026-10-02T10:30:04.3845096Z  9b6866565b74 Extracting [======================>                            ]  53.48MB/117.8MB
Docker E2E	UNKNOWN STEP	2026-10-02T10:30:04.4338699Z  29aea408d531 Extracting [==============================================>    ]  5.374MB/5.756MB
Docker E2E	UNKNOWN STEP	2026-10-02T10:30:04.4675022Z  29aea408d531 Extracting [==================================================>]  5.756MB/5.756MB
Docker E2E	UNKNOWN STEP	2026-10-02T10:30:04.4847146Z  9b6866565b74 Extracting [=========================>                         ]  60.72MB/117.8MB
Docker E2E	UNKNOWN STEP	2026-10-02T10:30:04.5308786Z  29aea408d531 Pull complete 
Docker E2E	UNKNOWN STEP	2026-10-02T10:30:04.5322487Z  06237a023be8 Extracting [==================================================>]     116B/116B
Docker E2E	UNKNOWN STEP	2026-10-02T10:30:04.5326706Z  06237a023be8 Extracting [==================================================>]     116B/116B
Docker E2E	UNKNOWN STEP	2026-10-02T10:30:04.5424387Z  06237a023be8 Pull complete 
Docker E2E	UNKNOWN STEP	2026-10-02T10:30:04.5437254Z  be29340626a9 Extracting [==================================================>]     333B/333B
Docker E2E	UNKNOWN STEP	2026-10-02T10:30:04.5438350Z  be29340626a9 Extracting [==================================================>]     333B/333B
Docker E2E	UNKNOWN STEP	2026-10-02T10:30:04.5557523Z  be29340626a9 Pull complete 
Docker E2E	UNKNOWN STEP	2026-10-02T10:30:04.5868811Z  35db766aaa46 Extracting [>                                                  ]  557.1kB/71.95MB
Docker E2E	UNKNOWN STEP	2026-10-02T10:30:04.6156085Z  9b6866565b74 Extracting [==========================>                        ]  62.95MB/117.8MB
Docker E2E	UNKNOWN STEP	2026-10-02T10:30:04.6967913Z  35db766aaa46 Extracting [===>                                               ]  5.571MB/71.95MB
Docker E2E	UNKNOWN STEP	2026-10-02T10:30:04.7500440Z  9b6866565b74 Extracting [============================>                      ]  66.85MB/117.8MB
Docker E2E	UNKNOWN STEP	2026-10-02T10:30:04.8015032Z  35db766aaa46 Extracting [========>                                          ]   11.7MB/71.95MB
Docker E2E	UNKNOWN STEP	2026-10-02T10:30:04.8558575Z  9b6866565b74 Extracting [===============================>                   ]  74.65MB/117.8MB
Docker E2E	UNKNOWN STEP	2026-10-02T10:30:04.9036888Z  35db766aaa46 Extracting [============>                                      ]  17.83MB/71.95MB
Docker E2E	UNKNOWN STEP	2026-10-02T10:30:04.9560192Z  9b6866565b74 Extracting [==================================>                ]  81.33MB/117.8MB
Docker E2E	UNKNOWN STEP	2026-10-02T10:30:05.0170670Z  35db766aaa46 Extracting [===============>                                   ]  22.84MB/71.95MB
Docker E2E	UNKNOWN STEP	2026-10-02T10:30:05.0560404Z  9b6866565b74 Extracting [=====================================>             ]  89.13MB/117.8MB
Docker E2E	UNKNOWN STEP	2026-10-02T10:30:05.1200392Z  35db766aaa46 Extracting [===================>                               ]  27.85MB/71.95MB
Docker E2E	UNKNOWN STEP	2026-10-02T10:30:05.1600455Z  9b6866565b74 Extracting [========================================>          ]  96.37MB/117.8MB
Docker E2E	UNKNOWN STEP	2026-10-02T10:30:05.2203651Z  35db766aaa46 Extracting [======================>                            ]  32.31MB/71.95MB
Docker E2E	UNKNOWN STEP	2026-10-02T10:30:05.2634988Z  9b6866565b74 Extracting [============================================>      ]  104.2MB/117.8MB
Docker E2E	UNKNOWN STEP	2026-10-02T10:30:05.3241649Z  35db766aaa46 Extracting [============================>                      ]  40.67MB/71.95MB
Docker E2E	UNKNOWN STEP	2026-10-02T10:30:05.3717369Z  9b6866565b74 Extracting [===============================================>   ]  111.4MB/117.8MB
Docker E2E	UNKNOWN STEP	2026-10-02T10:30:05.4323393Z  35db766aaa46 Extracting [===============================>                   ]  45.68MB/71.95MB
Docker E2E	UNKNOWN STEP	2026-10-02T10:30:05.5342671Z  35db766aaa46 Extracting [==================================>                ]  49.58MB/71.95MB
Docker E2E	UNKNOWN STEP	2026-10-02T10:30:05.5471107Z  9b6866565b74 Extracting [===============================================>   ]  112.5MB/117.8MB
Docker E2E	UNKNOWN STEP	2026-10-02T10:30:05.6368737Z  35db766aaa46 Extracting [====================================>              ]  52.36MB/71.95MB
Docker E2E	UNKNOWN STEP	2026-10-02T10:30:05.6741826Z  9b6866565b74 Extracting [================================================>  ]  114.2MB/117.8MB
Docker E2E	UNKNOWN STEP	2026-10-02T10:30:05.7410266Z  35db766aaa46 Extracting [=====================================>             ]  54.59MB/71.95MB
Docker E2E	UNKNOWN STEP	2026-10-02T10:30:05.8194060Z  9b6866565b74 Extracting [================================================>  ]  115.3MB/117.8MB
Docker E2E	UNKNOWN STEP	2026-10-02T10:30:05.8473918Z  35db766aaa46 Extracting [==========================================>        ]  60.72MB/71.95MB
Docker E2E	UNKNOWN STEP	2026-10-02T10:30:06.0004197Z  35db766aaa46 Extracting [=============================================>     ]  65.73MB/71.95MB
Docker E2E	UNKNOWN STEP	2026-10-02T10:30:06.0752649Z  9b6866565b74 Extracting [=================================================> ]    117MB/117.8MB
Docker E2E	UNKNOWN STEP	2026-10-02T10:30:06.1283781Z  35db766aaa46 Extracting [===============================================>   ]  67.96MB/71.95MB
Docker E2E	UNKNOWN STEP	2026-10-02T10:30:06.2078353Z  9b6866565b74 Extracting [==================================================>]  117.8MB/117.8MB
Docker E2E	UNKNOWN STEP	2026-10-02T10:30:06.3312855Z  35db766aaa46 Extracting [================================================>  ]  69.63MB/71.95MB
Docker E2E	UNKNOWN STEP	2026-10-02T10:30:06.4931480Z  35db766aaa46 Extracting [=================================================> ]   71.3MB/71.95MB
Docker E2E	UNKNOWN STEP	2026-10-02T10:30:06.7177211Z  35db766aaa46 Extracting [=================================================> ]  71.86MB/71.95MB
Docker E2E	UNKNOWN STEP	2026-10-02T10:30:06.8104432Z  35db766aaa46 Extracting [==================================================>]  71.95MB/71.95MB
Docker E2E	UNKNOWN STEP	2026-10-02T10:30:07.0243652Z  9b6866565b74 Pull complete 
Docker E2E	UNKNOWN STEP	2026-10-02T10:30:07.0255480Z  35db766aaa46 Pull complete 
Docker E2E	UNKNOWN STEP	2026-10-02T10:30:07.0260577Z  6c771fe90ccb Extracting [==================================================>]     227B/227B
Docker E2E	UNKNOWN STEP	2026-10-02T10:30:07.0263857Z  6c771fe90ccb Extracting [==================================================>]     227B/227B
Docker E2E	UNKNOWN STEP	2026-10-02T10:30:07.0273017Z  9fbe1c7b50ad Extracting [==================================================>]  4.037kB/4.037kB
Docker E2E	UNKNOWN STEP	2026-10-02T10:30:07.0276819Z  9fbe1c7b50ad Extracting [==================================================>]  4.037kB/4.037kB
Docker E2E	UNKNOWN STEP	2026-10-02T10:30:07.0415643Z  9fbe1c7b50ad Pull complete 
Docker E2E	UNKNOWN STEP	2026-10-02T10:30:07.0430212Z  07aed2594a34 Extracting [==================================================>]  8.498kB/8.498kB
Docker E2E	UNKNOWN STEP	2026-10-02T10:30:07.0431663Z  07aed2594a34 Extracting [==================================================>]  8.498kB/8.498kB
Docker E2E	UNKNOWN STEP	2026-10-02T10:30:07.0432789Z  6c771fe90ccb Pull complete 
Docker E2E	UNKNOWN STEP	2026-10-02T10:30:07.0447544Z  28eb77c41f92 Extracting [>                                                  ]  65.54kB/4.239MB
Docker E2E	UNKNOWN STEP	2026-10-02T10:30:07.0592818Z  07aed2594a34 Pull complete 
Docker E2E	UNKNOWN STEP	2026-10-02T10:30:07.0648754Z  db Pulled 
Docker E2E	UNKNOWN STEP	2026-10-02T10:30:07.1451228Z  28eb77c41f92 Extracting [==============>                                    ]  1.245MB/4.239MB
Docker E2E	UNKNOWN STEP	2026-10-02T10:30:07.2818884Z  28eb77c41f92 Extracting [==================================================>]  4.239MB/4.239MB
Docker E2E	UNKNOWN STEP	2026-10-02T10:30:07.2966007Z  28eb77c41f92 Extracting [==================================================>]  4.239MB/4.239MB
Docker E2E	UNKNOWN STEP	2026-10-02T10:30:07.3292261Z  28eb77c41f92 Pull complete 
Docker E2E	UNKNOWN STEP	2026-10-02T10:30:07.3302929Z  3d65371285a9 Extracting [==================================================>]     425B/425B
Docker E2E	UNKNOWN STEP	2026-10-02T10:30:07.3306842Z  3d65371285a9 Extracting [==================================================>]     425B/425B
Docker E2E	UNKNOWN STEP	2026-10-02T10:30:07.3456127Z  3d65371285a9 Pull complete 
Docker E2E	UNKNOWN STEP	2026-10-02T10:30:07.3465390Z  4d7d1f2229ea Extracting [==================================================>]     480B/480B
Docker E2E	UNKNOWN STEP	2026-10-02T10:30:07.3469259Z  4d7d1f2229ea Extracting [==================================================>]     480B/480B
Docker E2E	UNKNOWN STEP	2026-10-02T10:30:07.3568157Z  4d7d1f2229ea Pull complete 
Docker E2E	UNKNOWN STEP	2026-10-02T10:30:07.3587285Z  9a9e523ba1c6 Extracting [>                                                  ]  163.8kB/14.64MB
Docker E2E	UNKNOWN STEP	2026-10-02T10:30:07.4153998Z  9a9e523ba1c6 Extracting [==================================================>]  14.64MB/14.64MB
Docker E2E	UNKNOWN STEP	2026-10-02T10:30:07.4344387Z  9a9e523ba1c6 Pull complete 
Docker E2E	UNKNOWN STEP	2026-10-02T10:30:07.4356201Z  345d40a81509 Extracting [==================================================>]     488B/488B
Docker E2E	UNKNOWN STEP	2026-10-02T10:30:07.4358907Z  345d40a81509 Extracting [==================================================>]     488B/488B
Docker E2E	UNKNOWN STEP	2026-10-02T10:30:07.4443845Z  345d40a81509 Pull complete 
Docker E2E	UNKNOWN STEP	2026-10-02T10:30:07.4463114Z  82a7cee9903f Extracting [>                                                  ]  163.8kB/15.19MB
Docker E2E	UNKNOWN STEP	2026-10-02T10:30:07.5479236Z  82a7cee9903f Extracting [==================>                                ]  5.734MB/15.19MB
Docker E2E	UNKNOWN STEP	2026-10-02T10:30:07.6562961Z  82a7cee9903f Extracting [=====================================>             ]   11.3MB/15.19MB
Docker E2E	UNKNOWN STEP	2026-10-02T10:30:07.7588524Z  82a7cee9903f Extracting [=============================================>     ]  13.93MB/15.19MB
Docker E2E	UNKNOWN STEP	2026-10-02T10:30:07.8599453Z  82a7cee9903f Extracting [=================================================> ]  14.91MB/15.19MB
Docker E2E	UNKNOWN STEP	2026-10-02T10:30:07.8667332Z  82a7cee9903f Extracting [==================================================>]  15.19MB/15.19MB
Docker E2E	UNKNOWN STEP	2026-10-02T10:30:07.9153016Z  82a7cee9903f Pull complete 
Docker E2E	UNKNOWN STEP	2026-10-02T10:30:07.9163450Z  97b775105118 Extracting [==================================================>]  2.459kB/2.459kB
Docker E2E	UNKNOWN STEP	2026-10-02T10:30:07.9168533Z  97b775105118 Extracting [==================================================>]  2.459kB/2.459kB
Docker E2E	UNKNOWN STEP	2026-10-02T10:30:07.9255889Z  97b775105118 Pull complete 
Docker E2E	UNKNOWN STEP	2026-10-02T10:30:07.9265499Z  8280252f5126 Extracting [==================================================>]     245B/245B
Docker E2E	UNKNOWN STEP	2026-10-02T10:30:07.9270520Z  8280252f5126 Extracting [==================================================>]     245B/245B
Docker E2E	UNKNOWN STEP	2026-10-02T10:30:07.9341770Z  8280252f5126 Pull complete 
Docker E2E	UNKNOWN STEP	2026-10-02T10:30:07.9352504Z  51096eb23faa Extracting [==================================================>]     890B/890B
Docker E2E	UNKNOWN STEP	2026-10-02T10:30:07.9357549Z  51096eb23faa Extracting [==================================================>]     890B/890B
Docker E2E	UNKNOWN STEP	2026-10-02T10:30:07.9422266Z  51096eb23faa Pull complete 
Docker E2E	UNKNOWN STEP	2026-10-02T10:30:07.9433094Z  4f4fb700ef54 Extracting [==================================================>]      32B/32B
Docker E2E	UNKNOWN STEP	2026-10-02T10:30:07.9441817Z  4f4fb700ef54 Extracting [==================================================>]      32B/32B
Docker E2E	UNKNOWN STEP	2026-10-02T10:30:07.9489517Z  4f4fb700ef54 Pull complete 
Docker E2E	UNKNOWN STEP	2026-10-02T10:30:07.9511674Z  b4bfdaf16fb9 Extracting [>                                                  ]  131.1kB/10.82MB
Docker E2E	UNKNOWN STEP	2026-10-02T10:30:08.0516544Z  b4bfdaf16fb9 Extracting [========================>                          ]  5.374MB/10.82MB
Docker E2E	UNKNOWN STEP	2026-10-02T10:30:08.1550614Z  b4bfdaf16fb9 Extracting [==================================================>]  10.82MB/10.82MB
Docker E2E	UNKNOWN STEP	2026-10-02T10:30:08.1775831Z  b4bfdaf16fb9 Pull complete 
Docker E2E	UNKNOWN STEP	2026-10-02T10:30:08.1785113Z  ae322d0b4216 Extracting [==================================================>]     312B/312B
Docker E2E	UNKNOWN STEP	2026-10-02T10:30:08.1794982Z  ae322d0b4216 Extracting [==================================================>]     312B/312B
Docker E2E	UNKNOWN STEP	2026-10-02T10:30:08.1865620Z  ae322d0b4216 Pull complete 
Docker E2E	UNKNOWN STEP	2026-10-02T10:30:08.1876619Z  fcdedffe8dcb Extracting [==================================================>]     256B/256B
Docker E2E	UNKNOWN STEP	2026-10-02T10:30:08.1880443Z  fcdedffe8dcb Extracting [==================================================>]     256B/256B
Docker E2E	UNKNOWN STEP	2026-10-02T10:30:08.1953095Z  fcdedffe8dcb Pull complete 
Docker E2E	UNKNOWN STEP	2026-10-02T10:30:08.1979712Z  c7fe7819114b Extracting [=>                                                 ]  32.77kB/833kB
Docker E2E	UNKNOWN STEP	2026-10-02T10:30:08.2108170Z  c7fe7819114b Extracting [==================================================>]    833kB/833kB
Docker E2E	UNKNOWN STEP	2026-10-02T10:30:08.2111753Z  c7fe7819114b Extracting [==================================================>]    833kB/833kB
Docker E2E	UNKNOWN STEP	2026-10-02T10:30:08.2179095Z  c7fe7819114b Pull complete 
Docker E2E	UNKNOWN STEP	2026-10-02T10:30:08.2190353Z  119f7366a2e0 Extracting [==================================================>]     115B/115B
Docker E2E	UNKNOWN STEP	2026-10-02T10:30:08.2193530Z  119f7366a2e0 Extracting [==================================================>]     115B/115B
Docker E2E	UNKNOWN STEP	2026-10-02T10:30:08.2304422Z  119f7366a2e0 Pull complete 
Docker E2E	UNKNOWN STEP	2026-10-02T10:30:08.2526401Z  ef4131a874b6 Extracting [>                                                  ]  262.1kB/23.63MB
Docker E2E	UNKNOWN STEP	2026-10-02T10:30:08.3924343Z  ef4131a874b6 Extracting [=>                                                 ]  786.4kB/23.63MB
Docker E2E	UNKNOWN STEP	2026-10-02T10:30:08.5582223Z  ef4131a874b6 Extracting [==>                                                ]  1.311MB/23.63MB
Docker E2E	UNKNOWN STEP	2026-10-02T10:30:08.7240468Z  ef4131a874b6 Extracting [===>                                               ]  1.835MB/23.63MB
Docker E2E	UNKNOWN STEP	2026-10-02T10:30:08.8405644Z  ef4131a874b6 Extracting [=====>                                             ]  2.621MB/23.63MB
Docker E2E	UNKNOWN STEP	2026-10-02T10:30:08.9459223Z  ef4131a874b6 Extracting [======>                                            ]  2.884MB/23.63MB
Docker E2E	UNKNOWN STEP	2026-10-02T10:30:09.1179651Z  ef4131a874b6 Extracting [=======>                                           ]   3.67MB/23.63MB
Docker E2E	UNKNOWN STEP	2026-10-02T10:30:09.2475557Z  ef4131a874b6 Extracting [========>                                          ]  3.932MB/23.63MB
Docker E2E	UNKNOWN STEP	2026-10-02T10:30:09.5154274Z  ef4131a874b6 Extracting [=========>                                         ]  4.456MB/23.63MB
Docker E2E	UNKNOWN STEP	2026-10-02T10:30:09.6553090Z  ef4131a874b6 Extracting [=========>                                         ]  4.719MB/23.63MB
Docker E2E	UNKNOWN STEP	2026-10-02T10:30:09.7963121Z  ef4131a874b6 Extracting [============>                                      ]  5.767MB/23.63MB
Docker E2E	UNKNOWN STEP	2026-10-02T10:30:09.8972762Z  ef4131a874b6 Extracting [============>                                      ]  6.029MB/23.63MB
Docker E2E	UNKNOWN STEP	2026-10-02T10:30:10.0531132Z  ef4131a874b6 Extracting [=============>                                     ]  6.554MB/23.63MB
Docker E2E	UNKNOWN STEP	2026-10-02T10:30:10.1803560Z  ef4131a874b6 Extracting [==============>                                    ]  7.078MB/23.63MB
Docker E2E	UNKNOWN STEP	2026-10-02T10:30:10.3478270Z  ef4131a874b6 Extracting [================>                                  ]  7.602MB/23.63MB
Docker E2E	UNKNOWN STEP	2026-10-02T10:30:10.5547171Z  ef4131a874b6 Extracting [=================>                                 ]  8.126MB/23.63MB
Docker E2E	UNKNOWN STEP	2026-10-02T10:30:10.7160757Z  ef4131a874b6 Extracting [==================>                                ]  8.651MB/23.63MB
Docker E2E	UNKNOWN STEP	2026-10-02T10:30:10.8758199Z  ef4131a874b6 Extracting [==================>                                ]  8.913MB/23.63MB
Docker E2E	UNKNOWN STEP	2026-10-02T10:30:11.0344060Z  ef4131a874b6 Extracting [===================>                               ]  9.437MB/23.63MB
Docker E2E	UNKNOWN STEP	2026-10-02T10:30:11.1489656Z  ef4131a874b6 Extracting [====================>                              ]  9.699MB/23.63MB
Docker E2E	UNKNOWN STEP	2026-10-02T10:30:11.3399364Z  ef4131a874b6 Extracting [=====================>                             ]  10.22MB/23.63MB
Docker E2E	UNKNOWN STEP	2026-10-02T10:30:11.4737832Z  ef4131a874b6 Extracting [======================>                            ]  10.75MB/23.63MB
Docker E2E	UNKNOWN STEP	2026-10-02T10:30:11.6051326Z  ef4131a874b6 Extracting [=======================>                           ]  11.01MB/23.63MB
Docker E2E	UNKNOWN STEP	2026-10-02T10:30:11.7962179Z  ef4131a874b6 Extracting [========================>                          ]  11.53MB/23.63MB
Docker E2E	UNKNOWN STEP	2026-10-02T10:30:11.9227155Z  ef4131a874b6 Extracting [========================>                          ]   11.8MB/23.63MB
Docker E2E	UNKNOWN STEP	2026-10-02T10:30:12.1046751Z  ef4131a874b6 Extracting [===========================>                       ]  12.85MB/23.63MB
Docker E2E	UNKNOWN STEP	2026-10-02T10:30:12.2229978Z  ef4131a874b6 Extracting [===========================>                       ]  13.11MB/23.63MB
Docker E2E	UNKNOWN STEP	2026-10-02T10:30:12.3455083Z  ef4131a874b6 Extracting [============================>                      ]  13.37MB/23.63MB
Docker E2E	UNKNOWN STEP	2026-10-02T10:30:12.4515561Z  ef4131a874b6 Extracting [============================>                      ]  13.63MB/23.63MB
Docker E2E	UNKNOWN STEP	2026-10-02T10:30:12.5603088Z  ef4131a874b6 Extracting [=============================>                     ]  13.89MB/23.63MB
Docker E2E	UNKNOWN STEP	2026-10-02T10:30:12.9776192Z  ef4131a874b6 Extracting [=================================>                 ]  15.73MB/23.63MB
Docker E2E	UNKNOWN STEP	2026-10-02T10:30:13.0964482Z  ef4131a874b6 Extracting [=================================>                 ]  15.99MB/23.63MB
Docker E2E	UNKNOWN STEP	2026-10-02T10:30:13.2744985Z  ef4131a874b6 Extracting [==================================>                ]  16.25MB/23.63MB
Docker E2E	UNKNOWN STEP	2026-10-02T10:30:13.3924429Z  ef4131a874b6 Extracting [==================================>                ]  16.52MB/23.63MB
Docker E2E	UNKNOWN STEP	2026-10-02T10:30:13.4981826Z  ef4131a874b6 Extracting [===================================>               ]  16.78MB/23.63MB
Docker E2E	UNKNOWN STEP	2026-10-02T10:30:13.6901457Z  ef4131a874b6 Extracting [====================================>              ]   17.3MB/23.63MB
Docker E2E	UNKNOWN STEP	2026-10-02T10:30:13.8737246Z  ef4131a874b6 Extracting [=====================================>             ]  17.83MB/23.63MB
Docker E2E	UNKNOWN STEP	2026-10-02T10:30:14.0762657Z  ef4131a874b6 Extracting [==========================================>        ]  20.19MB/23.63MB
Docker E2E	UNKNOWN STEP	2026-10-02T10:30:14.2258502Z  ef4131a874b6 Extracting [===========================================>       ]  20.71MB/23.63MB
Docker E2E	UNKNOWN STEP	2026-10-02T10:30:14.4395859Z  ef4131a874b6 Extracting [============================================>      ]  21.23MB/23.63MB
Docker E2E	UNKNOWN STEP	2026-10-02T10:30:14.6245083Z  ef4131a874b6 Extracting [==============================================>    ]  21.76MB/23.63MB
Docker E2E	UNKNOWN STEP	2026-10-02T10:30:14.7780133Z  ef4131a874b6 Extracting [==============================================>    ]  22.02MB/23.63MB
Docker E2E	UNKNOWN STEP	2026-10-02T10:30:14.9026772Z  ef4131a874b6 Extracting [===============================================>   ]  22.54MB/23.63MB
Docker E2E	UNKNOWN STEP	2026-10-02T10:30:15.0282272Z  ef4131a874b6 Extracting [=================================================> ]  23.33MB/23.63MB
Docker E2E	UNKNOWN STEP	2026-10-02T10:30:15.1303746Z  ef4131a874b6 Extracting [=================================================> ]  23.59MB/23.63MB
Docker E2E	UNKNOWN STEP	2026-10-02T10:30:15.1707387Z  ef4131a874b6 Extracting [==================================================>]  23.63MB/23.63MB
Docker E2E	UNKNOWN STEP	2026-10-02T10:30:15.6530812Z  ef4131a874b6 Pull complete 
Docker E2E	UNKNOWN STEP	2026-10-02T10:30:15.6585791Z  drupal Pulled 
Docker E2E	UNKNOWN STEP	2026-10-02T10:30:24.9158748Z ##[group]Run bun run test:e2e:coverage
Docker E2E	UNKNOWN STEP	2026-10-02T10:30:24.9159126Z ^[[36;1mbun run test:e2e:coverage^[[0m
Docker E2E	UNKNOWN STEP	2026-10-02T10:30:24.9221418Z shell: /usr/bin/bash -e {0}
Docker E2E	UNKNOWN STEP	2026-10-02T10:30:24.9221668Z env:
Docker E2E	UNKNOWN STEP	2026-10-02T10:30:24.9221860Z   REQUIRE_DOCKER: 1
Docker E2E	UNKNOWN STEP	2026-10-02T10:30:24.9222071Z ##[endgroup]
Docker E2E	UNKNOWN STEP	2026-10-02T10:30:24.9336872Z $ vitest run --project=e2e --coverage
Docker E2E	UNKNOWN STEP	2026-10-02T10:30:25.3322348Z 
Docker E2E	UNKNOWN STEP	2026-10-02T10:30:25.3326396Z ^[[1m^[[30m^[[46m RUN ^[[49m^[[39m^[[22m ^[[36mv4.1.10 ^[[39m^[[90m/home/runner/work/drangler/drangler^[[39m
Docker E2E	UNKNOWN STEP	2026-10-02T10:30:25.3327438Z       ^[[2mCoverage enabled with ^[[22m^[[33mv8^[[39m
Docker E2E	UNKNOWN STEP	2026-10-02T10:30:25.3327818Z 
Docker E2E	UNKNOWN STEP	2026-10-02T10:30:26.4854670Z Cloning into '/tmp/drangler-e2e-modify-a84DWt/worker'...
Docker E2E	UNKNOWN STEP	2026-10-02T10:30:27.2990831Z bun install v1.4.2 (744846f84)
Docker E2E	UNKNOWN STEP	2026-10-02T10:30:28.6655474Z 
Docker E2E	UNKNOWN STEP	2026-10-02T10:30:28.6657153Z $ bun scripts/gen-lock-versions.ts && bun scripts/restore-artifacts.ts
Docker E2E	UNKNOWN STEP	2026-10-02T10:30:28.6784349Z {
Docker E2E	UNKNOWN STEP	2026-10-02T10:30:28.6784634Z   "packages": 76,
Docker E2E	UNKNOWN STEP	2026-10-02T10:30:28.6785035Z   "virtual": 37,
Docker E2E	UNKNOWN STEP	2026-10-02T10:30:28.6785266Z   "core": "11.4.7",
Docker E2E	UNKNOWN STEP	2026-10-02T10:30:28.6785490Z   "bytes": 4562
Docker E2E	UNKNOWN STEP	2026-10-02T10:30:28.6785686Z }
Docker E2E	UNKNOWN STEP	2026-10-02T10:30:29.2809797Z restore-artifacts: .interp/php8.5.wasm (13401742 bytes, sha256 verified)
Docker E2E	UNKNOWN STEP	2026-10-02T10:30:29.3350642Z restore-artifacts: .interp/php8.5-worker.mjs (876467 bytes, sha256 verified)
Docker E2E	UNKNOWN STEP	2026-10-02T10:30:29.6581842Z restore-artifacts: tuned glue -> /tmp/drangler-e2e-modify-a84DWt/worker/.interp/php8.5-worker.tuned.mjs
Docker E2E	UNKNOWN STEP	2026-10-02T10:30:29.6824105Z restore-artifacts: tuned interpreter -> /tmp/drangler-e2e-modify-a84DWt/worker/.interp/php8.5.tuned.wasm (64 MiB)
Docker E2E	UNKNOWN STEP	2026-10-02T10:30:29.6825736Z restore-artifacts: 2 downloaded, 0 already current
Docker E2E	UNKNOWN STEP	2026-10-02T10:30:29.6868507Z $ husky
Docker E2E	UNKNOWN STEP	2026-10-02T10:30:29.7630797Z 
Docker E2E	UNKNOWN STEP	2026-10-02T10:30:29.7633145Z + @cloudflare/containers@0.3.7
Docker E2E	UNKNOWN STEP	2026-10-02T10:30:29.7633827Z + @cloudflare/vitest-pool-workers@0.22.0
Docker E2E	UNKNOWN STEP	2026-10-02T10:30:29.7634489Z + @cloudflare/workers-types@5.20260829.1
Docker E2E	UNKNOWN STEP	2026-10-02T10:30:29.7635064Z + @playwright/test@1.62.1
Docker E2E	UNKNOWN STEP	2026-10-02T10:30:29.7635571Z + @prettier/plugin-php@0.25.0
Docker E2E	UNKNOWN STEP	2026-10-02T10:30:29.7636774Z + @types/bun@1.4.0
Docker E2E	UNKNOWN STEP	2026-10-02T10:30:29.7637195Z + @types/pg@8.23.1
Docker E2E	UNKNOWN STEP	2026-10-02T10:30:29.7637697Z + @vitest/coverage-istanbul@4.1.11
Docker E2E	UNKNOWN STEP	2026-10-02T10:30:29.7638181Z + husky@9.1.7
Docker E2E	UNKNOWN STEP	2026-10-02T10:30:29.7638577Z + lint-staged@17.4.1
Docker E2E	UNKNOWN STEP	2026-10-02T10:30:29.7638983Z + marked@18.0.14
Docker E2E	UNKNOWN STEP	2026-10-02T10:30:29.7639457Z + marked-gfm-heading-id@4.1.4
Docker E2E	UNKNOWN STEP	2026-10-02T10:30:29.7639900Z + prettier@3.9.6
Docker E2E	UNKNOWN STEP	2026-10-02T10:30:29.7640410Z + prettier-plugin-organize-imports@4.3.0
Docker E2E	UNKNOWN STEP	2026-10-02T10:30:29.7640973Z + prettier-plugin-sh@0.20.2
Docker E2E	UNKNOWN STEP	2026-10-02T10:30:29.7641396Z + shiki@4.4.3
Docker E2E	UNKNOWN STEP	2026-10-02T10:30:29.7641772Z + typedoc@0.28.20
Docker E2E	UNKNOWN STEP	2026-10-02T10:30:29.7642159Z + typescript@5.9.3
Docker E2E	UNKNOWN STEP	2026-10-02T10:30:29.7642525Z + vitest@4.1.11
Docker E2E	UNKNOWN STEP	2026-10-02T10:30:29.7642901Z + wrangler@4.127.1
Docker E2E	UNKNOWN STEP	2026-10-02T10:30:29.7643259Z + yaml@2.9.1
Docker E2E	UNKNOWN STEP	2026-10-02T10:30:29.7643651Z + <private-pkg>@1.1.1
Docker E2E	UNKNOWN STEP	2026-10-02T10:30:29.7644109Z + <private-pkg>@0.3.1
Docker E2E	UNKNOWN STEP	2026-10-02T10:30:29.7644593Z + <private-pkg>@0.1.4
Docker E2E	UNKNOWN STEP	2026-10-02T10:30:29.7645055Z + <private-pkg>@0.1.0
Docker E2E	UNKNOWN STEP	2026-10-02T10:30:29.7645559Z + @<user>/tinyimg@1.1.0
Docker E2E	UNKNOWN STEP	2026-10-02T10:30:29.7646026Z + @noble/ciphers@2.4.0
Docker E2E	UNKNOWN STEP	2026-10-02T10:30:29.7646616Z + @noble/hashes@2.4.0
Docker E2E	UNKNOWN STEP	2026-10-02T10:30:29.7647013Z + blakejs@1.2.1
Docker E2E	UNKNOWN STEP	2026-10-02T10:30:29.7647382Z + edgeport@1.0.6
Docker E2E	UNKNOWN STEP	2026-10-02T10:30:29.7647757Z + fflate@0.8.3
Docker E2E	UNKNOWN STEP	2026-10-02T10:30:29.7648117Z + fzstd@0.1.1
Docker E2E	UNKNOWN STEP	2026-10-02T10:30:29.7648472Z + mysql2@3.24.4
Docker E2E	UNKNOWN STEP	2026-10-02T10:30:29.7648837Z + pg@8.23.0
Docker E2E	UNKNOWN STEP	2026-10-02T10:30:29.7649189Z + php-wasm@0.1.0
Docker E2E	UNKNOWN STEP	2026-10-02T10:30:29.7649417Z 
Docker E2E	UNKNOWN STEP	2026-10-02T10:30:29.7649675Z 260 packages installed [2.46s]
Docker E2E	UNKNOWN STEP	2026-10-02T10:30:29.7727218Z $ bun scripts/hydrate.ts
Docker E2E	UNKNOWN STEP	2026-10-02T10:30:30.0267522Z fetching https://<host>/payloads/v1.0.3/<org>-worker-1.0.3.tar.gz (cdn)
Docker E2E	UNKNOWN STEP	2026-10-02T10:30:30.3520986Z tarball sha256 <hex> matches SHA256SUMS
Docker E2E	UNKNOWN STEP	2026-10-02T10:30:31.3812021Z hydrate: kept 2 tracked file(s) the repository owns: assets/robots.txt, assets/driver.json
Docker E2E	UNKNOWN STEP	2026-10-02T10:30:31.3813137Z hydrated 4583 files, 52473986 bytes, from 1.0.3 (d633a47)
Docker E2E	UNKNOWN STEP	2026-10-02T10:30:31.3814111Z interpreter: .interp/php8.5-worker.tuned.mjs, .interp/php8.5.tuned.wasm
Docker E2E	UNKNOWN STEP	2026-10-02T10:30:31.3815092Z the tree is deployable now: bunx wrangler deploy -c wrangler.jsonc
Docker E2E	UNKNOWN STEP	2026-10-02T10:31:33.7966686Z ^[[90mstderr^[[2m | tests/e2e/modify.spec.ts^[[2m > ^[[22m^[[2mdrangler modify against a real dev site^[[2m > ^[[22m^[[2mpinned production modules^[[2m > ^[[22m^[[2mreports a module whose enable is refused and leaves the site serving
Docker E2E	UNKNOWN STEP	2026-10-02T10:31:33.7969227Z ^[[22m^[[39ma case failed; the wrangler dev log is at /tmp/drangler-e2e-dev-muqtpdp5.log
Docker E2E	UNKNOWN STEP	2026-10-02T10:31:33.7970598Z pers.cloudflare.com/workers/wrangler/system-environment-variables/
Docker E2E	UNKNOWN STEP	2026-10-02T10:31:33.7972708Z .env file not found at "/tmp/drangler-e2e-modify-a84DWt/worker/.env". Continuing... For more details, refer to https://developers.cloudflare.com/workers/wrangler/system-environment-variables/
Docker E2E	UNKNOWN STEP	2026-10-02T10:31:33.7975722Z .env file not found at "/tmp/drangler-e2e-modify-a84DWt/worker/.env.local". Continuing... For more details, refer to https://developers.cloudflare.com/workers/wrangler/system-environment-variables/
Docker E2E	UNKNOWN STEP	2026-10-02T10:31:33.7977963Z Your Worker has access to the following bindings:
Docker E2E	UNKNOWN STEP	2026-10-02T10:31:33.7978977Z Binding                                              Resource                     Mode
Docker E2E	UNKNOWN STEP	2026-10-02T10:31:33.7980197Z env.SITE (SitePhpDurableObject)                      Durable Object               local
Docker E2E	UNKNOWN STEP	2026-10-02T10:31:33.7981467Z env.RENDER_LANES (RenderLane)                        Durable Object               local
Docker E2E	UNKNOWN STEP	2026-10-02T10:31:33.7982734Z env.CONFIG_KV                                        KV Namespace                 local
Docker E2E	UNKNOWN STEP	2026-10-02T10:31:33.7983723Z env.PAGE_KV                                          KV Namespace                 local
Docker E2E	UNKNOWN STEP	2026-10-02T10:31:33.7984818Z env.FLEET_DB (<org>-fleet)                       D1 Database                  local
Docker E2E	UNKNOWN STEP	2026-10-02T10:31:33.7985968Z env.ASSETS                                           Assets                       local
Docker E2E	UNKNOWN STEP	2026-10-02T10:31:33.7987777Z env.CF_VERSION_METADATA                              Worker Version Metadata      local
Docker E2E	UNKNOWN STEP	2026-10-02T10:31:33.7988898Z env.CMS ("drupal")                                   Environment Variable         local
Docker E2E	UNKNOWN STEP	2026-10-02T10:31:33.7989938Z env.LAZY_MOUNT ("1")                                 Environment Variable         local
Docker E2E	UNKNOWN STEP	2026-10-02T10:31:33.7991017Z env.LAZY_FS_BUDGET_BYTES ("4194304")                 Environment Variable         local
Docker E2E	UNKNOWN STEP	2026-10-02T10:31:33.7992114Z env.GEN_BUCKET_MS ("5000")                           Environment Variable         local
Docker E2E	UNKNOWN STEP	2026-10-02T10:31:33.7993251Z env.PLAN ("free")                                    Environment Variable         local
Docker E2E	UNKNOWN STEP	2026-10-02T10:31:33.7994334Z env.ASSET_AGGREGATES ("1")                           Environment Variable         local
Docker E2E	UNKNOWN STEP	2026-10-02T10:31:33.7995024Z 
Docker E2E	UNKNOWN STEP	2026-10-02T10:31:33.7997021Z ^[[33m▲ ^[[43;33m[^[[43;30mWARNING^[[43;33m]^[[0m ^[[1mScheduled Workers are not automatically triggered during local development.^[[0m
Docker E2E	UNKNOWN STEP	2026-10-02T10:31:33.7998067Z 
Docker E2E	UNKNOWN STEP	2026-10-02T10:31:33.7998454Z   To manually trigger a scheduled event, run:
Docker E2E	UNKNOWN STEP	2026-10-02T10:31:33.7999300Z     curl "http://localhost:8902/cdn-cgi/local/scheduled"
Docker E2E	UNKNOWN STEP	2026-10-02T10:31:33.8000882Z   For more details, see ^[[4mhttps://developers.cloudflare.com/workers/configuration/cron-triggers/#test-cron-triggers-locally^[[0m
Docker E2E	UNKNOWN STEP	2026-10-02T10:31:33.8002074Z 
Docker E2E	UNKNOWN STEP	2026-10-02T10:31:33.8002216Z 
Docker E2E	UNKNOWN STEP	2026-10-02T10:31:33.8002960Z [wrangler-ProxyWorker:info] GET /cdn-cgi/ProxyWorker/pause 204 No Content (3ms)
Docker E2E	UNKNOWN STEP	2026-10-02T10:31:33.8004099Z The file src changed, restarting build...
Docker E2E	UNKNOWN STEP	2026-10-02T10:31:33.8005009Z [custom build] Running: bun run hydrate
Docker E2E	UNKNOWN STEP	2026-10-02T10:31:33.8005807Z [custom build] $ bun scripts/hydrate.ts
Docker E2E	UNKNOWN STEP	2026-10-02T10:31:33.8006648Z [custom build] 
Docker E2E	UNKNOWN STEP	2026-10-02T10:31:33.8007462Z [custom build] the tree is already hydrated; nothing to do.
Docker E2E	UNKNOWN STEP	2026-10-02T10:31:33.8008910Z [custom build] pass --force to replace it with the published payload anyway.
Docker E2E	UNKNOWN STEP	2026-10-02T10:31:33.8009869Z [custom build] 
Docker E2E	UNKNOWN STEP	2026-10-02T10:31:33.8010798Z [wrangler-ProxyWorker:info] GET /cdn-cgi/ProxyWorker/pause 204 No Content (1ms)
Docker E2E	UNKNOWN STEP	2026-10-02T10:31:33.8012681Z Writing additional module to output /tmp/drangler-e2e-modify-a84DWt/worker/.wrangler/tmp/dev-WqAt0V/<hex>-wasm3.wasm
Docker E2E	UNKNOWN STEP	2026-10-02T10:31:33.8015003Z Writing additional module to output /tmp/drangler-e2e-modify-a84DWt/worker/.wrangler/tmp/dev-WqAt0V/<hex>-tinyimg.wasm
Docker E2E	UNKNOWN STEP	2026-10-02T10:31:33.8017961Z Writing additional module to output /tmp/drangler-e2e-modify-a84DWt/worker/.wrangler/tmp/dev-WqAt0V/<hex>-php8.5.tuned.wasm
Docker E2E	UNKNOWN STEP	2026-10-02T10:31:33.8019687Z RemoteRuntimeController teardown beginning...
Docker E2E	UNKNOWN STEP	2026-10-02T10:31:33.8020588Z RemoteRuntimeController teardown complete
Docker E2E	UNKNOWN STEP	2026-10-02T10:31:33.8021388Z ⎔ Starting local server...
Docker E2E	UNKNOWN STEP	2026-10-02T10:31:33.8022486Z [InspectorProxyWorker] handleProxyControllerIncomingMessage {"type":"reloadStart"}
Docker E2E	UNKNOWN STEP	2026-10-02T10:31:33.8023822Z [wrangler-ProxyWorker:info] GET /cdn-cgi/ProxyWorker/pause 204 No Content (0ms)
Docker E2E	UNKNOWN STEP	2026-10-02T10:31:33.8024715Z Inspector is listening
Docker E2E	UNKNOWN STEP	2026-10-02T10:31:33.8025505Z [wrangler-ProxyWorker:info] Ready on http://localhost:8902
Docker E2E	UNKNOWN STEP	2026-10-02T10:31:33.8030247Z [InspectorProxyWorker] handleProxyControllerIncomingMessage {"type":"reloadComplete","proxyData":{"userWorkerUrl":{"protocol":"http:","hostname":"<loopback>","port":"43697"},"userWorkerInspectorUrl":{"protocol":"ws:","hostname":"<loopback>","port":"39203","pathname":"/core:user:<org>"},"userWorkerInnerUrlOverrides":{"protocol":"http:"},"headers":{"MF-Proxy-Shared-Secret":"<uuid>"},"liveReload":false,"proxyLogsToController":false}}
Docker E2E	UNKNOWN STEP	2026-10-02T10:31:33.8033745Z [InspectorProxyWorker] reconnectRuntimeWebSocket
Docker E2E	UNKNOWN STEP	2026-10-02T10:31:33.8035105Z [InspectorProxyWorker] NEW RUNTIME WEBSOCKET http://<loopback>:39203/core:user:<org>
Docker E2E	UNKNOWN STEP	2026-10-02T10:31:33.8036216Z Inspector client attaching [core:user:<org>]
Docker E2E	UNKNOWN STEP	2026-10-02T10:31:33.8037566Z [InspectorProxyWorker] SEND TO DEVTOOLS {"method":"Runtime.executionContextsCleared"}
Docker E2E	UNKNOWN STEP	2026-10-02T10:31:33.8047728Z [InspectorProxyWorker] RUNTIME WEBSOCKET OPENED
Docker E2E	UNKNOWN STEP	2026-10-02T10:31:33.8048934Z [InspectorProxyWorker] SEND TO RUNTIME {"method":"Runtime.enable","id":100000001}
Docker E2E	UNKNOWN STEP	2026-10-02T10:31:33.8049971Z [InspectorProxyWorker] RUNTIME INCOMING MESSAGE {
Docker E2E	UNKNOWN STEP	2026-10-02T10:31:33.8050775Z   method: 'Runtime.executionContextCreated',
Docker E2E	UNKNOWN STEP	2026-10-02T10:31:33.8051492Z   params: {
Docker E2E	UNKNOWN STEP	2026-10-02T10:31:33.8052091Z     context: {
Docker E2E	UNKNOWN STEP	2026-10-02T10:31:33.8052549Z       id: 92376161,
Docker E2E	UNKNOWN STEP	2026-10-02T10:31:33.8053045Z       origin: '',
Docker E2E	UNKNOWN STEP	2026-10-02T10:31:33.8053586Z       name: 'Worker',
Docker E2E	UNKNOWN STEP	2026-10-02T10:31:33.8054371Z       uniqueId: '-7136089109231265589.-2959371243250821644'
Docker E2E	UNKNOWN STEP	2026-10-02T10:31:33.8055124Z     }
Docker E2E	UNKNOWN STEP	2026-10-02T10:31:33.8055555Z   }
Docker E2E	UNKNOWN STEP	2026-10-02T10:31:33.8056030Z }
Docker E2E	UNKNOWN STEP	2026-10-02T10:31:33.8057140Z [InspectorProxyWorker] RUNTIME INCOMING MESSAGE { id: 100000001, result: {} }
Docker E2E	UNKNOWN STEP	2026-10-02T10:31:33.8058403Z [wrangler-ProxyWorker:info] GET /cdn-cgi/ProxyWorker/play 204 No Content (2ms)
Docker E2E	UNKNOWN STEP	2026-10-02T10:31:33.8059604Z [wrangler-ProxyWorker:info] GET /serve 503 Service Unavailable (54ms)
Docker E2E	UNKNOWN STEP	2026-10-02T10:31:33.8060764Z [wrangler-ProxyWorker:info] GET /serve 503 Service Unavailable (163ms)
Docker E2E	UNKNOWN STEP	2026-10-02T10:31:33.8061935Z [wrangler-ProxyWorker:info] GET /serve 200 OK (16ms)
Docker E2E	UNKNOWN STEP	2026-10-02T10:31:33.8063857Z {"cfw":"php","level":"info","severity":6,"channel":"system","message":"cfw_do_sqlite module installed.","uid":0,"request_uri":"http://localhost/","referer":"","ip":"<loopback>","timestamp":"1790937069"}
Docker E2E	UNKNOWN STEP	2026-10-02T10:31:33.8065558Z [InspectorProxyWorker] RUNTIME INCOMING MESSAGE {
Docker E2E	UNKNOWN STEP	2026-10-02T10:31:33.8066605Z   method: 'Runtime.consoleAPICalled',
Docker E2E	UNKNOWN STEP	2026-10-02T10:31:33.8109359Z   params: {
Docker E2E	UNKNOWN STEP	2026-10-02T10:31:33.8129243Z     type: 'log',
Docker E2E	UNKNOWN STEP	2026-10-02T10:31:33.8156803Z     args: [ [Object] ],
Docker E2E	UNKNOWN STEP	2026-10-02T10:31:33.8166865Z     executionContextId: 92376161,
Docker E2E	UNKNOWN STEP	2026-10-02T10:31:33.8208259Z     timestamp: 1790937069800,
Docker E2E	UNKNOWN STEP	2026-10-02T10:31:33.8218146Z     stackTrace: { callFrames: [Array] }
Docker E2E	UNKNOWN STEP	2026-10-02T10:31:33.8246764Z   }
Docker E2E	UNKNOWN STEP	2026-10-02T10:31:33.8257092Z }
Docker E2E	UNKNOWN STEP	2026-10-02T10:31:33.8258240Z [InspectorProxyWorker] SEND TO RUNTIME {"method":"Runtime.getIsolateId","id":100000002}
Docker E2E	UNKNOWN STEP	2026-10-02T10:31:33.8259589Z [wrangler-ProxyWorker:info] POST /firstrun 200 OK (8295ms)
Docker E2E	UNKNOWN STEP	2026-10-02T10:31:33.8261009Z [InspectorProxyWorker] RUNTIME INCOMING MESSAGE { id: 100000002, result: { id: '80bce8cb500660c2' } }
Docker E2E	UNKNOWN STEP	2026-10-02T10:31:33.8262443Z [wrangler-ProxyWorker:info] GET /installable 200 OK (37ms)
Docker E2E	UNKNOWN STEP	2026-10-02T10:31:33.8263533Z [wrangler-ProxyWorker:info] POST /install 200 OK (2431ms)
Docker E2E	UNKNOWN STEP	2026-10-02T10:31:33.8264592Z [InspectorProxyWorker] RUNTIME INCOMING MESSAGE {
Docker E2E	UNKNOWN STEP	2026-10-02T10:31:33.8265516Z   method: 'Runtime.consoleAPICalled',
Docker E2E	UNKNOWN STEP	2026-10-02T10:31:33.8265991Z   params: {
Docker E2E	UNKNOWN STEP	2026-10-02T10:31:33.8266661Z     type: 'info',
Docker E2E	UNKNOWN STEP	2026-10-02T10:31:33.8267259Z     args: [ [Object], [Object] ],
Docker E2E	UNKNOWN STEP	2026-10-02T10:31:33.8267758Z     executionContextId: 92376161,
Docker E2E	UNKNOWN STEP	2026-10-02T10:31:33.8268244Z     timestamp: 1790937079389,
Docker E2E	UNKNOWN STEP	2026-10-02T10:31:33.8268742Z     stackTrace: { callFrames: [Array] }
Docker E2E	UNKNOWN STEP	2026-10-02T10:31:33.8269216Z   }
Docker E2E	UNKNOWN STEP	2026-10-02T10:31:33.8269519Z }
Docker E2E	UNKNOWN STEP	2026-10-02T10:31:33.8269830Z cfw-demand {
Docker E2E	UNKNOWN STEP	2026-10-02T10:31:33.8270199Z   path: '(alarm reconcile)',
Docker E2E	UNKNOWN STEP	2026-10-02T10:31:33.8270623Z   method: 'ALARM',
Docker E2E	UNKNOWN STEP	2026-10-02T10:31:33.8270989Z   before: 0,
Docker E2E	UNKNOWN STEP	2026-10-02T10:31:33.8271332Z   after: 97976320,
Docker E2E	UNKNOWN STEP	2026-10-02T10:31:33.8271615Z   in: 592794,
Docker E2E	UNKNOWN STEP	2026-10-02T10:31:33.8271807Z   out: 5338,
Docker E2E	UNKNOWN STEP	2026-10-02T10:31:33.8271993Z   maxIn: 535540,
Docker E2E	UNKNOWN STEP	2026-10-02T10:31:33.8272201Z   maxOut: 1225,
Docker E2E	UNKNOWN STEP	2026-10-02T10:31:33.8272410Z   maxName: 'cfwSqlExec'
Docker E2E	UNKNOWN STEP	2026-10-02T10:31:33.8272628Z }
Docker E2E	UNKNOWN STEP	2026-10-02T10:31:33.8272949Z [wrangler-ProxyWorker:info] POST /modify 200 OK (2210ms)
Docker E2E	UNKNOWN STEP	2026-10-02T10:31:33.8273406Z [wrangler-ProxyWorker:info] POST /modify 200 OK (35ms)
Docker E2E	UNKNOWN STEP	2026-10-02T10:31:33.8273833Z [wrangler-ProxyWorker:info] POST /modify 200 OK (440ms)
Docker E2E	UNKNOWN STEP	2026-10-02T10:31:33.8275444Z {"cfw":"php","level":"warn","severity":4,"channel":"page not found","message":"/admin/config/people/simple_oauth/oauth-21?e2e=oauth-before","uid":0,"request_uri":"http://localhost:8902/admin/config/people/simple_oauth/oauth-21?<query>","referer":"","ip":"<loopback>","timestamp":"1790937082"}
Docker E2E	UNKNOWN STEP	2026-10-02T10:31:33.8288611Z [InspectorProxyWorker] RUNTIME INCOMING MESSAGE {
Docker E2E	UNKNOWN STEP	2026-10-02T10:31:33.8289282Z   method: 'Runtime.consoleAPICalled',
Docker E2E	UNKNOWN STEP	2026-10-02T10:31:33.8289776Z   params: {
Docker E2E	UNKNOWN STEP	2026-10-02T10:31:33.8290216Z     type: 'log',
Docker E2E	UNKNOWN STEP	2026-10-02T10:31:33.8290591Z     args: [ [Object] ],
Docker E2E	UNKNOWN STEP	2026-10-02T10:31:33.8291047Z     executionContextId: 92376161,
Docker E2E	UNKNOWN STEP	2026-10-02T10:31:33.8291530Z     timestamp: 1790937082433,
Docker E2E	UNKNOWN STEP	2026-10-02T10:31:33.8292023Z     stackTrace: { callFrames: [Array] }
Docker E2E	UNKNOWN STEP	2026-10-02T10:31:33.8292475Z   }
Docker E2E	UNKNOWN STEP	2026-10-02T10:31:33.8292786Z }
Docker E2E	UNKNOWN STEP	2026-10-02T10:31:33.8293583Z [InspectorProxyWorker] SEND TO RUNTIME {"method":"Runtime.getIsolateId","id":100000003}
Docker E2E	UNKNOWN STEP	2026-10-02T10:31:33.8294938Z [wrangler-ProxyWorker:info] GET /admin/config/people/simple_oauth/oauth-21 404 Not Found (4243ms)
Docker E2E	UNKNOWN STEP	2026-10-02T10:31:33.8296671Z [InspectorProxyWorker] RUNTIME INCOMING MESSAGE { id: 100000003, result: { id: '80bce8cb500660c2' } }
Docker E2E	UNKNOWN STEP	2026-10-02T10:31:33.8298997Z {"cfw":"php","level":"info","severity":6,"channel":"system","message":"serialization module installed.","uid":0,"request_uri":"http://localhost/","referer":"","ip":"<loopback>","timestamp":"1790937087"}
Docker E2E	UNKNOWN STEP	2026-10-02T10:31:33.8300597Z [InspectorProxyWorker] RUNTIME INCOMING MESSAGE {
Docker E2E	UNKNOWN STEP	2026-10-02T10:31:33.8301432Z   method: 'Runtime.consoleAPICalled',
Docker E2E	UNKNOWN STEP	2026-10-02T10:31:33.8302004Z   params: {
Docker E2E	UNKNOWN STEP	2026-10-02T10:31:33.8302354Z     type: 'log',
Docker E2E	UNKNOWN STEP	2026-10-02T10:31:33.8302734Z     args: [ [Object] ],
Docker E2E	UNKNOWN STEP	2026-10-02T10:31:33.8303212Z     executionContextId: 92376161,
Docker E2E	UNKNOWN STEP	2026-10-02T10:31:33.8303713Z     timestamp: 1790937087731,
Docker E2E	UNKNOWN STEP	2026-10-02T10:31:33.8304242Z     stackTrace: { callFrames: [Array] }
Docker E2E	UNKNOWN STEP	2026-10-02T10:31:33.8304733Z   }
Docker E2E	UNKNOWN STEP	2026-10-02T10:31:33.8305057Z }
Docker E2E	UNKNOWN STEP	2026-10-02T10:31:33.8307281Z {"cfw":"php","level":"info","severity":6,"channel":"system","message":"consumers module installed.","uid":0,"request_uri":"http://localhost/","referer":"","ip":"<loopback>","timestamp":"1790937089"}
Docker E2E	UNKNOWN STEP	2026-10-02T10:31:33.8308960Z [InspectorProxyWorker] RUNTIME INCOMING MESSAGE {
Docker E2E	UNKNOWN STEP	2026-10-02T10:31:33.8309619Z   method: 'Runtime.consoleAPICalled',
Docker E2E	UNKNOWN STEP	2026-10-02T10:31:33.8310123Z   params: {
Docker E2E	UNKNOWN STEP	2026-10-02T10:31:33.8310494Z     type: 'log',
Docker E2E	UNKNOWN STEP	2026-10-02T10:31:33.8310876Z     args: [ [Object] ],
Docker E2E	UNKNOWN STEP	2026-10-02T10:31:33.8311329Z     executionContextId: 92376161,
Docker E2E	UNKNOWN STEP	2026-10-02T10:31:33.8311815Z     timestamp: 1790937089488,
Docker E2E	UNKNOWN STEP	2026-10-02T10:31:33.8312406Z     stackTrace: { callFrames: [Array] }
Docker E2E	UNKNOWN STEP	2026-10-02T10:31:33.8312872Z   }
Docker E2E	UNKNOWN STEP	2026-10-02T10:31:33.8313177Z }
Docker E2E	UNKNOWN STEP	2026-10-02T10:31:33.8314918Z {"cfw":"php","level":"info","severity":6,"channel":"system","message":"simple_oauth module installed.","uid":0,"request_uri":"http://localhost/","referer":"","ip":"<loopback>","timestamp":"1790937092"}
Docker E2E	UNKNOWN STEP	2026-10-02T10:31:33.8316849Z [InspectorProxyWorker] RUNTIME INCOMING MESSAGE {
Docker E2E	UNKNOWN STEP	2026-10-02T10:31:33.8317506Z   method: 'Runtime.consoleAPICalled',
Docker E2E	UNKNOWN STEP	2026-10-02T10:31:33.8317983Z   params: {
Docker E2E	UNKNOWN STEP	2026-10-02T10:31:33.8318348Z     type: 'log',
Docker E2E	UNKNOWN STEP	2026-10-02T10:31:33.8318790Z     args: [ [Object] ],
Docker E2E	UNKNOWN STEP	2026-10-02T10:31:33.8319297Z     executionContextId: 92376161,
Docker E2E	UNKNOWN STEP	2026-10-02T10:31:33.8319787Z     timestamp: 1790937092193,
Docker E2E	UNKNOWN STEP	2026-10-02T10:31:33.8320318Z     stackTrace: { callFrames: [Array] }
Docker E2E	UNKNOWN STEP	2026-10-02T10:31:33.8320819Z   }
Docker E2E	UNKNOWN STEP	2026-10-02T10:31:33.8321156Z }
Docker E2E	UNKNOWN STEP	2026-10-02T10:31:33.8322864Z {"cfw":"php","level":"info","severity":6,"channel":"system","message":"simple_oauth_21 module installed.","uid":0,"request_uri":"http://localhost/","referer":"","ip":"<loopback>","timestamp":"1790937092"}
Docker E2E	UNKNOWN STEP	2026-10-02T10:31:33.8324541Z [InspectorProxyWorker] RUNTIME INCOMING MESSAGE {
Docker E2E	UNKNOWN STEP	2026-10-02T10:31:33.8325194Z   method: 'Runtime.consoleAPICalled',
Docker E2E	UNKNOWN STEP	2026-10-02T10:31:33.8325663Z   params: {
Docker E2E	UNKNOWN STEP	2026-10-02T10:31:33.8325985Z     type: 'log',
Docker E2E	UNKNOWN STEP	2026-10-02T10:31:33.8327820Z     args: [ [Object] ],
Docker E2E	UNKNOWN STEP	2026-10-02T10:31:33.8328327Z     executionContextId: 92376161,
Docker E2E	UNKNOWN STEP	2026-10-02T10:31:33.8328793Z     timestamp: 1790937092194,
Docker E2E	UNKNOWN STEP	2026-10-02T10:31:33.8329317Z     stackTrace: { callFrames: [Array] }
Docker E2E	UNKNOWN STEP	2026-10-02T10:31:33.8329783Z   }
Docker E2E	UNKNOWN STEP	2026-10-02T10:31:33.8330333Z }
Docker E2E	UNKNOWN STEP	2026-10-02T10:31:33.8331144Z [InspectorProxyWorker] SEND TO RUNTIME {"method":"Runtime.getIsolateId","id":100000004}
Docker E2E	UNKNOWN STEP	2026-10-02T10:31:33.8332431Z [wrangler-ProxyWorker:info] POST /enable 200 OK (9605ms)
Docker E2E	UNKNOWN STEP	2026-10-02T10:31:33.8333911Z [InspectorProxyWorker] RUNTIME INCOMING MESSAGE { id: 100000004, result: { id: '80bce8cb500660c2' } }
Docker E2E	UNKNOWN STEP	2026-10-02T10:31:33.8335556Z exception = kj/async-io-unix.c++:567: disconnected: ::read(fd, buffer, maxBytes): Connection reset by peer
Docker E2E	UNKNOWN STEP	2026-10-02T10:31:33.8349300Z <<removed: line of 1420 characters>>
Docker E2E	UNKNOWN STEP	2026-10-02T10:31:33.8360755Z uncaught exception; source = Uncaught (in promise); stack = Error: Network connection lost.
Docker E2E	UNKNOWN STEP	2026-10-02T10:31:33.8362659Z uncaught exception; exception = workerd/jsg/_virtual_includes/iterator/workerd/jsg/value.h:1477: disconnected: jsg.Error: Network connection lost.
Docker E2E	UNKNOWN STEP	2026-10-02T10:31:33.8367595Z stack: /tmp/drangler-e2e-modify-a84DWt/worker/node_modules/@cloudflare/workerd-linux-64/bin/workerd@33a3bd0 /tmp/drangler-e2e-modify-a84DWt/worker/node_modules/@cloudflare/workerd-linux-64/bin/workerd@33a486c /tmp/drangler-e2e-modify-a84DWt/worker/node_modules/@cloudflare/workerd-linux-64/bin/workerd@5998b48 /tmp/drangler-e2e-modify-a84DWt/worker/node_modules/@cloudflare/workerd-linux-64/bin/workerd@31108fb
Docker E2E	UNKNOWN STEP	2026-10-02T10:31:33.8371402Z uncaught exception; source = Uncaught (in promise); stack = Error: Network connection lost.
Docker E2E	UNKNOWN STEP	2026-10-02T10:31:33.8373229Z uncaught exception; exception = workerd/jsg/_virtual_includes/iterator/workerd/jsg/value.h:1477: disconnected: jsg.Error: Network connection lost.
Docker E2E	UNKNOWN STEP	2026-10-02T10:31:33.8377982Z stack: /tmp/drangler-e2e-modify-a84DWt/worker/node_modules/@cloudflare/workerd-linux-64/bin/workerd@33a3bd0 /tmp/drangler-e2e-modify-a84DWt/worker/node_modules/@cloudflare/workerd-linux-64/bin/workerd@33a486c /tmp/drangler-e2e-modify-a84DWt/worker/node_modules/@cloudflare/workerd-linux-64/bin/workerd@5998b48 /tmp/drangler-e2e-modify-a84DWt/worker/node_modules/@cloudflare/workerd-linux-64/bin/workerd@31108fb
Docker E2E	UNKNOWN STEP	2026-10-02T10:31:33.8380853Z 
Docker E2E	UNKNOWN STEP	2026-10-02T10:31:33.8380863Z 
Docker E2E	UNKNOWN STEP	2026-10-02T10:31:53.8399288Z ^[[90mstderr^[[2m | tests/e2e/modify.spec.ts^[[2m > ^[[22m^[[2mdrangler modify against a real dev site
Docker E2E	UNKNOWN STEP	2026-10-02T10:31:53.8400835Z ^[[22m^[[39ma case failed; the wrangler dev log is at /tmp/drangler-e2e-dev-muqtpsma.log
Docker E2E	UNKNOWN STEP	2026-10-02T10:31:53.8406165Z 🪵  Writing logs to "/home/runner/.config/.wrangler/logs/wrangler-2026-10-02_10-31-34_498.log"
Docker E2E	UNKNOWN STEP	2026-10-02T10:31:53.8408688Z .env file not found at "/tmp/drangler-e2e-modify-a84DWt/worker/.env". Continuing... For more details, refer to https://developers.cloudflare.com/workers/wrangler/system-environment-variables/
Docker E2E	UNKNOWN STEP	2026-10-02T10:31:53.8411995Z .env file not found at "/tmp/drangler-e2e-modify-a84DWt/worker/.env.local". Continuing... For more details, refer to https://developers.cloudflare.com/workers/wrangler/system-environment-variables/
Docker E2E	UNKNOWN STEP	2026-10-02T10:31:53.8413394Z 
Docker E2E	UNKNOWN STEP	2026-10-02T10:31:53.8413838Z  ⛅️ wrangler 4.127.1 (update available 4.146.0)
Docker E2E	UNKNOWN STEP	2026-10-02T10:31:53.8414574Z ───────────────────────────────────────────────
Docker E2E	UNKNOWN STEP	2026-10-02T10:31:53.8415068Z setting config
Docker E2E	UNKNOWN STEP	2026-10-02T10:31:53.8415521Z Updating config... undefined undefined
Docker E2E	UNKNOWN STEP	2026-10-02T10:31:53.8422155Z <<removed: line of 821 characters>>
Docker E2E	UNKNOWN STEP	2026-10-02T10:31:53.8427525Z [custom build] Running: bun run hydrate
Docker E2E	UNKNOWN STEP	2026-10-02T10:31:53.8428107Z [custom build] $ bun scripts/hydrate.ts
Docker E2E	UNKNOWN STEP	2026-10-02T10:31:53.8428573Z [custom build] 
Docker E2E	UNKNOWN STEP	2026-10-02T10:31:53.8429160Z [custom build] the tree is already hydrated; nothing to do.
Docker E2E	UNKNOWN STEP	2026-10-02T10:31:53.8430099Z [custom build] pass --force to replace it with the published payload anyway.
Docker E2E	UNKNOWN STEP	2026-10-02T10:31:53.8430782Z [custom build] 
Docker E2E	UNKNOWN STEP	2026-10-02T10:31:53.8432285Z local dev variables file not found at ".dev.vars". Continuing... For more details, refer to https://developers.cloudflare.com/workers/wrangler/system-environment-variables/
Docker E2E	UNKNOWN STEP	2026-10-02T10:31:53.8435215Z .env file not found at "/tmp/drangler-e2e-modify-a84DWt/worker/.env". Continuing... For more details, refer to https://developers.cloudflare.com/workers/wrangler/system-environment-variables/
Docker E2E	UNKNOWN STEP	2026-10-02T10:31:53.8438242Z .env file not found at "/tmp/drangler-e2e-modify-a84DWt/worker/.env.local". Continuing... For more details, refer to https://developers.cloudflare.com/workers/wrangler/system-environment-variables/
Docker E2E	UNKNOWN STEP	2026-10-02T10:31:53.8439812Z Your Worker has access to the following bindings:
Docker E2E	UNKNOWN STEP	2026-10-02T10:31:53.8440624Z Binding                                              Resource                     Mode
Docker E2E	UNKNOWN STEP	2026-10-02T10:31:53.8441635Z env.SITE (SitePhpDurableObject)                      Durable Object               local
Docker E2E	UNKNOWN STEP	2026-10-02T10:31:53.8442717Z env.RENDER_LANES (RenderLane)                        Durable Object               local
Docker E2E	UNKNOWN STEP	2026-10-02T10:31:53.8443649Z env.CONFIG_KV                                        KV Namespace                 local
Docker E2E	UNKNOWN STEP	2026-10-02T10:31:53.8444559Z env.PAGE_KV                                          KV Namespace                 local
Docker E2E	UNKNOWN STEP	2026-10-02T10:31:53.8445530Z env.FLEET_DB (<org>-fleet)                       D1 Database                  local
Docker E2E	UNKNOWN STEP	2026-10-02T10:31:53.8446679Z env.ASSETS                                           Assets                       local
Docker E2E	UNKNOWN STEP	2026-10-02T10:31:53.8447591Z env.CF_VERSION_METADATA                              Worker Version Metadata      local
Docker E2E	UNKNOWN STEP	2026-10-02T10:31:53.8448520Z env.CMS ("drupal")                                   Environment Variable         local
Docker E2E	UNKNOWN STEP	2026-10-02T10:31:53.8449450Z env.LAZY_MOUNT ("1")                                 Environment Variable         local
Docker E2E	UNKNOWN STEP	2026-10-02T10:31:53.8450447Z env.LAZY_FS_BUDGET_BYTES ("4194304")                 Environment Variable         local
Docker E2E	UNKNOWN STEP	2026-10-02T10:31:53.8451450Z env.GEN_BUCKET_MS ("5000")                           Environment Variable         local
Docker E2E	UNKNOWN STEP	2026-10-02T10:31:53.8452392Z env.PLAN ("free")                                    Environment Variable         local
Docker E2E	UNKNOWN STEP	2026-10-02T10:31:53.8453327Z env.ASSET_AGGREGATES ("1")                           Environment Variable         local
Docker E2E	UNKNOWN STEP	2026-10-02T10:31:53.8454019Z 
Docker E2E	UNKNOWN STEP	2026-10-02T10:31:53.8455123Z ^[[33m▲ ^[[43;33m[^[[43;30mWARNING^[[43;33m]^[[0m ^[[1mScheduled Workers are not automatically triggered during local development.^[[0m
Docker E2E	UNKNOWN STEP	2026-10-02T10:31:53.8455964Z 
Docker E2E	UNKNOWN STEP	2026-10-02T10:31:53.8456422Z   To manually trigger a scheduled event, run:
Docker E2E	UNKNOWN STEP	2026-10-02T10:31:53.8457110Z     curl "http://localhost:8903/cdn-cgi/local/scheduled"
Docker E2E	UNKNOWN STEP	2026-10-02T10:31:53.8458593Z   For more details, see ^[[4mhttps://developers.cloudflare.com/workers/configuration/cron-triggers/#test-cron-triggers-locally^[[0m
Docker E2E	UNKNOWN STEP	2026-10-02T10:31:53.8459500Z 
Docker E2E	UNKNOWN STEP	2026-10-02T10:31:53.8459510Z 
Docker E2E	UNKNOWN STEP	2026-10-02T10:31:53.8459786Z The file src changed, restarting build...
Docker E2E	UNKNOWN STEP	2026-10-02T10:31:53.8460378Z [custom build] Running: bun run hydrate
Docker E2E	UNKNOWN STEP	2026-10-02T10:31:53.8460950Z [custom build] $ bun scripts/hydrate.ts
Docker E2E	UNKNOWN STEP	2026-10-02T10:31:53.8461419Z [custom build] 
Docker E2E	UNKNOWN STEP	2026-10-02T10:31:53.8462197Z [wrangler-ProxyWorker:info] GET /cdn-cgi/ProxyWorker/pause 204 No Content (2ms)
Docker E2E	UNKNOWN STEP	2026-10-02T10:31:53.8463160Z [custom build] the tree is already hydrated; nothing to do.
Docker E2E	UNKNOWN STEP	2026-10-02T10:31:53.8464083Z [custom build] pass --force to replace it with the published payload anyway.
Docker E2E	UNKNOWN STEP	2026-10-02T10:31:53.8464773Z [custom build] 
Docker E2E	UNKNOWN STEP	2026-10-02T10:31:53.8465506Z [wrangler-ProxyWorker:info] GET /cdn-cgi/ProxyWorker/pause 204 No Content (1ms)
Docker E2E	UNKNOWN STEP	2026-10-02T10:31:53.8467446Z Writing additional module to output /tmp/drangler-e2e-modify-a84DWt/worker/.wrangler/tmp/dev-QWY88Y/<hex>-wasm3.wasm
Docker E2E	UNKNOWN STEP	2026-10-02T10:31:53.8469607Z Writing additional module to output /tmp/drangler-e2e-modify-a84DWt/worker/.wrangler/tmp/dev-QWY88Y/<hex>-tinyimg.wasm
Docker E2E	UNKNOWN STEP	2026-10-02T10:31:53.8471845Z Writing additional module to output /tmp/drangler-e2e-modify-a84DWt/worker/.wrangler/tmp/dev-QWY88Y/<hex>-php8.5.tuned.wasm
Docker E2E	UNKNOWN STEP	2026-10-02T10:31:53.8473246Z RemoteRuntimeController teardown beginning...
Docker E2E	UNKNOWN STEP	2026-10-02T10:31:53.8474110Z RemoteRuntimeController teardown complete
Docker E2E	UNKNOWN STEP	2026-10-02T10:31:53.8474750Z ⎔ Starting local server...
Docker E2E	UNKNOWN STEP	2026-10-02T10:31:53.8475654Z [InspectorProxyWorker] handleProxyControllerIncomingMessage {"type":"reloadStart"}
Docker E2E	UNKNOWN STEP	2026-10-02T10:31:53.8477078Z [wrangler-ProxyWorker:info] GET /cdn-cgi/ProxyWorker/pause 204 No Content (1ms)
Docker E2E	UNKNOWN STEP	2026-10-02T10:31:53.8477830Z Inspector is listening
Docker E2E	UNKNOWN STEP	2026-10-02T10:31:53.8478489Z [wrangler-ProxyWorker:info] Ready on http://localhost:8903
Docker E2E	UNKNOWN STEP	2026-10-02T10:31:53.8482723Z [InspectorProxyWorker] handleProxyControllerIncomingMessage {"type":"reloadComplete","proxyData":{"userWorkerUrl":{"protocol":"http:","hostname":"<loopback>","port":"38159"},"userWorkerInspectorUrl":{"protocol":"ws:","hostname":"<loopback>","port":"39191","pathname":"/core:user:<org>"},"userWorkerInnerUrlOverrides":{"protocol":"http:"},"headers":{"MF-Proxy-Shared-Secret":"<uuid>"},"liveReload":false,"proxyLogsToController":false}}
Docker E2E	UNKNOWN STEP	2026-10-02T10:31:53.8486072Z [InspectorProxyWorker] reconnectRuntimeWebSocket
Docker E2E	UNKNOWN STEP	2026-10-02T10:31:53.8486971Z Inspector client attaching [core:user:<org>]
Docker E2E	UNKNOWN STEP	2026-10-02T10:31:53.8488014Z [InspectorProxyWorker] NEW RUNTIME WEBSOCKET http://<loopback>:39191/core:user:<org>
Docker E2E	UNKNOWN STEP	2026-10-02T10:31:53.8489277Z [InspectorProxyWorker] SEND TO DEVTOOLS {"method":"Runtime.executionContextsCleared"}
Docker E2E	UNKNOWN STEP	2026-10-02T10:31:53.8490234Z [InspectorProxyWorker] RUNTIME WEBSOCKET OPENED
Docker E2E	UNKNOWN STEP	2026-10-02T10:31:53.8491173Z [wrangler-ProxyWorker:info] GET /cdn-cgi/ProxyWorker/play 204 No Content (1ms)
Docker E2E	UNKNOWN STEP	2026-10-02T10:31:53.8492326Z [InspectorProxyWorker] SEND TO RUNTIME {"method":"Runtime.enable","id":100000001}
Docker E2E	UNKNOWN STEP	2026-10-02T10:31:53.8493244Z [InspectorProxyWorker] RUNTIME INCOMING MESSAGE {
Docker E2E	UNKNOWN STEP	2026-10-02T10:31:53.8493891Z   method: 'Runtime.executionContextCreated',
Docker E2E	UNKNOWN STEP	2026-10-02T10:31:53.8494399Z   params: {
Docker E2E	UNKNOWN STEP	2026-10-02T10:31:53.8494733Z     context: {
Docker E2E	UNKNOWN STEP	2026-10-02T10:31:53.8495065Z       id: 38081409,
Docker E2E	UNKNOWN STEP	2026-10-02T10:31:53.8495420Z       origin: '',
Docker E2E	UNKNOWN STEP	2026-10-02T10:31:53.8495774Z       name: 'Worker',
Docker E2E	UNKNOWN STEP	2026-10-02T10:31:53.8496453Z       uniqueId: '-2629277152721131920.-8526217377857818960'
Docker E2E	UNKNOWN STEP	2026-10-02T10:31:53.8497284Z     }
Docker E2E	UNKNOWN STEP	2026-10-02T10:31:53.8497587Z   }
Docker E2E	UNKNOWN STEP	2026-10-02T10:31:53.8497890Z }
Docker E2E	UNKNOWN STEP	2026-10-02T10:31:53.8498605Z [InspectorProxyWorker] RUNTIME INCOMING MESSAGE { id: 100000001, result: {} }
Docker E2E	UNKNOWN STEP	2026-10-02T10:31:53.8499682Z [wrangler-ProxyWorker:info] GET /serve 503 Service Unavailable (60ms)
Docker E2E	UNKNOWN STEP	2026-10-02T10:31:53.8500703Z [wrangler-ProxyWorker:info] GET /serve 503 Service Unavailable (161ms)
Docker E2E	UNKNOWN STEP	2026-10-02T10:31:53.8501571Z [wrangler-ProxyWorker:info] GET /serve 200 OK (16ms)
Docker E2E	UNKNOWN STEP	2026-10-02T10:31:53.8503383Z {"cfw":"php","level":"info","severity":6,"channel":"system","message":"cfw_do_sqlite module installed.","uid":0,"request_uri":"http://localhost/","referer":"","ip":"<loopback>","timestamp":"1790937102"}
Docker E2E	UNKNOWN STEP	2026-10-02T10:31:53.8504925Z [InspectorProxyWorker] RUNTIME INCOMING MESSAGE {
Docker E2E	UNKNOWN STEP	2026-10-02T10:31:53.8505552Z   method: 'Runtime.consoleAPICalled',
Docker E2E	UNKNOWN STEP	2026-10-02T10:31:53.8506016Z   params: {
Docker E2E	UNKNOWN STEP	2026-10-02T10:31:53.8506553Z     type: 'log',
Docker E2E	UNKNOWN STEP	2026-10-02T10:31:53.8506935Z     args: [ [Object] ],
Docker E2E	UNKNOWN STEP	2026-10-02T10:31:53.8507390Z     executionContextId: 38081409,
Docker E2E	UNKNOWN STEP	2026-10-02T10:31:53.8507697Z     timestamp: 1790937102779,
Docker E2E	UNKNOWN STEP	2026-10-02T10:31:53.8507981Z     stackTrace: { callFrames: [Array] }
Docker E2E	UNKNOWN STEP	2026-10-02T10:31:53.8508247Z   }
Docker E2E	UNKNOWN STEP	2026-10-02T10:31:53.8508422Z }
Docker E2E	UNKNOWN STEP	2026-10-02T10:31:53.8508860Z [InspectorProxyWorker] SEND TO RUNTIME {"method":"Runtime.getIsolateId","id":100000002}
Docker E2E	UNKNOWN STEP	2026-10-02T10:31:53.8509449Z [wrangler-ProxyWorker:info] POST /firstrun 200 OK (8129ms)
Docker E2E	UNKNOWN STEP	2026-10-02T10:31:53.8510102Z [InspectorProxyWorker] RUNTIME INCOMING MESSAGE { id: 100000002, result: { id: '2888856e2cca50cb' } }
Docker E2E	UNKNOWN STEP	2026-10-02T10:31:53.8510700Z [wrangler-ProxyWorker:info] POST /modify 200 OK (21ms)
Docker E2E	UNKNOWN STEP	2026-10-02T10:31:53.8511126Z [wrangler-ProxyWorker:info] POST /modify 200 OK (9ms)
Docker E2E	UNKNOWN STEP	2026-10-02T10:31:53.8511550Z [wrangler-ProxyWorker:info] POST /modify 200 OK (413ms)
Docker E2E	UNKNOWN STEP	2026-10-02T10:31:53.8512782Z {"cfw":"php","level":"info","severity":6,"channel":"system","message":"entity_reference_integrity module installed.","uid":0,"request_uri":"http://localhost/","referer":"","ip":"<loopback>","timestamp":"1790937112"}
Docker E2E	UNKNOWN STEP	2026-10-02T10:31:53.8513697Z [InspectorProxyWorker] RUNTIME INCOMING MESSAGE {
Docker E2E	UNKNOWN STEP	2026-10-02T10:31:53.8514053Z   method: 'Runtime.consoleAPICalled',
Docker E2E	UNKNOWN STEP	2026-10-02T10:31:53.8514315Z   params: {
Docker E2E	UNKNOWN STEP	2026-10-02T10:31:53.8514503Z     type: 'log',
Docker E2E	UNKNOWN STEP	2026-10-02T10:31:53.8514715Z     args: [ [Object] ],
Docker E2E	UNKNOWN STEP	2026-10-02T10:31:53.8514966Z     executionContextId: 38081409,
Docker E2E	UNKNOWN STEP	2026-10-02T10:31:53.8515220Z     timestamp: 1790937112754,
Docker E2E	UNKNOWN STEP	2026-10-02T10:31:53.8515492Z     stackTrace: { callFrames: [Array] }
Docker E2E	UNKNOWN STEP	2026-10-02T10:31:53.8515749Z   }
Docker E2E	UNKNOWN STEP	2026-10-02T10:31:53.8515920Z }
Docker E2E	UNKNOWN STEP	2026-10-02T10:31:53.8516421Z [wrangler-ProxyWorker:info] POST /enable 200 OK (5101ms)
Docker E2E	UNKNOWN STEP	2026-10-02T10:31:53.8517189Z exception = kj/async-io-unix.c++:567: disconnected: ::read(fd, buffer, maxBytes): Connection reset by peer
Docker E2E	UNKNOWN STEP	2026-10-02T10:31:53.8523913Z <<removed: line of 1420 characters>>
Docker E2E	UNKNOWN STEP	2026-10-02T10:31:53.8529831Z uncaught exception; source = Uncaught (in promise); stack = Error: Network connection lost.
Docker E2E	UNKNOWN STEP	2026-10-02T10:31:53.8530798Z uncaught exception; exception = workerd/jsg/_virtual_includes/iterator/workerd/jsg/value.h:1477: disconnected: jsg.Error: Network connection lost.
Docker E2E	UNKNOWN STEP	2026-10-02T10:31:53.8533164Z stack: /tmp/drangler-e2e-modify-a84DWt/worker/node_modules/@cloudflare/workerd-linux-64/bin/workerd@33a3bd0 /tmp/drangler-e2e-modify-a84DWt/worker/node_modules/@cloudflare/workerd-linux-64/bin/workerd@33a486c /tmp/drangler-e2e-modify-a84DWt/worker/node_modules/@cloudflare/workerd-linux-64/bin/workerd@5998b48 /tmp/drangler-e2e-modify-a84DWt/worker/node_modules/@cloudflare/workerd-linux-64/bin/workerd@31108fb
Docker E2E	UNKNOWN STEP	2026-10-02T10:31:53.8535020Z uncaught exception; source = Uncaught (in promise); stack = Error: Network connection lost.
Docker E2E	UNKNOWN STEP	2026-10-02T10:31:53.8535981Z uncaught exception; exception = workerd/jsg/_virtual_includes/iterator/workerd/jsg/value.h:1477: disconnected: jsg.Error: Network connection lost.
Docker E2E	UNKNOWN STEP	2026-10-02T10:31:53.8538525Z stack: /tmp/drangler-e2e-modify-a84DWt/worker/node_modules/@cloudflare/workerd-linux-64/bin/workerd@33a3bd0 /tmp/drangler-e2e-modify-a84DWt/worker/node_modules/@cloudflare/workerd-linux-64/bin/workerd@33a486c /tmp/drangler-e2e-modify-a84DWt/worker/node_modules/@cloudflare/workerd-linux-64/bin/workerd@5998b48 /tmp/drangler-e2e-modify-a84DWt/worker/node_modules/@cloudflare/workerd-linux-64/bin/workerd@31108fb
Docker E2E	UNKNOWN STEP	2026-10-02T10:31:53.8540006Z 
Docker E2E	UNKNOWN STEP	2026-10-02T10:31:53.8540013Z 
Docker E2E	UNKNOWN STEP	2026-10-02T10:31:53.8677547Z  ^[[31m❯^[[39m ^[[30m^[[45m e2e ^[[49m^[[39m tests/e2e/modify.spec.ts ^[[2m(^[[22m^[[2m8 tests^[[22m^[[2m | ^[[22m^[[31m2 failed^[[39m^[[2m)^[[22m^[[33m 87363^[[2mms^[[22m^[[39m
Docker E2E	UNKNOWN STEP	2026-10-02T10:31:53.8679555Z        ^[[32m✓^[[39m detects the project and mounts it where Drupal looks for a custom module^[[32m 3^[[2mms^[[22m^[[39m
Docker E2E	UNKNOWN STEP	2026-10-02T10:31:53.8681244Z        ^[[33m^[[2m✓^[[22m^[[39m uploads it, and the revision drangler computed is the one the site stored ^[[33m 486^[[2mms^[[22m^[[39m
Docker E2E	UNKNOWN STEP	2026-10-02T10:31:53.8682622Z        ^[[33m^[[2m✓^[[22m^[[39m serves its route only once it is enabled ^[[33m 9375^[[2mms^[[22m^[[39m
Docker E2E	UNKNOWN STEP	2026-10-02T10:31:53.8683630Z        ^[[33m^[[2m✓^[[22m^[[39m sends only the changed file, and the site serves the new code ^[[33m 925^[[2mms^[[22m^[[39m
Docker E2E	UNKNOWN STEP	2026-10-02T10:31:53.8684538Z        ^[[33m^[[2m✓^[[22m^[[39m refuses a revision that breaks the boot and keeps the previous one serving ^[[33m 2964^[[2mms^[[22m^[[39m
Docker E2E	UNKNOWN STEP	2026-10-02T10:31:53.8685375Z        ^[[33m^[[2m✓^[[22m^[[39m lists both good revisions and rolls back to the first ^[[33m 917^[[2mms^[[22m^[[39m
Docker E2E	UNKNOWN STEP	2026-10-02T10:31:53.8686419Z ^[[31m       ^[[31m×^[[31m requires simple_oauth, uploads simple_oauth_21 and enables it^[[39m^[[33m 33525^[[2mms^[[22m^[[39m
Docker E2E	UNKNOWN STEP	2026-10-02T10:31:53.8687492Z ^[[31m       ^[[31m×^[[31m reports a module whose enable is refused and leaves the site serving^[[39m^[[33m 19337^[[2mms^[[22m^[[39m
Docker E2E	UNKNOWN STEP	2026-10-02T10:31:55.2086975Z Cloning into '/tmp/drangler-e2e-clone-R64zbt/worker'...
Docker E2E	UNKNOWN STEP	2026-10-02T10:31:56.0133959Z bun install v1.4.2 (744846f84)
Docker E2E	UNKNOWN STEP	2026-10-02T10:31:56.3324388Z 
Docker E2E	UNKNOWN STEP	2026-10-02T10:31:56.3325417Z $ bun scripts/gen-lock-versions.ts && bun scripts/restore-artifacts.ts
Docker E2E	UNKNOWN STEP	2026-10-02T10:31:56.3432515Z {
Docker E2E	UNKNOWN STEP	2026-10-02T10:31:56.3432948Z   "packages": 76,
Docker E2E	UNKNOWN STEP	2026-10-02T10:31:56.3433333Z   "virtual": 37,
Docker E2E	UNKNOWN STEP	2026-10-02T10:31:56.3433701Z   "core": "11.4.7",
Docker E2E	UNKNOWN STEP	2026-10-02T10:31:56.3434075Z   "bytes": 4562
Docker E2E	UNKNOWN STEP	2026-10-02T10:31:56.3434418Z }
Docker E2E	UNKNOWN STEP	2026-10-02T10:31:56.6553531Z restore-artifacts: .interp/php8.5.wasm (13401742 bytes, sha256 verified)
Docker E2E	UNKNOWN STEP	2026-10-02T10:31:56.7167341Z restore-artifacts: .interp/php8.5-worker.mjs (876467 bytes, sha256 verified)
Docker E2E	UNKNOWN STEP	2026-10-02T10:31:57.0335271Z restore-artifacts: tuned glue -> /tmp/drangler-e2e-clone-R64zbt/worker/.interp/php8.5-worker.tuned.mjs
Docker E2E	UNKNOWN STEP	2026-10-02T10:31:57.0620588Z restore-artifacts: tuned interpreter -> /tmp/drangler-e2e-clone-R64zbt/worker/.interp/php8.5.tuned.wasm (64 MiB)
Docker E2E	UNKNOWN STEP	2026-10-02T10:31:57.0627593Z restore-artifacts: 2 downloaded, 0 already current
Docker E2E	UNKNOWN STEP	2026-10-02T10:31:57.0679443Z $ husky
Docker E2E	UNKNOWN STEP	2026-10-02T10:31:57.1063810Z 
Docker E2E	UNKNOWN STEP	2026-10-02T10:31:57.1064476Z + @cloudflare/containers@0.3.7
Docker E2E	UNKNOWN STEP	2026-10-02T10:31:57.1065047Z + @cloudflare/vitest-pool-workers@0.22.0
Docker E2E	UNKNOWN STEP	2026-10-02T10:31:57.1065518Z + @cloudflare/workers-types@5.20260829.1
Docker E2E	UNKNOWN STEP	2026-10-02T10:31:57.1065886Z + @playwright/test@1.62.1
Docker E2E	UNKNOWN STEP	2026-10-02T10:31:57.1066436Z + @prettier/plugin-php@0.25.0
Docker E2E	UNKNOWN STEP	2026-10-02T10:31:57.1066936Z + @types/bun@1.4.0
Docker E2E	UNKNOWN STEP	2026-10-02T10:31:57.1067340Z + @types/pg@8.23.1
Docker E2E	UNKNOWN STEP	2026-10-02T10:31:57.1067786Z + @vitest/coverage-istanbul@4.1.11
Docker E2E	UNKNOWN STEP	2026-10-02T10:31:57.1068105Z + husky@9.1.7
Docker E2E	UNKNOWN STEP	2026-10-02T10:31:57.1068369Z + lint-staged@17.4.1
Docker E2E	UNKNOWN STEP	2026-10-02T10:31:57.1068626Z + marked@18.0.14
Docker E2E	UNKNOWN STEP	2026-10-02T10:31:57.1068907Z + marked-gfm-heading-id@4.1.4
Docker E2E	UNKNOWN STEP	2026-10-02T10:31:57.1069204Z + prettier@3.9.6
Docker E2E	UNKNOWN STEP	2026-10-02T10:31:57.1069569Z + prettier-plugin-organize-imports@4.3.0
Docker E2E	UNKNOWN STEP	2026-10-02T10:31:57.1069973Z + prettier-plugin-sh@0.20.2
Docker E2E	UNKNOWN STEP	2026-10-02T10:31:57.1070270Z + shiki@4.4.3
Docker E2E	UNKNOWN STEP	2026-10-02T10:31:57.1070519Z + typedoc@0.28.20
Docker E2E	UNKNOWN STEP	2026-10-02T10:31:57.1070781Z + typescript@5.9.3
Docker E2E	UNKNOWN STEP	2026-10-02T10:31:57.1071032Z + vitest@4.1.11
Docker E2E	UNKNOWN STEP	2026-10-02T10:31:57.1071284Z + wrangler@4.127.1
Docker E2E	UNKNOWN STEP	2026-10-02T10:31:57.1071528Z + yaml@2.9.1
Docker E2E	UNKNOWN STEP	2026-10-02T10:31:57.1071788Z + <private-pkg>@1.1.1
Docker E2E	UNKNOWN STEP	2026-10-02T10:31:57.1072101Z + <private-pkg>@0.3.1
Docker E2E	UNKNOWN STEP	2026-10-02T10:31:57.1072426Z + <private-pkg>@0.1.4
Docker E2E	UNKNOWN STEP	2026-10-02T10:31:57.1072736Z + <private-pkg>@0.1.0
Docker E2E	UNKNOWN STEP	2026-10-02T10:31:57.1073044Z + @<user>/tinyimg@1.1.0
Docker E2E	UNKNOWN STEP	2026-10-02T10:31:57.1073524Z + @noble/ciphers@2.4.0
Docker E2E	UNKNOWN STEP	2026-10-02T10:31:57.1074010Z + @noble/hashes@2.4.0
Docker E2E	UNKNOWN STEP	2026-10-02T10:31:57.1074413Z + blakejs@1.2.1
Docker E2E	UNKNOWN STEP	2026-10-02T10:31:57.1074663Z + edgeport@1.0.6
Docker E2E	UNKNOWN STEP	2026-10-02T10:31:57.1074865Z + fflate@0.8.3
Docker E2E	UNKNOWN STEP	2026-10-02T10:31:57.1075055Z + fzstd@0.1.1
Docker E2E	UNKNOWN STEP	2026-10-02T10:31:57.1075501Z + mysql2@3.24.4
Docker E2E	UNKNOWN STEP	2026-10-02T10:31:57.1075804Z + pg@8.23.0
Docker E2E	UNKNOWN STEP	2026-10-02T10:31:57.1091915Z + php-wasm@0.1.0
Docker E2E	UNKNOWN STEP	2026-10-02T10:31:57.1092169Z 
Docker E2E	UNKNOWN STEP	2026-10-02T10:31:57.1092423Z 260 packages installed [1093.00ms]
Docker E2E	UNKNOWN STEP	2026-10-02T10:31:57.1384052Z $ bun scripts/hydrate.ts
Docker E2E	UNKNOWN STEP	2026-10-02T10:31:57.2909570Z fetching https://<host>/payloads/v1.0.3/<org>-worker-1.0.3.tar.gz (cdn)
Docker E2E	UNKNOWN STEP	2026-10-02T10:31:57.4016969Z tarball sha256 <hex> matches SHA256SUMS
Docker E2E	UNKNOWN STEP	2026-10-02T10:31:58.4256874Z hydrate: kept 2 tracked file(s) the repository owns: assets/robots.txt, assets/driver.json
Docker E2E	UNKNOWN STEP	2026-10-02T10:31:58.4258003Z hydrated 4583 files, 52473986 bytes, from 1.0.3 (d633a47)
Docker E2E	UNKNOWN STEP	2026-10-02T10:31:58.4258987Z interpreter: .interp/php8.5-worker.tuned.mjs, .interp/php8.5.tuned.wasm
Docker E2E	UNKNOWN STEP	2026-10-02T10:31:58.4259937Z the tree is deployable now: bunx wrangler deploy -c wrangler.jsonc
Docker E2E	UNKNOWN STEP	2026-10-02T10:32:06.6589135Z  ^[[32m✓^[[39m ^[[30m^[[45m e2e ^[[49m^[[39m tests/e2e/workspace-clone.spec.ts ^[[2m(^[[22m^[[2m10 tests^[[22m^[[2m | ^[[22m^[[33m1 skipped^[[39m^[[2m)^[[22m^[[33m 11432^[[2mms^[[22m^[[39m
Docker E2E	UNKNOWN STEP	2026-10-02T10:32:06.6590686Z      ^[[33m^[[2m✓^[[22m^[[39m clones the published repository and installs it from npm ^[[33m 1906^[[2mms^[[22m^[[39m
Docker E2E	UNKNOWN STEP	2026-10-02T10:32:06.6591529Z      ^[[33m^[[2m✓^[[22m^[[39m hydrates from the <org>/worker release v1.0.3 ^[[33m 1402^[[2mms^[[22m^[[39m
Docker E2E	UNKNOWN STEP	2026-10-02T10:32:06.6592309Z      ^[[33m^[[2m✓^[[22m^[[39m runs every check, and none of them reports "not run" ^[[33m 3948^[[2mms^[[22m^[[39m
Docker E2E	UNKNOWN STEP	2026-10-02T10:32:06.6592998Z      ^[[33m^[[2m✓^[[22m^[[39m a published payload deploys clean ^[[33m 3869^[[2mms^[[22m^[[39m
Docker E2E	UNKNOWN STEP	2026-10-02T10:32:28.6148430Z  ^[[32m✓^[[39m ^[[30m^[[45m e2e ^[[49m^[[39m tests/e2e/detector.spec.ts ^[[2m(^[[22m^[[2m9 tests^[[22m^[[2m)^[[22m^[[33m 21739^[[2mms^[[22m^[[39m
Docker E2E	UNKNOWN STEP	2026-10-02T10:32:28.6150268Z      ^[[33m^[[2m✓^[[22m^[[39m catches a multi-byte value mangled by the wrong connection charset ^[[33m 393^[[2mms^[[22m^[[39m
Docker E2E	UNKNOWN STEP	2026-10-02T10:32:40.0901622Z Cloning into '/tmp/drangler-e2e-pv-G6ZPBb/worker'...
Docker E2E	UNKNOWN STEP	2026-10-02T10:32:40.7709685Z Note: switching to '<hex>'.
Docker E2E	UNKNOWN STEP	2026-10-02T10:32:40.7710230Z 
Docker E2E	UNKNOWN STEP	2026-10-02T10:32:40.7710819Z You are in 'detached HEAD' state. You can look around, make experimental
Docker E2E	UNKNOWN STEP	2026-10-02T10:32:40.7712186Z changes and commit them, and you can discard any commits you make in this
Docker E2E	UNKNOWN STEP	2026-10-02T10:32:40.7713222Z state without impacting any branches by switching back to a branch.
Docker E2E	UNKNOWN STEP	2026-10-02T10:32:40.7713728Z 
Docker E2E	UNKNOWN STEP	2026-10-02T10:32:40.7714225Z If you want to create a new branch to retain commits you create, you may
Docker E2E	UNKNOWN STEP	2026-10-02T10:32:40.7715200Z do so (now or later) by using -c with the switch command. Example:
Docker E2E	UNKNOWN STEP	2026-10-02T10:32:40.7715689Z 
Docker E2E	UNKNOWN STEP	2026-10-02T10:32:40.7715920Z   git switch -c <new-branch-name>
Docker E2E	UNKNOWN STEP	2026-10-02T10:32:40.7716233Z 
Docker E2E	UNKNOWN STEP	2026-10-02T10:32:40.7718639Z Or undo this operation with:
Docker E2E	UNKNOWN STEP	2026-10-02T10:32:40.7719281Z 
Docker E2E	UNKNOWN STEP	2026-10-02T10:32:40.7719469Z   git switch -
Docker E2E	UNKNOWN STEP	2026-10-02T10:32:40.7719701Z 
Docker E2E	UNKNOWN STEP	2026-10-02T10:32:40.7720585Z Turn off this advice by setting config variable advice.detachedHead to false
Docker E2E	UNKNOWN STEP	2026-10-02T10:32:40.7721190Z 
Docker E2E	UNKNOWN STEP	2026-10-02T10:32:40.8903235Z bun install v1.4.2 (744846f84)
Docker E2E	UNKNOWN STEP	2026-10-02T10:32:41.2174909Z 
Docker E2E	UNKNOWN STEP	2026-10-02T10:32:41.2175868Z $ bun scripts/gen-lock-versions.ts && bun scripts/restore-artifacts.ts
Docker E2E	UNKNOWN STEP	2026-10-02T10:32:41.2289173Z {
Docker E2E	UNKNOWN STEP	2026-10-02T10:32:41.2289562Z   "packages": 76,
Docker E2E	UNKNOWN STEP	2026-10-02T10:32:41.2289906Z   "virtual": 37,
Docker E2E	UNKNOWN STEP	2026-10-02T10:32:41.2290138Z   "core": "11.4.7",
Docker E2E	UNKNOWN STEP	2026-10-02T10:32:41.2290359Z   "bytes": 4562
Docker E2E	UNKNOWN STEP	2026-10-02T10:32:41.2290554Z }
Docker E2E	UNKNOWN STEP	2026-10-02T10:32:41.5409553Z restore-artifacts: .interp/php8.5.wasm (13401742 bytes, sha256 verified)
Docker E2E	UNKNOWN STEP	2026-10-02T10:32:41.5968563Z restore-artifacts: .interp/php8.5-worker.mjs (876467 bytes, sha256 verified)
Docker E2E	UNKNOWN STEP	2026-10-02T10:32:41.9137149Z restore-artifacts: tuned glue -> /tmp/drangler-e2e-pv-G6ZPBb/worker/.interp/php8.5-worker.tuned.mjs
Docker E2E	UNKNOWN STEP	2026-10-02T10:32:41.9382709Z restore-artifacts: tuned interpreter -> /tmp/drangler-e2e-pv-G6ZPBb/worker/.interp/php8.5.tuned.wasm (64 MiB)
Docker E2E	UNKNOWN STEP	2026-10-02T10:32:41.9407186Z restore-artifacts: 2 downloaded, 0 already current
Docker E2E	UNKNOWN STEP	2026-10-02T10:32:41.9426185Z $ husky
Docker E2E	UNKNOWN STEP	2026-10-02T10:32:41.9812305Z 
Docker E2E	UNKNOWN STEP	2026-10-02T10:32:41.9813202Z + @cloudflare/containers@0.3.7
Docker E2E	UNKNOWN STEP	2026-10-02T10:32:41.9813821Z + @cloudflare/vitest-pool-workers@0.22.0
Docker E2E	UNKNOWN STEP	2026-10-02T10:32:41.9814456Z + @cloudflare/workers-types@5.20260829.1
Docker E2E	UNKNOWN STEP	2026-10-02T10:32:41.9815012Z + @playwright/test@1.62.1
Docker E2E	UNKNOWN STEP	2026-10-02T10:32:41.9815323Z + @prettier/plugin-php@0.25.0
Docker E2E	UNKNOWN STEP	2026-10-02T10:32:41.9815620Z + @types/bun@1.4.0
Docker E2E	UNKNOWN STEP	2026-10-02T10:32:41.9815853Z + @types/pg@8.23.1
Docker E2E	UNKNOWN STEP	2026-10-02T10:32:41.9816128Z + @vitest/coverage-istanbul@4.1.11
Docker E2E	UNKNOWN STEP	2026-10-02T10:32:41.9816644Z + husky@9.1.7
Docker E2E	UNKNOWN STEP	2026-10-02T10:32:41.9817044Z + lint-staged@17.4.1
Docker E2E	UNKNOWN STEP	2026-10-02T10:32:41.9817411Z + marked@18.0.14
Docker E2E	UNKNOWN STEP	2026-10-02T10:32:41.9817802Z + marked-gfm-heading-id@4.1.4
Docker E2E	UNKNOWN STEP	2026-10-02T10:32:41.9818232Z + prettier@3.9.6
Docker E2E	UNKNOWN STEP	2026-10-02T10:32:41.9818778Z + prettier-plugin-organize-imports@4.3.0
Docker E2E	UNKNOWN STEP	2026-10-02T10:32:41.9819327Z + prettier-plugin-sh@0.20.2
Docker E2E	UNKNOWN STEP	2026-10-02T10:32:41.9819780Z + shiki@4.4.3
Docker E2E	UNKNOWN STEP	2026-10-02T10:32:41.9820150Z + typedoc@0.28.20
Docker E2E	UNKNOWN STEP	2026-10-02T10:32:41.9820518Z + typescript@5.9.3
Docker E2E	UNKNOWN STEP	2026-10-02T10:32:41.9820859Z + vitest@4.1.11
Docker E2E	UNKNOWN STEP	2026-10-02T10:32:41.9821230Z + wrangler@4.127.1
Docker E2E	UNKNOWN STEP	2026-10-02T10:32:41.9821582Z + yaml@2.9.1
Docker E2E	UNKNOWN STEP	2026-10-02T10:32:41.9822000Z + <private-pkg>@1.1.1
Docker E2E	UNKNOWN STEP	2026-10-02T10:32:41.9822464Z + <private-pkg>@0.3.1
Docker E2E	UNKNOWN STEP	2026-10-02T10:32:41.9822940Z + <private-pkg>@0.1.4
Docker E2E	UNKNOWN STEP	2026-10-02T10:32:41.9823396Z + <private-pkg>@0.1.0
Docker E2E	UNKNOWN STEP	2026-10-02T10:32:41.9823839Z + @<user>/tinyimg@1.1.0
Docker E2E	UNKNOWN STEP	2026-10-02T10:32:41.9824299Z + @noble/ciphers@2.4.0
Docker E2E	UNKNOWN STEP	2026-10-02T10:32:41.9824680Z + @noble/hashes@2.4.0
Docker E2E	UNKNOWN STEP	2026-10-02T10:32:41.9825037Z + blakejs@1.2.1
Docker E2E	UNKNOWN STEP	2026-10-02T10:32:41.9825355Z + edgeport@1.0.6
Docker E2E	UNKNOWN STEP	2026-10-02T10:32:41.9825674Z + fflate@0.8.3
Docker E2E	UNKNOWN STEP	2026-10-02T10:32:41.9825975Z + fzstd@0.1.1
Docker E2E	UNKNOWN STEP	2026-10-02T10:32:41.9826495Z + mysql2@3.24.4
Docker E2E	UNKNOWN STEP	2026-10-02T10:32:41.9826826Z + pg@8.23.0
Docker E2E	UNKNOWN STEP	2026-10-02T10:32:41.9827144Z + php-wasm@0.1.0
Docker E2E	UNKNOWN STEP	2026-10-02T10:32:41.9827360Z 
Docker E2E	UNKNOWN STEP	2026-10-02T10:32:41.9827612Z 260 packages installed [1092.00ms]
Docker E2E	UNKNOWN STEP	2026-10-02T10:32:41.9867101Z $ bun scripts/hydrate.ts
Docker E2E	UNKNOWN STEP	2026-10-02T10:32:42.1738253Z fetching https://<host>/payloads/v1.0.3/<org>-worker-1.0.3.tar.gz (cdn)
Docker E2E	UNKNOWN STEP	2026-10-02T10:32:42.3174655Z tarball sha256 <hex> matches SHA256SUMS
Docker E2E	UNKNOWN STEP	2026-10-02T10:32:43.3478352Z hydrate: kept 2 tracked file(s) the repository owns: assets/robots.txt, assets/driver.json
Docker E2E	UNKNOWN STEP	2026-10-02T10:32:43.3479217Z hydrated 4583 files, 52473986 bytes, from 1.0.3 (d633a47)
Docker E2E	UNKNOWN STEP	2026-10-02T10:32:43.3479971Z interpreter: .interp/php8.5-worker.tuned.mjs, .interp/php8.5.tuned.wasm
Docker E2E	UNKNOWN STEP	2026-10-02T10:32:43.3480755Z the tree is deployable now: bunx wrangler deploy -c wrangler.jsonc
Docker E2E	UNKNOWN STEP	2026-10-02T10:32:43.5430333Z $ node scripts/pack-sql.ts assets/drupal/site.sqlite assets/drupal-sql
Docker E2E	UNKNOWN STEP	2026-10-02T10:32:43.6893590Z source          /tmp/drangler-e2e-pv-G6ZPBb/worker/assets/drupal/site.sqlite
Docker E2E	UNKNOWN STEP	2026-10-02T10:32:43.7036817Z                 2,379,776 bytes on disk
Docker E2E	UNKNOWN STEP	2026-10-02T10:32:43.7037806Z tables          52 (+1 synthesised: sessions), 9 WITHOUT ROWID
Docker E2E	UNKNOWN STEP	2026-10-02T10:32:43.7038555Z rows            926
Docker E2E	UNKNOWN STEP	2026-10-02T10:32:43.7039366Z statements      1,104 (53 table DDL, 926 inserts, 125 index DDL)
Docker E2E	UNKNOWN STEP	2026-10-02T10:32:43.7040513Z chunks          33 at <=200 statements / <=64 KiB
Docker E2E	UNKNOWN STEP	2026-10-02T10:32:43.7041237Z chunk bytes     1,727,828 total, largest 120,344
Docker E2E	UNKNOWN STEP	2026-10-02T10:32:43.7041613Z vs .sqlite      -651,948 bytes
Docker E2E	UNKNOWN STEP	2026-10-02T10:32:43.7042538Z encoding        1158 base64 values, 0 wide integers, 0 collations rewritten
Docker E2E	UNKNOWN STEP	2026-10-02T10:32:43.7043222Z bake history    39 watchdog rows and 1 state keys dropped
Docker E2E	UNKNOWN STEP	2026-10-02T10:32:43.7043704Z generation      b87209fbf24d41b7
Docker E2E	UNKNOWN STEP	2026-10-02T10:32:43.7044155Z out             /tmp/drangler-e2e-pv-G6ZPBb/worker/assets/drupal-sql
Docker E2E	UNKNOWN STEP	2026-10-02T10:32:43.7044940Z largest chunks  0013.json:118K/120st  0004.json:96K/135st  0007.json:94K/104st  0014.json:93K/60st  0021.json:93K/54st
Docker E2E	UNKNOWN STEP	2026-10-02T10:32:44.8434101Z 🪵  Writing logs to "/home/runner/.config/.wrangler/logs/wrangler-2026-10-02_10-32-44_449.log"
Docker E2E	UNKNOWN STEP	2026-10-02T10:32:44.8442163Z .env file not found at "/tmp/drangler-e2e-pv-G6ZPBb/worker/.env". Continuing... For more details, refer to https://developers.cloudflare.com/workers/wrangler/system-environment-variables/
Docker E2E	UNKNOWN STEP	2026-10-02T10:32:44.8445102Z .env file not found at "/tmp/drangler-e2e-pv-G6ZPBb/worker/.env.local". Continuing... For more details, refer to https://developers.cloudflare.com/workers/wrangler/system-environment-variables/
Docker E2E	UNKNOWN STEP	2026-10-02T10:32:44.8554464Z 
Docker E2E	UNKNOWN STEP	2026-10-02T10:32:44.8555135Z  ⛅️ wrangler 4.127.1 (update available 4.146.0)
Docker E2E	UNKNOWN STEP	2026-10-02T10:32:44.8556026Z ───────────────────────────────────────────────
Docker E2E	UNKNOWN STEP	2026-10-02T10:32:44.8568195Z 
Docker E2E	UNKNOWN STEP	2026-10-02T10:32:44.8569616Z Cloudflare collects anonymous telemetry about your usage of Wrangler. Learn more at https://github.com/cloudflare/workers-sdk/tree/main/packages/wrangler/telemetry.md
Docker E2E	UNKNOWN STEP	2026-10-02T10:32:44.8716061Z setting config
Docker E2E	UNKNOWN STEP	2026-10-02T10:32:44.8720735Z Updating config... undefined undefined
Docker E2E	UNKNOWN STEP	2026-10-02T10:32:44.8795206Z <<removed: line of 740 characters>>
Docker E2E	UNKNOWN STEP	2026-10-02T10:32:44.8954623Z [custom build] Running: bun run hydrate
Docker E2E	UNKNOWN STEP	2026-10-02T10:32:44.9201765Z [custom build] $ bun scripts/hydrate.ts
Docker E2E	UNKNOWN STEP	2026-10-02T10:32:44.9202382Z [custom build] 
Docker E2E	UNKNOWN STEP	2026-10-02T10:32:44.9353810Z [custom build] the tree is already hydrated; nothing to do.
Docker E2E	UNKNOWN STEP	2026-10-02T10:32:44.9355426Z [custom build] pass --force to replace it with the published payload anyway.
Docker E2E	UNKNOWN STEP	2026-10-02T10:32:44.9356931Z [custom build] 
Docker E2E	UNKNOWN STEP	2026-10-02T10:32:44.9529436Z local dev variables file not found at ".dev.vars". Continuing... For more details, refer to https://developers.cloudflare.com/workers/wrangler/system-environment-variables/
Docker E2E	UNKNOWN STEP	2026-10-02T10:32:44.9532663Z .env file not found at "/tmp/drangler-e2e-pv-G6ZPBb/worker/.env". Continuing... For more details, refer to https://developers.cloudflare.com/workers/wrangler/system-environment-variables/
Docker E2E	UNKNOWN STEP	2026-10-02T10:32:44.9535641Z .env file not found at "/tmp/drangler-e2e-pv-G6ZPBb/worker/.env.local". Continuing... For more details, refer to https://developers.cloudflare.com/workers/wrangler/system-environment-variables/
Docker E2E	UNKNOWN STEP	2026-10-02T10:32:44.9553017Z Your Worker has access to the following bindings:
Docker E2E	UNKNOWN STEP	2026-10-02T10:32:44.9554286Z Binding                                              Resource                     Mode
Docker E2E	UNKNOWN STEP	2026-10-02T10:32:44.9555886Z env.SITE (SitePhpDurableObject)                      Durable Object               local
Docker E2E	UNKNOWN STEP	2026-10-02T10:32:44.9557568Z env.RENDER_LANES (RenderLane)                        Durable Object               local
Docker E2E	UNKNOWN STEP	2026-10-02T10:32:44.9558636Z env.CONFIG_KV                                        KV Namespace                 local
Docker E2E	UNKNOWN STEP	2026-10-02T10:32:44.9559718Z env.PAGE_KV                                          KV Namespace                 local
Docker E2E	UNKNOWN STEP	2026-10-02T10:32:44.9560797Z env.FLEET_DB (<org>-fleet)                       D1 Database                  local
Docker E2E	UNKNOWN STEP	2026-10-02T10:32:44.9562019Z env.ASSETS                                           Assets                       local
Docker E2E	UNKNOWN STEP	2026-10-02T10:32:44.9563029Z env.CF_VERSION_METADATA                              Worker Version Metadata      local
Docker E2E	UNKNOWN STEP	2026-10-02T10:32:44.9564166Z env.CMS ("drupal")                                   Environment Variable         local
Docker E2E	UNKNOWN STEP	2026-10-02T10:32:44.9565149Z env.LAZY_MOUNT ("1")                                 Environment Variable         local
Docker E2E	UNKNOWN STEP	2026-10-02T10:32:44.9566193Z env.LAZY_FS_BUDGET_BYTES ("4194304")                 Environment Variable         local
Docker E2E	UNKNOWN STEP	2026-10-02T10:32:44.9567822Z env.GEN_BUCKET_MS ("5000")                           Environment Variable         local
Docker E2E	UNKNOWN STEP	2026-10-02T10:32:44.9568890Z env.PLAN ("free")                                    Environment Variable         local
Docker E2E	UNKNOWN STEP	2026-10-02T10:32:44.9570021Z env.ASSET_AGGREGATES ("1")                           Environment Variable         local
Docker E2E	UNKNOWN STEP	2026-10-02T10:32:44.9570681Z 
Docker E2E	UNKNOWN STEP	2026-10-02T10:32:45.2154399Z The file src changed, restarting build...
Docker E2E	UNKNOWN STEP	2026-10-02T10:32:45.2156796Z [custom build] Running: bun run hydrate
Docker E2E	UNKNOWN STEP	2026-10-02T10:32:45.2571293Z [custom build] $ bun scripts/hydrate.ts
Docker E2E	UNKNOWN STEP	2026-10-02T10:32:45.2571937Z [custom build] 
Docker E2E	UNKNOWN STEP	2026-10-02T10:32:45.3667277Z ^[[33m▲ ^[[43;33m[^[[43;30mWARNING^[[43;33m]^[[0m ^[[1mScheduled Workers are not automatically triggered during local development.^[[0m
Docker E2E	UNKNOWN STEP	2026-10-02T10:32:45.3668002Z 
Docker E2E	UNKNOWN STEP	2026-10-02T10:32:45.3668202Z   To manually trigger a scheduled event, run:
Docker E2E	UNKNOWN STEP	2026-10-02T10:32:45.3668815Z     curl "http://localhost:8799/cdn-cgi/local/scheduled"
Docker E2E	UNKNOWN STEP	2026-10-02T10:32:45.3669783Z   For more details, see ^[[4mhttps://developers.cloudflare.com/workers/configuration/cron-triggers/#test-cron-triggers-locally^[[0m
Docker E2E	UNKNOWN STEP	2026-10-02T10:32:45.3670520Z 
Docker E2E	UNKNOWN STEP	2026-10-02T10:32:45.3670547Z 
Docker E2E	UNKNOWN STEP	2026-10-02T10:32:45.3731833Z [custom build] the tree is already hydrated; nothing to do.
Docker E2E	UNKNOWN STEP	2026-10-02T10:32:45.3734646Z [custom build] pass --force to replace it with the published payload anyway.
Docker E2E	UNKNOWN STEP	2026-10-02T10:32:45.3735339Z [custom build] 
Docker E2E	UNKNOWN STEP	2026-10-02T10:32:45.6211561Z [wrangler-ProxyWorker:info] GET /cdn-cgi/ProxyWorker/pause 204 No Content (2ms)
Docker E2E	UNKNOWN STEP	2026-10-02T10:32:45.6375141Z [wrangler-ProxyWorker:info] GET /cdn-cgi/ProxyWorker/pause 204 No Content (1ms)
Docker E2E	UNKNOWN STEP	2026-10-02T10:32:45.9787973Z Writing additional module to output /tmp/drangler-e2e-pv-G6ZPBb/worker/.wrangler/tmp/dev-MzbTky/<hex>-tinyimg.wasm
Docker E2E	UNKNOWN STEP	2026-10-02T10:32:45.9798525Z Writing additional module to output /tmp/drangler-e2e-pv-G6ZPBb/worker/.wrangler/tmp/dev-MzbTky/<hex>-wasm3.wasm
Docker E2E	UNKNOWN STEP	2026-10-02T10:32:45.9805945Z Writing additional module to output /tmp/drangler-e2e-pv-G6ZPBb/worker/.wrangler/tmp/dev-MzbTky/<hex>-php8.5.tuned.wasm
Docker E2E	UNKNOWN STEP	2026-10-02T10:32:45.9888684Z RemoteRuntimeController teardown beginning...
Docker E2E	UNKNOWN STEP	2026-10-02T10:32:45.9889253Z RemoteRuntimeController teardown complete
Docker E2E	UNKNOWN STEP	2026-10-02T10:32:45.9937857Z ⎔ Starting local server...
Docker E2E	UNKNOWN STEP	2026-10-02T10:32:46.0008677Z [InspectorProxyWorker] handleProxyControllerIncomingMessage {"type":"reloadStart"}
Docker E2E	UNKNOWN STEP	2026-10-02T10:32:46.0030844Z [wrangler-ProxyWorker:info] GET /cdn-cgi/ProxyWorker/pause 204 No Content (1ms)
Docker E2E	UNKNOWN STEP	2026-10-02T10:32:46.6057344Z Inspector is listening
Docker E2E	UNKNOWN STEP	2026-10-02T10:32:46.9277564Z [wrangler-ProxyWorker:info] Ready on http://localhost:8799
Docker E2E	UNKNOWN STEP	2026-10-02T10:32:46.9310990Z [InspectorProxyWorker] handleProxyControllerIncomingMessage {"type":"reloadComplete","proxyData":{"userWorkerUrl":{"protocol":"http:","hostname":"<loopback>","port":"40237"},"userWorkerInspectorUrl":{"protocol":"ws:","hostname":"<loopback>","port":"40369","pathname":"/core:user:<org>"},"userWorkerInnerUrlOverrides":{"protocol":"http:"},"headers":{"MF-Proxy-Shared-Secret":"<uuid>"},"liveReload":false,"proxyLogsToController":false}}
Docker E2E	UNKNOWN STEP	2026-10-02T10:32:46.9321735Z [InspectorProxyWorker] reconnectRuntimeWebSocket
Docker E2E	UNKNOWN STEP	2026-10-02T10:32:46.9331910Z [InspectorProxyWorker] NEW RUNTIME WEBSOCKET http://<loopback>:40369/core:user:<org>
Docker E2E	UNKNOWN STEP	2026-10-02T10:32:46.9339629Z Inspector client attaching [core:user:<org>]
Docker E2E	UNKNOWN STEP	2026-10-02T10:32:46.9342037Z [InspectorProxyWorker] SEND TO DEVTOOLS {"method":"Runtime.executionContextsCleared"}
Docker E2E	UNKNOWN STEP	2026-10-02T10:32:46.9354605Z [wrangler-ProxyWorker:info] GET /cdn-cgi/ProxyWorker/play 204 No Content (2ms)
Docker E2E	UNKNOWN STEP	2026-10-02T10:32:46.9368593Z [InspectorProxyWorker] RUNTIME WEBSOCKET OPENED
Docker E2E	UNKNOWN STEP	2026-10-02T10:32:46.9378517Z [InspectorProxyWorker] RUNTIME INCOMING MESSAGE {
Docker E2E	UNKNOWN STEP	2026-10-02T10:32:46.9379666Z   method: 'Runtime.executionContextCreated',
Docker E2E	UNKNOWN STEP	2026-10-02T10:32:46.9380297Z   params: {
Docker E2E	UNKNOWN STEP	2026-10-02T10:32:46.9380853Z     context: {
Docker E2E	UNKNOWN STEP	2026-10-02T10:32:46.9381396Z       id: 221624257,
Docker E2E	UNKNOWN STEP	2026-10-02T10:32:46.9381961Z       origin: '',
Docker E2E	UNKNOWN STEP	2026-10-02T10:32:46.9382847Z       name: 'Worker',
Docker E2E	UNKNOWN STEP	2026-10-02T10:32:46.9383620Z       uniqueId: '-7208761508049961.-9135969995304252033'
Docker E2E	UNKNOWN STEP	2026-10-02T10:32:46.9384371Z     }
Docker E2E	UNKNOWN STEP	2026-10-02T10:32:46.9384857Z   }
Docker E2E	UNKNOWN STEP	2026-10-02T10:32:46.9387076Z }
Docker E2E	UNKNOWN STEP	2026-10-02T10:32:46.9388082Z [InspectorProxyWorker] RUNTIME INCOMING MESSAGE { id: 100000001, result: {} }
Docker E2E	UNKNOWN STEP	2026-10-02T10:32:46.9392830Z [InspectorProxyWorker] SEND TO RUNTIME {"method":"Runtime.enable","id":100000001}
Docker E2E	UNKNOWN STEP	2026-10-02T10:32:46.9912724Z [wrangler-ProxyWorker:info] GET / 503 Service Unavailable (1205ms)
Docker E2E	UNKNOWN STEP	2026-10-02T10:32:54.0414344Z [wrangler-ProxyWorker:info] GET / 200 OK (5038ms)
Docker E2E	UNKNOWN STEP	2026-10-02T10:32:54.0543864Z exception = kj/async-io.c++:60: disconnected: stream disconnected prematurely
Docker E2E	UNKNOWN STEP	2026-10-02T10:32:54.0567495Z <<removed: line of 1170 characters>>
Docker E2E	UNKNOWN STEP	2026-10-02T10:32:54.0577338Z uncaught exception; source = Uncaught (in promise); stack = Error: Network connection lost.
Docker E2E	UNKNOWN STEP	2026-10-02T10:32:54.0579197Z uncaught exception; exception = workerd/jsg/_virtual_includes/iterator/workerd/jsg/value.h:1477: disconnected: jsg.Error: Network connection lost.
Docker E2E	UNKNOWN STEP	2026-10-02T10:32:54.0584196Z stack: /tmp/drangler-e2e-pv-G6ZPBb/worker/node_modules/@cloudflare/workerd-linux-64/bin/workerd@33a3bd0 /tmp/drangler-e2e-pv-G6ZPBb/worker/node_modules/@cloudflare/workerd-linux-64/bin/workerd@33a486c /tmp/drangler-e2e-pv-G6ZPBb/worker/node_modules/@cloudflare/workerd-linux-64/bin/workerd@5998b48 /tmp/drangler-e2e-pv-G6ZPBb/worker/node_modules/@cloudflare/workerd-linux-64/bin/workerd@31108fb
Docker E2E	UNKNOWN STEP	2026-10-02T10:32:54.0603596Z uncaught exception; source = Uncaught (in promise); stack = Error: Network connection lost.
Docker E2E	UNKNOWN STEP	2026-10-02T10:32:54.0605716Z uncaught exception; exception = workerd/jsg/_virtual_includes/iterator/workerd/jsg/value.h:1477: disconnected: jsg.Error: Network connection lost.
Docker E2E	UNKNOWN STEP	2026-10-02T10:32:54.0610223Z stack: /tmp/drangler-e2e-pv-G6ZPBb/worker/node_modules/@cloudflare/workerd-linux-64/bin/workerd@33a3bd0 /tmp/drangler-e2e-pv-G6ZPBb/worker/node_modules/@cloudflare/workerd-linux-64/bin/workerd@33a486c /tmp/drangler-e2e-pv-G6ZPBb/worker/node_modules/@cloudflare/workerd-linux-64/bin/workerd@5998b48 /tmp/drangler-e2e-pv-G6ZPBb/worker/node_modules/@cloudflare/workerd-linux-64/bin/workerd@31108fb
Docker E2E	UNKNOWN STEP	2026-10-02T10:32:54.0629079Z Error in ProxyController: Error inside ProxyWorker
Docker E2E	UNKNOWN STEP	2026-10-02T10:32:54.0629730Z  Error
Docker E2E	UNKNOWN STEP	2026-10-02T10:32:54.0630678Z     at castErrorCause (/tmp/drangler-e2e-pv-G6ZPBb/worker/node_modules/wrangler/wrangler-dist/cli.js:180603:20)
Docker E2E	UNKNOWN STEP	2026-10-02T10:32:54.0632459Z     at ProxyController2.emitErrorEvent (/tmp/drangler-e2e-pv-G6ZPBb/worker/node_modules/wrangler/wrangler-dist/cli.js:326752:20)
Docker E2E	UNKNOWN STEP	2026-10-02T10:32:54.0634461Z     at ProxyController2.onProxyWorkerMessage (/tmp/drangler-e2e-pv-G6ZPBb/worker/node_modules/wrangler/wrangler-dist/cli.js:326629:18)
Docker E2E	UNKNOWN STEP	2026-10-02T10:32:54.0636533Z     at PROXY_CONTROLLER (/tmp/drangler-e2e-pv-G6ZPBb/worker/node_modules/wrangler/wrangler-dist/cli.js:326356:24)
Docker E2E	UNKNOWN STEP	2026-10-02T10:32:54.0638287Z     at process.processTicksAndRejections (node:internal/process/task_queues:104:5)
Docker E2E	UNKNOWN STEP	2026-10-02T10:32:54.0688171Z     at async #handleLoopbackCustomFetchService (/tmp/drangler-e2e-pv-G6ZPBb/worker/node_modules/wrangler/node_modules/miniflare/dist/src/index.js:112345:22)
Docker E2E	UNKNOWN STEP	2026-10-02T10:32:54.0737433Z ^[[31m✘ ^[[41;31m[^[[41;97mERROR^[[41;31m]^[[0m ^[[1m^[[0m
Docker E2E	UNKNOWN STEP	2026-10-02T10:32:54.0738732Z     at async #handleLoopback (/tmp/drangler-e2e-pv-G6ZPBb/worker/node_modules/wrangler/node_modules/miniflare/dist/src/index.js:112728:20) {
Docker E2E	UNKNOWN STEP	2026-10-02T10:32:54.0766665Z 
Docker E2E	UNKNOWN STEP	2026-10-02T10:32:54.0766883Z   cause: {
Docker E2E	UNKNOWN STEP	2026-10-02T10:32:54.0777456Z     name: 'Error',
Docker E2E	UNKNOWN STEP	2026-10-02T10:32:54.0778148Z     message: 'Network connection lost.',
Docker E2E	UNKNOWN STEP	2026-10-02T10:32:54.0779005Z     stack: 'Error: Network connection lost.'
Docker E2E	UNKNOWN STEP	2026-10-02T10:32:54.0779658Z   }
Docker E2E	UNKNOWN STEP	2026-10-02T10:32:54.0780122Z }
Docker E2E	UNKNOWN STEP	2026-10-02T10:32:54.1375822Z <<removed: object dump, 574 lines>>
Docker E2E	UNKNOWN STEP	2026-10-02T10:32:54.1375996Z 
Docker E2E	UNKNOWN STEP	2026-10-02T10:32:54.1376128Z Error
Docker E2E	UNKNOWN STEP	2026-10-02T10:32:54.1377187Z     at castErrorCause (/tmp/drangler-e2e-pv-G6ZPBb/worker/node_modules/wrangler/wrangler-dist/cli.js:180603:20)
Docker E2E	UNKNOWN STEP	2026-10-02T10:32:54.1378819Z     at ProxyController2.emitErrorEvent (/tmp/drangler-e2e-pv-G6ZPBb/worker/node_modules/wrangler/wrangler-dist/cli.js:326752:20)
Docker E2E	UNKNOWN STEP	2026-10-02T10:32:54.1380885Z     at ProxyController2.onProxyWorkerMessage (/tmp/drangler-e2e-pv-G6ZPBb/worker/node_modules/wrangler/wrangler-dist/cli.js:326629:18)
Docker E2E	UNKNOWN STEP	2026-10-02T10:32:54.1382591Z     at PROXY_CONTROLLER (/tmp/drangler-e2e-pv-G6ZPBb/worker/node_modules/wrangler/wrangler-dist/cli.js:326356:24)
Docker E2E	UNKNOWN STEP	2026-10-02T10:32:54.1383899Z     at process.processTicksAndRejections (node:internal/process/task_queues:104:5)
Docker E2E	UNKNOWN STEP	2026-10-02T10:32:54.1385587Z     at async #handleLoopbackCustomFetchService (/tmp/drangler-e2e-pv-G6ZPBb/worker/node_modules/wrangler/node_modules/miniflare/dist/src/index.js:112345:22)
Docker E2E	UNKNOWN STEP	2026-10-02T10:32:54.1387809Z     at async #handleLoopback (/tmp/drangler-e2e-pv-G6ZPBb/worker/node_modules/wrangler/node_modules/miniflare/dist/src/index.js:112728:20)
Docker E2E	UNKNOWN STEP	2026-10-02T10:32:54.1390025Z ^[[32mIf you think this is a bug then please create an issue at https://github.com/cloudflare/workers-sdk/issues/new/choose^[[0m
Docker E2E	UNKNOWN STEP	2026-10-02T10:32:54.1391782Z Note that there is a newer version of Wrangler available (4.146.0). Consider checking whether upgrading resolves this error.
Docker E2E	UNKNOWN STEP	2026-10-02T10:32:54.1398818Z <<removed: line of 758 characters>>
Docker E2E	UNKNOWN STEP	2026-10-02T10:32:54.1403871Z Sentry: Reporting disabled - would have sent Error.
Docker E2E	UNKNOWN STEP	2026-10-02T10:32:54.1405132Z uncaught exception; source = Uncaught (in promise); stack = Error: Network connection lost.
Docker E2E	UNKNOWN STEP	2026-10-02T10:32:54.1407109Z uncaught exception; exception = workerd/jsg/_virtual_includes/iterator/workerd/jsg/value.h:1477: disconnected: jsg.Error: Network connection lost.
Docker E2E	UNKNOWN STEP	2026-10-02T10:32:54.1411344Z stack: /tmp/drangler-e2e-pv-G6ZPBb/worker/node_modules/@cloudflare/workerd-linux-64/bin/workerd@33a3bd0 /tmp/drangler-e2e-pv-G6ZPBb/worker/node_modules/@cloudflare/workerd-linux-64/bin/workerd@33a486c /tmp/drangler-e2e-pv-G6ZPBb/worker/node_modules/@cloudflare/workerd-linux-64/bin/workerd@5998b48 /tmp/drangler-e2e-pv-G6ZPBb/worker/node_modules/@cloudflare/workerd-linux-64/bin/workerd@31108fb
Docker E2E	UNKNOWN STEP	2026-10-02T10:32:54.1694494Z ^[[90mstdout^[[2m | tests/e2e/preview.spec.ts^[[2m > ^[[22m^[[2mpreview
Docker E2E	UNKNOWN STEP	2026-10-02T10:32:54.1695411Z ^[[22m^[[39mwrangler dev closed code=1 signal=null
Docker E2E	UNKNOWN STEP	2026-10-02T10:32:54.1695648Z 
Docker E2E	UNKNOWN STEP	2026-10-02T10:32:55.3094538Z ^[[90mstdout^[[2m | tests/e2e/preview.spec.ts^[[2m > ^[[22m^[[2mpreview
Docker E2E	UNKNOWN STEP	2026-10-02T10:32:55.3095316Z ^[[22m^[[39mMigration plan: VPS to Worker
Docker E2E	UNKNOWN STEP	2026-10-02T10:32:55.3095719Z Source: tester@<loopback>:2222 (/opt/drupal/web)
Docker E2E	UNKNOWN STEP	2026-10-02T10:32:55.3096083Z Target: PHP 8.5 (assumed)
Docker E2E	UNKNOWN STEP	2026-10-02T10:32:55.3096562Z 
Docker E2E	UNKNOWN STEP	2026-10-02T10:32:55.3096663Z WARNINGS (1)
Docker E2E	UNKNOWN STEP	2026-10-02T10:32:55.3097063Z   ext-archive: the source loads Phar and zip
Docker E2E	UNKNOWN STEP	2026-10-02T10:32:55.3098320Z     the wasm interpreter has no ext-phar, so code that opens a Phar must move to a host-side path; `ZipArchive` is served by a stand-in
Docker E2E	UNKNOWN STEP	2026-10-02T10:32:55.3098845Z 
Docker E2E	UNKNOWN STEP	2026-10-02T10:32:55.3098939Z NOTES (4)
Docker E2E	UNKNOWN STEP	2026-10-02T10:32:55.3099186Z   db-driver: mysql converts to SQLite
Docker E2E	UNKNOWN STEP	2026-10-02T10:32:55.3100215Z     `drangler migrate convert --from mysql --to sqlite` reads a `drush sql:dump`; the worker has no MySQL
Docker E2E	UNKNOWN STEP	2026-10-02T10:32:55.3101237Z   drupal-version: the source is pinned to Drupal 11.4.8
Docker E2E	UNKNOWN STEP	2026-10-02T10:32:55.3102149Z     the worker ships Drupal 11.4.7; the drupal/core constraint is rewritten to that version and reported
Docker E2E	UNKNOWN STEP	2026-10-02T10:32:55.3102971Z   shellout-undetectable: a module calling exec() cannot be detected from a survey
Docker E2E	UNKNOWN STEP	2026-10-02T10:32:55.3104218Z     38 enabled modules were listed by name only; the worker cannot spawn a process, and finding the callers needs a grep of the source tree
Docker E2E	UNKNOWN STEP	2026-10-02T10:32:55.3105180Z   cron: system cron becomes a Cron Trigger
Docker E2E	UNKNOWN STEP	2026-10-02T10:32:55.3105939Z     the worker runs a `*/5 * * * *` trigger that drives the fill window; a crontab entry calling drush has no equivalent and its work has to move into hook_cron or a queue
Docker E2E	UNKNOWN STEP	2026-10-02T10:32:55.3106849Z 
Docker E2E	UNKNOWN STEP	2026-10-02T10:32:55.3106946Z STEPS
Docker E2E	UNKNOWN STEP	2026-10-02T10:32:55.3107158Z   1. Dump the Source Database
Docker E2E	UNKNOWN STEP	2026-10-02T10:32:55.3107996Z      $ ssh tester@<loopback>:2222 'cd /opt/drupal/web && drush sql:dump --result-file=/tmp/site.sql --gzip'
Docker E2E	UNKNOWN STEP	2026-10-02T10:32:55.3109061Z      a plain mysqldump; drangler reads the uncompressed form
Docker E2E	UNKNOWN STEP	2026-10-02T10:32:55.3109668Z   2. Scan the Dump for Credentials
Docker E2E	UNKNOWN STEP	2026-10-02T10:32:55.3110067Z      $ drangler secrets scan /tmp/site.sql sites/default/settings.php
Docker E2E	UNKNOWN STEP	2026-10-02T10:32:55.3111078Z      a dump carries user password hashes and settings.php carries the database password; both would otherwise travel into an asset that Workers serves publicly
Docker E2E	UNKNOWN STEP	2026-10-02T10:32:55.3112168Z   3. Convert the Dump to SQLite
Docker E2E	UNKNOWN STEP	2026-10-02T10:32:55.3112877Z      $ drangler migrate convert --from mysql --to sqlite --in /tmp/site.sql --out site.sqlite.sql
Docker E2E	UNKNOWN STEP	2026-10-02T10:32:55.3114095Z      refuses on any construct it will not guess at, rather than emitting SQL that replays wrong
Docker E2E	UNKNOWN STEP	2026-10-02T10:32:55.3114940Z   4. Copy the Managed Files
Docker E2E	UNKNOWN STEP	2026-10-02T10:32:55.3115699Z      $ rsync -a tester@<loopback>:2222:/opt/drupal/web/sites/default/files/ ./files/
Docker E2E	UNKNOWN STEP	2026-10-02T10:32:55.3117049Z      user uploads are not in the database and are not in the Drupal pack
Docker E2E	UNKNOWN STEP	2026-10-02T10:32:55.3117784Z   5. Build the Site Assets
Docker E2E	UNKNOWN STEP	2026-10-02T10:32:55.3119396Z      in `<org>/worker`: the packs are generated there and `assets/drupal/site.sqlite` is hand-trimmed, so the converted rows are inserted into it surgically and `bun run assets:sql` is re-run
Docker E2E	UNKNOWN STEP	2026-10-02T10:32:55.3120201Z   6. Deploy and Verify
Docker E2E	UNKNOWN STEP	2026-10-02T10:32:55.3120507Z      $ drangler health <worker-url> --skip-edge
Docker E2E	UNKNOWN STEP	2026-10-02T10:32:55.3121083Z      reads the x-cfw-* headers on /serve and reports which tier answered and whether the interpreter is booted
Docker E2E	UNKNOWN STEP	2026-10-02T10:32:55.3121813Z NOTE extensions-declared: 1 extension requirement(s) are declared and never called
Docker E2E	UNKNOWN STEP	2026-10-02T10:32:55.3122741Z   ext-gd by drupal/core. No call site was found in the code tree, so the requirement alone does not stop the move; a call made through a variable or an alias would not be seen
Docker E2E	UNKNOWN STEP	2026-10-02T10:32:55.3123577Z workspace  /tmp/drangler-e2e-pv-G6ZPBb/worker (flag)
Docker E2E	UNKNOWN STEP	2026-10-02T10:32:55.3124083Z source     https://github.com/<org>/worker.git @ v1.0.3 (default)
Docker E2E	UNKNOWN STEP	2026-10-02T10:32:55.3124366Z 
Docker E2E	UNKNOWN STEP	2026-10-02T10:32:55.3124474Z step     ran   reason
Docker E2E	UNKNOWN STEP	2026-10-02T10:32:55.3124836Z -------  ----  ---------------------------------------------------------
Docker E2E	UNKNOWN STEP	2026-10-02T10:32:55.3125358Z clone    yes   cloning https://github.com/<org>/worker.git at v1.0.3
Docker E2E	UNKNOWN STEP	2026-10-02T10:32:55.3125908Z refresh  skip  not asked for; pass --refresh to fetch and fast-forward
Docker E2E	UNKNOWN STEP	2026-10-02T10:32:55.3126661Z install  yes   node_modules is empty
Docker E2E	UNKNOWN STEP	2026-10-02T10:32:55.3127067Z hydrate  yes   generated artifacts are missing
Docker E2E	UNKNOWN STEP	2026-10-02T10:32:55.3127283Z 
Docker E2E	UNKNOWN STEP	2026-10-02T10:32:55.3127467Z built. next: drangler validate, then drangler dev
Docker E2E	UNKNOWN STEP	2026-10-02T10:32:55.3127896Z /tmp/drangler-e2e-pv-G6ZPBb/worker$ bun run assets:sql
Docker E2E	UNKNOWN STEP	2026-10-02T10:32:55.3128312Z workspace       /tmp/drangler-e2e-pv-G6ZPBb/worker
Docker E2E	UNKNOWN STEP	2026-10-02T10:32:55.3128624Z files           1
Docker E2E	UNKNOWN STEP	2026-10-02T10:32:55.3128830Z backups needed  1
Docker E2E	UNKNOWN STEP	2026-10-02T10:32:55.3128952Z 
Docker E2E	UNKNOWN STEP	2026-10-02T10:32:55.3129085Z action     size    destination
Docker E2E	UNKNOWN STEP	2026-10-02T10:32:55.3129487Z ---------  ------  ------------------------------------------------------------
Docker E2E	UNKNOWN STEP	2026-10-02T10:32:55.3130055Z overwrite  4.1 MB  /tmp/drangler-e2e-pv-G6ZPBb/worker/assets/drupal/site.sqlite
Docker E2E	UNKNOWN STEP	2026-10-02T10:32:55.3130394Z 
Docker E2E	UNKNOWN STEP	2026-10-02T10:32:55.3130763Z 1 file(s) backed up to /tmp/drangler-e2e-pv-G6ZPBb/worker/.drangler-backup/20261002T103243467Z
Docker E2E	UNKNOWN STEP	2026-10-02T10:32:55.3131739Z   put them back with: drangler migrate restore --backup /tmp/drangler-e2e-pv-G6ZPBb/worker/.drangler-backup/20261002T103243467Z
Docker E2E	UNKNOWN STEP	2026-10-02T10:32:55.3132212Z 
Docker E2E	UNKNOWN STEP	2026-10-02T10:32:55.3132530Z the database is in place and the chunks the worker replays are not; regenerate them:
Docker E2E	UNKNOWN STEP	2026-10-02T10:32:55.3133045Z   cd /tmp/drangler-e2e-pv-G6ZPBb/worker && bun run assets:sql
Docker E2E	UNKNOWN STEP	2026-10-02T10:32:55.3133624Z /tmp/drangler-e2e-pv-G6ZPBb/worker$ bunx wrangler dev -c wrangler.jsonc --port 8799
Docker E2E	UNKNOWN STEP	2026-10-02T10:32:55.3133983Z 
Docker E2E	UNKNOWN STEP	2026-10-02T10:32:55.3134065Z step      result
Docker E2E	UNKNOWN STEP	2026-10-02T10:32:55.3134863Z --------  -------------------------------------------------------------------------------------------------------------------------------------------------------------------------------------------------------------
Docker E2E	UNKNOWN STEP	2026-10-02T10:32:55.3135607Z survey    Drupal 11.4.8 on mysql, 38 modules, 1 nodes
Docker E2E	UNKNOWN STEP	2026-10-02T10:32:55.3135962Z plan      1 warning(s), 4 note(s)
Docker E2E	UNKNOWN STEP	2026-10-02T10:32:55.3136463Z dump      5.6 MB of mysql
Docker E2E	UNKNOWN STEP	2026-10-02T10:32:55.3137324Z files     1 file(s), 10.2 kB streamed; 1 protected directory left out (<token>/sync)
Docker E2E	UNKNOWN STEP	2026-10-02T10:32:55.3138059Z code      3 file(s), no libraries/
Docker E2E	UNKNOWN STEP	2026-10-02T10:32:55.3139074Z settings  0 config override(s) carried as DRUPAL_CONFIG, 1 root file(s), 0 redirect(s) and 0 header(s) from .htaccess, 3 hostname(s) from trusted_host_patterns (domains.txt), 1 finding(s) from the source's own files
Docker E2E	UNKNOWN STEP	2026-10-02T10:32:55.3139994Z convert   53 tables, 1 file(s) and 3 code file(s) stored
Docker E2E	UNKNOWN STEP	2026-10-02T10:32:55.3140385Z install   /tmp/drangler-e2e-pv-G6ZPBb/worker
Docker E2E	UNKNOWN STEP	2026-10-02T10:32:55.3140725Z up        http://localhost:8799
Docker E2E	UNKNOWN STEP	2026-10-02T10:32:55.3141223Z up        not claimed: this worker has no migrated claim, so database updates were not run
Docker E2E	UNKNOWN STEP	2026-10-02T10:32:55.3141683Z verify    2 of 6 checks passed
Docker E2E	UNKNOWN STEP	2026-10-02T10:32:55.3142470Z clone: git clone --depth 1 --branch v1.0.3 https://github.com/<org>/worker.git /tmp/drangler-e2e-pv-G6ZPBb/worker
Docker E2E	UNKNOWN STEP	2026-10-02T10:32:55.3143031Z install: bun install
Docker E2E	UNKNOWN STEP	2026-10-02T10:32:55.3143261Z hydrate: bun run hydrate
Docker E2E	UNKNOWN STEP	2026-10-02T10:32:55.3143745Z emptied 90 row(s) across 9 cache bin(s); Drupal rebuilds them
Docker E2E	UNKNOWN STEP	2026-10-02T10:32:55.3144736Z stopped publishing prefill.json, the shipped site's pages; the site starts cold
Docker E2E	UNKNOWN STEP	2026-10-02T10:32:55.3145571Z nodes                                   1 of 1
Docker E2E	UNKNOWN STEP	2026-10-02T10:32:55.3146155Z file rows                               0 of 0
Docker E2E	UNKNOWN STEP	2026-10-02T10:32:55.3147112Z /                                       no answer (source 200)  MISMATCH
Docker E2E	UNKNOWN STEP	2026-10-02T10:32:55.3147924Z /user/login                             no answer (source 200)  MISMATCH
Docker E2E	UNKNOWN STEP	2026-10-02T10:32:55.3148737Z /node/1                                 no answer (source 200)  MISMATCH
Docker E2E	UNKNOWN STEP	2026-10-02T10:32:55.3149614Z /sites/default/files/preview-probe.txt  no answer (source 200)  MISMATCH
Docker E2E	UNKNOWN STEP	2026-10-02T10:32:55.3150338Z the duplicate is running at http://<host> stop it with Ctrl-C
Docker E2E	UNKNOWN STEP	2026-10-02T10:32:55.3150862Z 
Docker E2E	UNKNOWN STEP	2026-10-02T10:32:55.6326066Z  ^[[31m❯^[[39m ^[[30m^[[45m e2e ^[[49m^[[39m tests/e2e/preview.spec.ts ^[[2m(^[[22m^[[2m3 tests^[[22m^[[2m | ^[[22m^[[33m3 skipped^[[39m^[[2m)^[[22m^[[33m 26740^[[2mms^[[22m^[[39m
Docker E2E	UNKNOWN STEP	2026-10-02T10:32:55.6327926Z      ^[[2m^[[90m↓^[[39m^[[22m sent the host only commands the allow-list passes
Docker E2E	UNKNOWN STEP	2026-10-02T10:32:55.6328929Z      ^[[2m^[[90m↓^[[39m^[[22m brought the duplicate up and every check passed
Docker E2E	UNKNOWN STEP	2026-10-02T10:32:55.6329777Z      ^[[2m^[[90m↓^[[39m^[[22m left the source byte-identical
Docker E2E	UNKNOWN STEP	2026-10-02T10:33:07.6754657Z  ^[[31m❯^[[39m ^[[30m^[[45m e2e ^[[49m^[[39m tests/e2e/to-worker.spec.ts ^[[2m(^[[22m^[[2m8 tests^[[22m^[[2m | ^[[22m^[[31m2 failed^[[39m^[[2m)^[[22m^[[33m 11799^[[2mms^[[22m^[[39m
Docker E2E	UNKNOWN STEP	2026-10-02T10:33:07.6756855Z      ^[[32m✓^[[39m dumped a real Drupal database, not just the corpus^[[32m 19^[[2mms^[[22m^[[39m
Docker E2E	UNKNOWN STEP	2026-10-02T10:33:07.6762531Z      ^[[32m✓^[[39m the source database holds exactly the bytes the seed declares^[[32m 180^[[2mms^[[22m^[[39m
Docker E2E	UNKNOWN STEP	2026-10-02T10:33:07.6764232Z      ^[[33m^[[2m✓^[[22m^[[39m converts the whole dump without refusing a statement ^[[33m 4364^[[2mms^[[22m^[[39m
Docker E2E	UNKNOWN STEP	2026-10-02T10:33:07.6766508Z      ^[[33m^[[2m✓^[[22m^[[39m the converted dump replays into a plain SQLite with the bytes intact ^[[33m 1415^[[2mms^[[22m^[[39m
Docker E2E	UNKNOWN STEP	2026-10-02T10:33:07.6768455Z ^[[31m     ^[[31m×^[[31m the converted dump loads into a real Durable Object with the bytes intact^[[39m^[[33m 341^[[2mms^[[22m^[[39m
Docker E2E	UNKNOWN STEP	2026-10-02T10:33:07.6770292Z ^[[31m     ^[[31m×^[[31m what the migration REPORTED matches what actually moved^[[39m^[[33m 2312^[[2mms^[[22m^[[39m
Docker E2E	UNKNOWN STEP	2026-10-02T10:33:07.6771842Z      ^[[32m✓^[[39m the object serves, and reports the header contract version^[[32m 7^[[2mms^[[22m^[[39m
Docker E2E	UNKNOWN STEP	2026-10-02T10:33:07.6773403Z      ^[[32m✓^[[39m names what the corpus covered, so a gap is visible rather than assumed^[[32m 1^[[2mms^[[22m^[[39m
Docker E2E	UNKNOWN STEP	2026-10-02T10:33:11.1970666Z  ^[[32m✓^[[39m ^[[30m^[[45m e2e ^[[49m^[[39m tests/e2e/to-vps.spec.ts ^[[2m(^[[22m^[[2m7 tests^[[22m^[[2m)^[[22m^[[33m 3282^[[2mms^[[22m^[[39m
Docker E2E	UNKNOWN STEP	2026-10-02T10:33:13.3168785Z  ^[[32m✓^[[39m ^[[30m^[[45m e2e ^[[49m^[[39m tests/e2e/heal.spec.ts ^[[2m(^[[22m^[[2m7 tests^[[22m^[[2m)^[[22m^[[33m 1876^[[2mms^[[22m^[[39m
Docker E2E	UNKNOWN STEP	2026-10-02T10:33:21.2869578Z  ^[[32m✓^[[39m ^[[30m^[[45m e2e ^[[49m^[[39m tests/e2e/survey.spec.ts ^[[2m(^[[22m^[[2m6 tests^[[22m^[[2m)^[[22m^[[33m 7742^[[2mms^[[22m^[[39m
Docker E2E	UNKNOWN STEP	2026-10-02T10:33:21.2871376Z      ^[[33m^[[2m✓^[[22m^[[39m reads a real Drupal over a real ssh connection ^[[33m 3867^[[2mms^[[22m^[[39m
Docker E2E	UNKNOWN STEP	2026-10-02T10:33:21.2872669Z      ^[[33m^[[2m✓^[[22m^[[39m fails without a usable key rather than hanging on a prompt ^[[33m 2777^[[2mms^[[22m^[[39m
Docker E2E	UNKNOWN STEP	2026-10-02T10:33:21.5762745Z  ^[[2m^[[90m↓^[[39m^[[22m ^[[30m^[[45m e2e ^[[49m^[[39m tests/e2e/doctor-source.spec.ts ^[[2m(^[[22m^[[2m5 tests^[[22m^[[2m | ^[[22m^[[33m5 skipped^[[39m^[[2m)^[[22m
Docker E2E	UNKNOWN STEP	2026-10-02T10:33:22.5604264Z Cloning into '/tmp/drangler-e2e-heal-f5qcGl/worker'...
Docker E2E	UNKNOWN STEP	2026-10-02T10:33:23.4022378Z bun install v1.4.2 (744846f84)
Docker E2E	UNKNOWN STEP	2026-10-02T10:33:23.7294438Z 
Docker E2E	UNKNOWN STEP	2026-10-02T10:33:23.7295146Z $ bun scripts/gen-lock-versions.ts && bun scripts/restore-artifacts.ts
Docker E2E	UNKNOWN STEP	2026-10-02T10:33:23.7404285Z {
Docker E2E	UNKNOWN STEP	2026-10-02T10:33:23.7405033Z   "packages": 76,
Docker E2E	UNKNOWN STEP	2026-10-02T10:33:23.7405437Z   "virtual": 37,
Docker E2E	UNKNOWN STEP	2026-10-02T10:33:23.7405821Z   "core": "11.4.7",
Docker E2E	UNKNOWN STEP	2026-10-02T10:33:23.7406182Z   "bytes": 4562
Docker E2E	UNKNOWN STEP	2026-10-02T10:33:23.7406757Z }
Docker E2E	UNKNOWN STEP	2026-10-02T10:33:23.9470748Z restore-artifacts: .interp/php8.5.wasm (13401742 bytes, sha256 verified)
Docker E2E	UNKNOWN STEP	2026-10-02T10:33:24.0034860Z restore-artifacts: .interp/php8.5-worker.mjs (876467 bytes, sha256 verified)
Docker E2E	UNKNOWN STEP	2026-10-02T10:33:24.3242321Z restore-artifacts: tuned glue -> /tmp/drangler-e2e-heal-f5qcGl/worker/.interp/php8.5-worker.tuned.mjs
Docker E2E	UNKNOWN STEP	2026-10-02T10:33:24.3509070Z restore-artifacts: tuned interpreter -> /tmp/drangler-e2e-heal-f5qcGl/worker/.interp/php8.5.tuned.wasm (64 MiB)
Docker E2E	UNKNOWN STEP	2026-10-02T10:33:24.3510000Z restore-artifacts: 2 downloaded, 0 already current
Docker E2E	UNKNOWN STEP	2026-10-02T10:33:24.3569608Z $ husky
Docker E2E	UNKNOWN STEP	2026-10-02T10:33:24.3970896Z 
Docker E2E	UNKNOWN STEP	2026-10-02T10:33:24.3971470Z + @cloudflare/containers@0.3.7
Docker E2E	UNKNOWN STEP	2026-10-02T10:33:24.3971985Z + @cloudflare/vitest-pool-workers@0.22.0
Docker E2E	UNKNOWN STEP	2026-10-02T10:33:24.3972662Z + @cloudflare/workers-types@5.20260829.1
Docker E2E	UNKNOWN STEP	2026-10-02T10:33:24.3973191Z + @playwright/test@1.62.1
Docker E2E	UNKNOWN STEP	2026-10-02T10:33:24.3973746Z + @prettier/plugin-php@0.25.0
Docker E2E	UNKNOWN STEP	2026-10-02T10:33:24.3974204Z + @types/bun@1.4.0
Docker E2E	UNKNOWN STEP	2026-10-02T10:33:24.3974586Z + @types/pg@8.23.1
Docker E2E	UNKNOWN STEP	2026-10-02T10:33:24.3975049Z + @vitest/coverage-istanbul@4.1.11
Docker E2E	UNKNOWN STEP	2026-10-02T10:33:24.3975508Z + husky@9.1.7
Docker E2E	UNKNOWN STEP	2026-10-02T10:33:24.3975879Z + lint-staged@17.4.1
Docker E2E	UNKNOWN STEP	2026-10-02T10:33:24.3976500Z + marked@18.0.14
Docker E2E	UNKNOWN STEP	2026-10-02T10:33:24.3976923Z + marked-gfm-heading-id@4.1.4
Docker E2E	UNKNOWN STEP	2026-10-02T10:33:24.3977408Z + prettier@3.9.6
Docker E2E	UNKNOWN STEP	2026-10-02T10:33:24.3977917Z + prettier-plugin-organize-imports@4.3.0
Docker E2E	UNKNOWN STEP	2026-10-02T10:33:24.3978424Z + prettier-plugin-sh@0.20.2
Docker E2E	UNKNOWN STEP	2026-10-02T10:33:24.3978683Z + shiki@4.4.3
Docker E2E	UNKNOWN STEP	2026-10-02T10:33:24.3978923Z + typedoc@0.28.20
Docker E2E	UNKNOWN STEP	2026-10-02T10:33:24.3979149Z + typescript@5.9.3
Docker E2E	UNKNOWN STEP	2026-10-02T10:33:24.3979351Z + vitest@4.1.11
Docker E2E	UNKNOWN STEP	2026-10-02T10:33:24.3979564Z + wrangler@4.127.1
Docker E2E	UNKNOWN STEP	2026-10-02T10:33:24.3979770Z + yaml@2.9.1
Docker E2E	UNKNOWN STEP	2026-10-02T10:33:24.3980015Z + <private-pkg>@1.1.1
Docker E2E	UNKNOWN STEP	2026-10-02T10:33:24.3980326Z + <private-pkg>@0.3.1
Docker E2E	UNKNOWN STEP	2026-10-02T10:33:24.3980624Z + <private-pkg>@0.1.4
Docker E2E	UNKNOWN STEP	2026-10-02T10:33:24.3981232Z + <private-pkg>@0.1.0
Docker E2E	UNKNOWN STEP	2026-10-02T10:33:24.3981510Z + @<user>/tinyimg@1.1.0
Docker E2E	UNKNOWN STEP	2026-10-02T10:33:24.3981785Z + @noble/ciphers@2.4.0
Docker E2E	UNKNOWN STEP	2026-10-02T10:33:24.3982035Z + @noble/hashes@2.4.0
Docker E2E	UNKNOWN STEP	2026-10-02T10:33:24.3982266Z + blakejs@1.2.1
Docker E2E	UNKNOWN STEP	2026-10-02T10:33:24.3982469Z + edgeport@1.0.6
Docker E2E	UNKNOWN STEP	2026-10-02T10:33:24.3982671Z + fflate@0.8.3
Docker E2E	UNKNOWN STEP	2026-10-02T10:33:24.3982873Z + fzstd@0.1.1
Docker E2E	UNKNOWN STEP	2026-10-02T10:33:24.3983062Z + mysql2@3.24.4
Docker E2E	UNKNOWN STEP	2026-10-02T10:33:24.3983257Z + pg@8.23.0
Docker E2E	UNKNOWN STEP	2026-10-02T10:33:24.3983450Z + php-wasm@0.1.0
Docker E2E	UNKNOWN STEP	2026-10-02T10:33:24.3983577Z 
Docker E2E	UNKNOWN STEP	2026-10-02T10:33:24.3983720Z 260 packages installed [997.00ms]
Docker E2E	UNKNOWN STEP	2026-10-02T10:33:24.4039118Z $ bun scripts/hydrate.ts
Docker E2E	UNKNOWN STEP	2026-10-02T10:33:24.5457462Z fetching https://<host>/payloads/v1.0.3/<org>-worker-1.0.3.tar.gz (cdn)
Docker E2E	UNKNOWN STEP	2026-10-02T10:33:24.6668457Z tarball sha256 <hex> matches SHA256SUMS
Docker E2E	UNKNOWN STEP	2026-10-02T10:33:25.6943970Z hydrate: kept 2 tracked file(s) the repository owns: assets/robots.txt, assets/driver.json
Docker E2E	UNKNOWN STEP	2026-10-02T10:33:25.6945293Z hydrated 4583 files, 52473986 bytes, from 1.0.3 (d633a47)
Docker E2E	UNKNOWN STEP	2026-10-02T10:33:25.6946922Z interpreter: .interp/php8.5-worker.tuned.mjs, .interp/php8.5.tuned.wasm
Docker E2E	UNKNOWN STEP	2026-10-02T10:33:25.6948076Z the tree is deployable now: bunx wrangler deploy -c wrangler.jsonc
Docker E2E	UNKNOWN STEP	2026-10-02T10:33:42.6681421Z  ^[[32m✓^[[39m ^[[30m^[[45m e2e ^[[49m^[[39m tests/e2e/heal-real.spec.ts ^[[2m(^[[22m^[[2m4 tests^[[22m^[[2m)^[[22m^[[33m 20094^[[2mms^[[22m^[[39m
Docker E2E	UNKNOWN STEP	2026-10-02T10:33:42.6683195Z      ^[[33m^[[2m✓^[[22m^[[39m sets no degradation headers on a site that is not shedding load ^[[33m 2377^[[2mms^[[22m^[[39m
Docker E2E	UNKNOWN STEP	2026-10-02T10:33:43.1192104Z 
Docker E2E	UNKNOWN STEP	2026-10-02T10:33:43.1193332Z ^[[31m⎯⎯⎯⎯⎯⎯^[[39m^[[1m^[[41m Failed Suites 1 ^[[49m^[[22m^[[31m⎯⎯⎯⎯⎯⎯⎯^[[39m
Docker E2E	UNKNOWN STEP	2026-10-02T10:33:43.1193870Z 
Docker E2E	UNKNOWN STEP	2026-10-02T10:33:43.1196047Z ^[[41m^[[1m FAIL ^[[22m^[[49m ^[[30m^[[45m e2e ^[[49m^[[39m tests/e2e/preview.spec.ts^[[2m > ^[[22mpreview
Docker E2E	UNKNOWN STEP	2026-10-02T10:33:43.1202518Z ^[[31m^[[1mFindingError^[[22m: /, /user/login, /node/1, /sites/default/files/preview-probe.txt did not match the source^[[39m
Docker E2E	UNKNOWN STEP	2026-10-02T10:33:43.1203770Z ^[[36m ^[[2m❯^[[22m verify src/commands/preview.ts:^[[2m746:7^[[22m^[[39m
Docker E2E	UNKNOWN STEP	2026-10-02T10:33:43.1332567Z     ^[[90m744|^[[39m    bad^[[33m.^[[39mlength ^[[33m===^[[39m ^[[34m0^[[39m
Docker E2E	UNKNOWN STEP	2026-10-02T10:33:43.1333563Z     ^[[90m745|^[[39m     ^[[33m?^[[39m ^[[35mnull^[[39m
Docker E2E	UNKNOWN STEP	2026-10-02T10:33:43.1334600Z     ^[[90m746|^[[39m     ^[[33m:^[[39m ^[[35mnew^[[39m ^[[33mFindingError^[[39m(
Docker E2E	UNKNOWN STEP	2026-10-02T10:33:43.1335535Z     ^[[90m   |^[[39m       ^[[31m^^[[39m
Docker E2E	UNKNOWN STEP	2026-10-02T10:33:43.1336663Z     ^[[90m747|^[[39m       ^[[32m'mismatch'^[[39m^[[33m,^[[39m
Docker E2E	UNKNOWN STEP	2026-10-02T10:33:43.1338456Z     ^[[90m748|^[[39m       ^[[32m`^[[39m^[[36m${^[[39mbad^[[33m.^[[39m^[[34mmap^[[39m(([n]) ^[[33m=>^[[39m n)^[[33m.^[[39m^[[34mjoin^[[39m(^[[32m', '^[[39m)^[[36m}^[[39m^[[32m did not match the source`^[[39m
Docker E2E	UNKNOWN STEP	2026-10-02T10:33:43.1340341Z ^[[90m ^[[2m❯^[[22m runPreviewCommand src/commands/preview.ts:^[[2m601:22^[[22m^[[39m
Docker E2E	UNKNOWN STEP	2026-10-02T10:33:43.1342659Z ^[[90m ^[[2m❯^[[22m tests/e2e/preview.spec.ts:^[[2m135:4^[[22m^[[39m
Docker E2E	UNKNOWN STEP	2026-10-02T10:33:43.1343298Z 
Docker E2E	UNKNOWN STEP	2026-10-02T10:33:43.1343909Z ^[[31m^[[2m⎯⎯⎯⎯⎯⎯⎯⎯⎯⎯⎯⎯⎯⎯⎯⎯⎯⎯⎯⎯⎯⎯⎯⎯[1/5]⎯^[[22m^[[39m
Docker E2E	UNKNOWN STEP	2026-10-02T10:33:43.1344431Z 
Docker E2E	UNKNOWN STEP	2026-10-02T10:33:43.1344585Z 
Docker E2E	UNKNOWN STEP	2026-10-02T10:33:43.1345297Z ^[[31m⎯⎯⎯⎯⎯⎯⎯^[[39m^[[1m^[[41m Failed Tests 4 ^[[49m^[[22m^[[31m⎯⎯⎯⎯⎯⎯⎯^[[39m
Docker E2E	UNKNOWN STEP	2026-10-02T10:33:43.1345925Z 
Docker E2E	UNKNOWN STEP	2026-10-02T10:33:43.1348444Z ^[[41m^[[1m FAIL ^[[22m^[[49m ^[[30m^[[45m e2e ^[[49m^[[39m tests/e2e/modify.spec.ts^[[2m > ^[[22mdrangler modify against a real dev site^[[2m > ^[[22mpinned production modules^[[2m > ^[[22mrequires simple_oauth, uploads simple_oauth_21 and enables it
Docker E2E	UNKNOWN STEP	2026-10-02T10:33:43.1350720Z ^[[31m^[[1mAssertionError^[[22m: Error: Network connection lost.
Docker E2E	UNKNOWN STEP	2026-10-02T10:33:43.1353097Z     at async Object.fetch (file:///tmp/drangler-e2e-modify-a84DWt/worker/node_modules/wrangler/node_modules/miniflare/dist/src/workers/core/entry.worker.js:5186:22): expected 500 to be 403 // Object.is equality^[[39m
Docker E2E	UNKNOWN STEP	2026-10-02T10:33:43.1354728Z 
Docker E2E	UNKNOWN STEP	2026-10-02T10:33:43.1355124Z ^[[32m- Expected^[[39m
Docker E2E	UNKNOWN STEP	2026-10-02T10:33:43.1355777Z ^[[31m+ Received^[[39m
Docker E2E	UNKNOWN STEP	2026-10-02T10:33:43.1356183Z 
Docker E2E	UNKNOWN STEP	2026-10-02T10:33:43.1357176Z ^[[32m- 403^[[39m
Docker E2E	UNKNOWN STEP	2026-10-02T10:33:43.1357758Z ^[[31m+ 500^[[39m
Docker E2E	UNKNOWN STEP	2026-10-02T10:33:43.1358134Z 
Docker E2E	UNKNOWN STEP	2026-10-02T10:33:43.1358952Z ^[[36m ^[[2m❯^[[22m expectStatus tests/e2e/modify.spec.ts:^[[2m187:46^[[22m^[[39m
Docker E2E	UNKNOWN STEP	2026-10-02T10:33:43.1393929Z     ^[[90m185|^[[39m  /** a failed render answers 500 with the exception in the body, and a…
Docker E2E	UNKNOWN STEP	2026-10-02T10:33:43.1395399Z     ^[[90m186|^[[39m  const expectStatus = (res: { status: number; body: string }, want: nu…
Docker E2E	UNKNOWN STEP	2026-10-02T10:33:43.1397727Z     ^[[90m187|^[[39m   ^[[34mexpect^[[39m(res^[[33m.^[[39mstatus^[[33m,^[[39m res^[[33m.^[[39mbody^[[33m.^[[39m^[[34mslice^[[39m(^[[34m0^[[39m^[[33m,^[[39m ^[[34m800^[[39m))^[[33m.^[[39m^[[34mtoBe^[[39m(want)^[[33m;^[[39m
Docker E2E	UNKNOWN STEP	2026-10-02T10:33:43.1399429Z     ^[[90m   |^[[39m                                              ^[[31m^^[[39m
Docker E2E	UNKNOWN STEP	2026-10-02T10:33:43.1400069Z     ^[[90m188|^[[39m
Docker E2E	UNKNOWN STEP	2026-10-02T10:33:43.1400945Z     ^[[90m189|^[[39m  /** a pinned production checkout, or null when the network cannot rea…
Docker E2E	UNKNOWN STEP	2026-10-02T10:33:43.1402158Z ^[[90m ^[[2m❯^[[22m tests/e2e/modify.spec.ts:^[[2m386:4^[[22m^[[39m
Docker E2E	UNKNOWN STEP	2026-10-02T10:33:43.1402703Z 
Docker E2E	UNKNOWN STEP	2026-10-02T10:33:43.1403384Z ^[[31m^[[2m⎯⎯⎯⎯⎯⎯⎯⎯⎯⎯⎯⎯⎯⎯⎯⎯⎯⎯⎯⎯⎯⎯⎯⎯[2/5]⎯^[[22m^[[39m
Docker E2E	UNKNOWN STEP	2026-10-02T10:33:43.1403747Z 
Docker E2E	UNKNOWN STEP	2026-10-02T10:33:43.1405945Z ^[[41m^[[1m FAIL ^[[22m^[[49m ^[[30m^[[45m e2e ^[[49m^[[39m tests/e2e/modify.spec.ts^[[2m > ^[[22mdrangler modify against a real dev site^[[2m > ^[[22mpinned production modules^[[2m > ^[[22mreports a module whose enable is refused and leaves the site serving
Docker E2E	UNKNOWN STEP	2026-10-02T10:33:43.1408267Z ^[[31m^[[1mAssertionError^[[22m: Error: Network connection lost.
Docker E2E	UNKNOWN STEP	2026-10-02T10:33:43.1410442Z     at async Object.fetch (file:///tmp/drangler-e2e-modify-a84DWt/worker/node_modules/wrangler/node_modules/miniflare/dist/src/workers/core/entry.worker.js:5186:22): expected 500 to be 200 // Object.is equality^[[39m
Docker E2E	UNKNOWN STEP	2026-10-02T10:33:43.1411889Z 
Docker E2E	UNKNOWN STEP	2026-10-02T10:33:43.1412133Z ^[[32m- Expected^[[39m
Docker E2E	UNKNOWN STEP	2026-10-02T10:33:43.1412583Z ^[[31m+ Received^[[39m
Docker E2E	UNKNOWN STEP	2026-10-02T10:33:43.1412813Z 
Docker E2E	UNKNOWN STEP	2026-10-02T10:33:43.1413266Z ^[[32m- 200^[[39m
Docker E2E	UNKNOWN STEP	2026-10-02T10:33:43.1413671Z ^[[31m+ 500^[[39m
Docker E2E	UNKNOWN STEP	2026-10-02T10:33:43.1413886Z 
Docker E2E	UNKNOWN STEP	2026-10-02T10:33:43.1414517Z ^[[36m ^[[2m❯^[[22m expectStatus tests/e2e/modify.spec.ts:^[[2m187:46^[[22m^[[39m
Docker E2E	UNKNOWN STEP	2026-10-02T10:33:43.1415668Z     ^[[90m185|^[[39m  /** a failed render answers 500 with the exception in the body, and a…
Docker E2E	UNKNOWN STEP	2026-10-02T10:33:43.1417231Z     ^[[90m186|^[[39m  const expectStatus = (res: { status: number; body: string }, want: nu…
Docker E2E	UNKNOWN STEP	2026-10-02T10:33:43.1419182Z     ^[[90m187|^[[39m   ^[[34mexpect^[[39m(res^[[33m.^[[39mstatus^[[33m,^[[39m res^[[33m.^[[39mbody^[[33m.^[[39m^[[34mslice^[[39m(^[[34m0^[[39m^[[33m,^[[39m ^[[34m800^[[39m))^[[33m.^[[39m^[[34mtoBe^[[39m(want)^[[33m;^[[39m
Docker E2E	UNKNOWN STEP	2026-10-02T10:33:43.1420705Z     ^[[90m   |^[[39m                                              ^[[31m^^[[39m
Docker E2E	UNKNOWN STEP	2026-10-02T10:33:43.1421331Z     ^[[90m188|^[[39m
Docker E2E	UNKNOWN STEP	2026-10-02T10:33:43.1422194Z     ^[[90m189|^[[39m  /** a pinned production checkout, or null when the network cannot rea…
Docker E2E	UNKNOWN STEP	2026-10-02T10:33:43.1423309Z ^[[90m ^[[2m❯^[[22m tests/e2e/modify.spec.ts:^[[2m409:4^[[22m^[[39m
Docker E2E	UNKNOWN STEP	2026-10-02T10:33:43.1423751Z 
Docker E2E	UNKNOWN STEP	2026-10-02T10:33:43.1424174Z ^[[31m^[[2m⎯⎯⎯⎯⎯⎯⎯⎯⎯⎯⎯⎯⎯⎯⎯⎯⎯⎯⎯⎯⎯⎯⎯⎯[3/5]⎯^[[22m^[[39m
Docker E2E	UNKNOWN STEP	2026-10-02T10:33:43.1424558Z 
Docker E2E	UNKNOWN STEP	2026-10-02T10:33:43.1426138Z ^[[41m^[[1m FAIL ^[[22m^[[49m ^[[30m^[[45m e2e ^[[49m^[[39m tests/e2e/to-worker.spec.ts^[[2m > ^[[22mVPS to Worker^[[2m > ^[[22mthe converted dump loads into a real Durable Object with the bytes intact
Docker E2E	UNKNOWN STEP	2026-10-02T10:33:43.1427850Z ^[[31m^[[1mTypeError^[[22m: fetch failed^[[39m
Docker E2E	UNKNOWN STEP	2026-10-02T10:33:43.1428595Z ^[[31m^[[1mCaused by: Error^[[22m: write EPIPE^[[39m
Docker E2E	UNKNOWN STEP	2026-10-02T10:33:43.1429385Z ^[[31m^[[2m⎯⎯⎯⎯⎯⎯⎯⎯⎯⎯⎯⎯⎯⎯⎯⎯⎯⎯⎯⎯⎯⎯⎯⎯⎯⎯⎯⎯⎯⎯^[[22m^[[39m
Docker E2E	UNKNOWN STEP	2026-10-02T10:33:43.1430519Z ^[[31m^[[1mSerialized Error:^[[22m^[[39m ^[[90m{ errno: -32, code: 'EPIPE', syscall: 'write' }^[[39m
Docker E2E	UNKNOWN STEP	2026-10-02T10:33:43.1431539Z ^[[31m^[[2m⎯⎯⎯⎯⎯⎯⎯⎯⎯⎯⎯⎯⎯⎯⎯⎯⎯⎯⎯⎯⎯⎯⎯⎯[4/5]⎯^[[22m^[[39m
Docker E2E	UNKNOWN STEP	2026-10-02T10:33:43.1431887Z 
Docker E2E	UNKNOWN STEP	2026-10-02T10:33:43.1457151Z ^[[41m^[[1m FAIL ^[[22m^[[49m ^[[30m^[[45m e2e ^[[49m^[[39m tests/e2e/to-worker.spec.ts^[[2m > ^[[22mVPS to Worker^[[2m > ^[[22mwhat the migration REPORTED matches what actually moved
Docker E2E	UNKNOWN STEP	2026-10-02T10:33:43.1458707Z ^[[31m^[[1mError^[[22m: /rows answered 500^[[39m
Docker E2E	UNKNOWN STEP	2026-10-02T10:33:43.1460171Z ^[[36m ^[[2m❯^[[22m readDurableObject tests/e2e/helpers/compare.ts:^[[2m121:26^[[22m^[[39m
Docker E2E	UNKNOWN STEP	2026-10-02T10:33:43.1461718Z     ^[[90m119|^[[39m  url^[[33m.^[[39msearchParams^[[33m.^[[39m^[[35mset^[[39m(^[[32m'table'^[[39m^[[33m,^[[39m ^[[33mSEED_TABLE^[[39m)^[[33m;^[[39m
Docker E2E	UNKNOWN STEP	2026-10-02T10:33:43.1463199Z     ^[[90m120|^[[39m  const response = await fetch(url, { signal: AbortSignal.timeout(30_00…
Docker E2E	UNKNOWN STEP	2026-10-02T10:33:43.1464545Z     ^[[90m121|^[[39m  if (!response.ok) throw new Error(`/rows answered ${response.status}`…
Docker E2E	UNKNOWN STEP	2026-10-02T10:33:43.1465504Z     ^[[90m   |^[[39m                          ^[[31m^^[[39m
Docker E2E	UNKNOWN STEP	2026-10-02T10:33:43.1466799Z     ^[[90m122|^[[39m  const body = (await response.json()) as { rows: Record<string, string…
Docker E2E	UNKNOWN STEP	2026-10-02T10:33:43.1467764Z     ^[[90m123|^[[39m  ^[[35mreturn^[[39m body^[[33m.^[[39mrows
Docker E2E	UNKNOWN STEP	2026-10-02T10:33:43.1468655Z ^[[90m ^[[2m❯^[[22m tests/e2e/to-worker.spec.ts:^[[2m143:16^[[22m^[[39m
Docker E2E	UNKNOWN STEP	2026-10-02T10:33:43.1469114Z 
Docker E2E	UNKNOWN STEP	2026-10-02T10:33:43.1469553Z ^[[31m^[[2m⎯⎯⎯⎯⎯⎯⎯⎯⎯⎯⎯⎯⎯⎯⎯⎯⎯⎯⎯⎯⎯⎯⎯⎯[5/5]⎯^[[22m^[[39m
Docker E2E	UNKNOWN STEP	2026-10-02T10:33:43.1469928Z 
Docker E2E	UNKNOWN STEP	2026-10-02T10:33:43.1469962Z 
Docker E2E	UNKNOWN STEP	2026-10-02T10:33:43.1471028Z ^[[2m Test Files ^[[22m ^[[1m^[[31m3 failed^[[39m^[[22m^[[2m | ^[[22m^[[1m^[[32m6 passed^[[39m^[[22m^[[2m | ^[[22m^[[33m1 skipped^[[39m^[[90m (10)^[[39m
Docker E2E	UNKNOWN STEP	2026-10-02T10:33:43.1472832Z ^[[2m      Tests ^[[22m ^[[1m^[[31m4 failed^[[39m^[[22m^[[2m | ^[[22m^[[1m^[[32m54 passed^[[39m^[[22m^[[2m | ^[[22m^[[33m9 skipped^[[39m^[[90m (67)^[[39m
Docker E2E	UNKNOWN STEP	2026-10-02T10:33:43.1473923Z ^[[2m   Start at ^[[22m 10:30:25
Docker E2E	UNKNOWN STEP	2026-10-02T10:33:43.1475169Z ^[[2m   Duration ^[[22m 197.78s^[[2m (transform 594ms, setup 0ms, import 3.69s, tests 192.07s, environment 1ms)^[[22m
Docker E2E	UNKNOWN STEP	2026-10-02T10:33:43.1475930Z 
Docker E2E	UNKNOWN STEP	2026-10-02T10:33:43.1475940Z 
Docker E2E	UNKNOWN STEP	2026-10-02T10:33:43.1526554Z ##[error]AssertionError: Error: Network connection lost.
Docker E2E	UNKNOWN STEP	    at async Object.fetch (file:///tmp/drangler-e2e-modify-a84DWt/worker/node_modules/wrangler/node_modules/miniflare/dist/src/workers/core/entry.worker.js:5186:22): expected 500 to be 403 // Object.is equality
Docker E2E	UNKNOWN STEP	
Docker E2E	UNKNOWN STEP	- Expected
Docker E2E	UNKNOWN STEP	+ Received
Docker E2E	UNKNOWN STEP	
Docker E2E	UNKNOWN STEP	- 403
Docker E2E	UNKNOWN STEP	+ 500
Docker E2E	UNKNOWN STEP	
Docker E2E	UNKNOWN STEP	 ❯ expectStatus tests/e2e/modify.spec.ts:187:46
Docker E2E	UNKNOWN STEP	 ❯ tests/e2e/modify.spec.ts:386:4
Docker E2E	UNKNOWN STEP	
Docker E2E	UNKNOWN STEP	
Docker E2E	UNKNOWN STEP	2026-10-02T10:33:43.1539013Z 
Docker E2E	UNKNOWN STEP	2026-10-02T10:33:43.1542606Z ##[error]AssertionError: Error: Network connection lost.
Docker E2E	UNKNOWN STEP	    at async Object.fetch (file:///tmp/drangler-e2e-modify-a84DWt/worker/node_modules/wrangler/node_modules/miniflare/dist/src/workers/core/entry.worker.js:5186:22): expected 500 to be 200 // Object.is equality
Docker E2E	UNKNOWN STEP	
Docker E2E	UNKNOWN STEP	- Expected
Docker E2E	UNKNOWN STEP	+ Received
Docker E2E	UNKNOWN STEP	
Docker E2E	UNKNOWN STEP	- 200
Docker E2E	UNKNOWN STEP	+ 500
Docker E2E	UNKNOWN STEP	
Docker E2E	UNKNOWN STEP	 ❯ expectStatus tests/e2e/modify.spec.ts:187:46
Docker E2E	UNKNOWN STEP	 ❯ tests/e2e/modify.spec.ts:409:4
Docker E2E	UNKNOWN STEP	
Docker E2E	UNKNOWN STEP	
Docker E2E	UNKNOWN STEP	2026-10-02T10:33:43.1544442Z 
Docker E2E	UNKNOWN STEP	2026-10-02T10:33:43.1549164Z ##[error]FindingError: /, /user/login, /node/1, /sites/default/files/preview-probe.txt did not match the source
Docker E2E	UNKNOWN STEP	 ❯ verify src/commands/preview.ts:746:7
Docker E2E	UNKNOWN STEP	 ❯ runPreviewCommand src/commands/preview.ts:601:22
Docker E2E	UNKNOWN STEP	 ❯ tests/e2e/preview.spec.ts:135:4
Docker E2E	UNKNOWN STEP	
Docker E2E	UNKNOWN STEP	⎯⎯⎯⎯⎯⎯⎯⎯⎯⎯⎯⎯⎯⎯⎯⎯⎯⎯⎯⎯⎯⎯⎯⎯⎯⎯⎯⎯⎯⎯
Docker E2E	UNKNOWN STEP	Serialized Error: { error: { code: 'mismatch', message: '/, /user/login, /node/1, /sites/default/files/preview-probe.txt did not match the source', retryable: false, next: null } }
Docker E2E	UNKNOWN STEP	
Docker E2E	UNKNOWN STEP	2026-10-02T10:33:43.1552637Z 
Docker E2E	UNKNOWN STEP	2026-10-02T10:33:43.1554928Z ##[error]Error: /rows answered 500
Docker E2E	UNKNOWN STEP	 ❯ readDurableObject tests/e2e/helpers/compare.ts:121:26
Docker E2E	UNKNOWN STEP	 ❯ tests/e2e/to-worker.spec.ts:143:16
Docker E2E	UNKNOWN STEP	
Docker E2E	UNKNOWN STEP	
Docker E2E	UNKNOWN STEP	2026-10-02T10:33:43.1873199Z error: script "test:e2e:coverage" exited with code 1
Docker E2E	UNKNOWN STEP	2026-10-02T10:33:43.1881448Z ##[error]Process completed with exit code 1.
Docker E2E	UNKNOWN STEP	2026-10-02T10:33:43.2177690Z ##[group]Run codecov/codecov-action@v7
Docker E2E	UNKNOWN STEP	2026-10-02T10:33:43.2177997Z with:
Docker E2E	UNKNOWN STEP	2026-10-02T10:33:43.2178349Z   token: ***
Docker E2E	UNKNOWN STEP	2026-10-02T10:33:43.2178560Z   slug: <org>/drangler
Docker E2E	UNKNOWN STEP	2026-10-02T10:33:43.2178799Z   fail_ci_if_error: false
Docker E2E	UNKNOWN STEP	2026-10-02T10:33:43.2179027Z   report_type: coverage
Docker E2E	UNKNOWN STEP	2026-10-02T10:33:43.2179242Z   flags: integration
Docker E2E	UNKNOWN STEP	2026-10-02T10:33:43.2179459Z   files: coverage/clover.xml
Docker E2E	UNKNOWN STEP	2026-10-02T10:33:43.2179688Z   cleanup: false
Docker E2E	UNKNOWN STEP	2026-10-02T10:33:43.2179890Z   disable_file_fixes: false
Docker E2E	UNKNOWN STEP	2026-10-02T10:33:43.2180115Z   disable_search: false
Docker E2E	UNKNOWN STEP	2026-10-02T10:33:43.2180334Z   disable_safe_directory: false
Docker E2E	UNKNOWN STEP	2026-10-02T10:33:43.2180573Z   disable_telem: false
Docker E2E	UNKNOWN STEP	2026-10-02T10:33:43.2180976Z   dry_run: false
Docker E2E	UNKNOWN STEP	2026-10-02T10:33:43.2181168Z   git_service: github
Docker E2E	UNKNOWN STEP	2026-10-02T10:33:43.2181373Z   gcov_executable: gcov
Docker E2E	UNKNOWN STEP	2026-10-02T10:33:43.2181593Z   handle_no_reports_found: false
Docker E2E	UNKNOWN STEP	2026-10-02T10:33:43.2181839Z   recurse_submodules: false
Docker E2E	UNKNOWN STEP	2026-10-02T10:33:43.2182080Z   run_command: upload-coverage
Docker E2E	UNKNOWN STEP	2026-10-02T10:33:43.2182342Z   skip_validation: false
Docker E2E	UNKNOWN STEP	2026-10-02T10:33:43.2182579Z   use_legacy_upload_endpoint: false
Docker E2E	UNKNOWN STEP	2026-10-02T10:33:43.2182824Z   use_oidc: false
Docker E2E	UNKNOWN STEP	2026-10-02T10:33:43.2183015Z   use_pypi: false
Docker E2E	UNKNOWN STEP	2026-10-02T10:33:43.2183202Z   verbose: false
Docker E2E	UNKNOWN STEP	2026-10-02T10:33:43.2183386Z   version: latest
Docker E2E	UNKNOWN STEP	2026-10-02T10:33:43.2183566Z env:
Docker E2E	UNKNOWN STEP	2026-10-02T10:33:43.2183740Z   REQUIRE_DOCKER: 1
Docker E2E	UNKNOWN STEP	2026-10-02T10:33:43.2183939Z ##[endgroup]
Docker E2E	UNKNOWN STEP	2026-10-02T10:33:43.2245350Z ##[start-action display=Check system dependencies;id=__codecov_codecov-action.__run]
Docker E2E	UNKNOWN STEP	2026-10-02T10:33:43.2269101Z ##[group]Run missing_deps=""
Docker E2E	UNKNOWN STEP	2026-10-02T10:33:43.2269387Z ^[[36;1mmissing_deps=""^[[0m
Docker E2E	UNKNOWN STEP	2026-10-02T10:33:43.2269615Z ^[[36;1m^[[0m
Docker E2E	UNKNOWN STEP	2026-10-02T10:33:43.2269848Z ^[[36;1m# Check for always-required commands^[[0m
Docker E2E	UNKNOWN STEP	2026-10-02T10:33:43.2270153Z ^[[36;1mfor cmd in bash git curl; do^[[0m
Docker E2E	UNKNOWN STEP	2026-10-02T10:33:43.2270460Z ^[[36;1m  if ! command -v "$cmd" >/dev/null 2>&1; then^[[0m
Docker E2E	UNKNOWN STEP	2026-10-02T10:33:43.2270791Z ^[[36;1m    missing_deps="$missing_deps $cmd"^[[0m
Docker E2E	UNKNOWN STEP	2026-10-02T10:33:43.2271073Z ^[[36;1m  fi^[[0m
Docker E2E	UNKNOWN STEP	2026-10-02T10:33:43.2271266Z ^[[36;1mdone^[[0m
Docker E2E	UNKNOWN STEP	2026-10-02T10:33:43.2271446Z ^[[36;1m^[[0m
Docker E2E	UNKNOWN STEP	2026-10-02T10:33:43.2271714Z ^[[36;1m# Check for gpg only if validation is not being skipped^[[0m
Docker E2E	UNKNOWN STEP	2026-10-02T10:33:43.2272094Z ^[[36;1mif [ "$INPUT_SKIP_VALIDATION" != "true" ]; then^[[0m
Docker E2E	UNKNOWN STEP	2026-10-02T10:33:43.2272441Z ^[[36;1m  if ! command -v gpg >/dev/null 2>&1; then^[[0m
Docker E2E	UNKNOWN STEP	2026-10-02T10:33:43.2272761Z ^[[36;1m    missing_deps="$missing_deps gpg"^[[0m
Docker E2E	UNKNOWN STEP	2026-10-02T10:33:43.2273030Z ^[[36;1m  fi^[[0m
Docker E2E	UNKNOWN STEP	2026-10-02T10:33:43.2273208Z ^[[36;1mfi^[[0m
Docker E2E	UNKNOWN STEP	2026-10-02T10:33:43.2273382Z ^[[36;1m^[[0m
Docker E2E	UNKNOWN STEP	2026-10-02T10:33:43.2273597Z ^[[36;1m# Report missing required dependencies^[[0m
Docker E2E	UNKNOWN STEP	2026-10-02T10:33:43.2273915Z ^[[36;1mif [ -n "$missing_deps" ]; then^[[0m
Docker E2E	UNKNOWN STEP	2026-10-02T10:33:43.2274339Z ^[[36;1m  echo "Error: The following required dependencies are missing:$missing_deps"^[[0m
Docker E2E	UNKNOWN STEP	2026-10-02T10:33:43.2274869Z ^[[36;1m  echo "Please install these dependencies before using this action."^[[0m
Docker E2E	UNKNOWN STEP	2026-10-02T10:33:43.2275245Z ^[[36;1m  exit 1^[[0m
Docker E2E	UNKNOWN STEP	2026-10-02T10:33:43.2275444Z ^[[36;1mfi^[[0m
Docker E2E	UNKNOWN STEP	2026-10-02T10:33:43.2275623Z ^[[36;1m^[[0m
Docker E2E	UNKNOWN STEP	2026-10-02T10:33:43.2275880Z ^[[36;1mecho "All required system dependencies are available."^[[0m
Docker E2E	UNKNOWN STEP	2026-10-02T10:33:43.2302281Z shell: /usr/bin/sh -e {0}
Docker E2E	UNKNOWN STEP	2026-10-02T10:33:43.2302526Z env:
Docker E2E	UNKNOWN STEP	2026-10-02T10:33:43.2302717Z   REQUIRE_DOCKER: 1
Docker E2E	UNKNOWN STEP	2026-10-02T10:33:43.2302941Z   INPUT_SKIP_VALIDATION: false
Docker E2E	UNKNOWN STEP	2026-10-02T10:33:43.2303183Z ##[endgroup]
Docker E2E	UNKNOWN STEP	2026-10-02T10:33:43.2345408Z All required system dependencies are available.
Docker E2E	UNKNOWN STEP	2026-10-02T10:33:43.2361794Z ##[end-action id=__codecov_codecov-action.__run;outcome=success;conclusion=success;duration_ms=11]
Docker E2E	UNKNOWN STEP	2026-10-02T10:33:43.2364216Z ##[start-action display=Action version;id=__codecov_codecov-action.__run_2]
Docker E2E	UNKNOWN STEP	2026-10-02T10:33:43.2379556Z ##[group]Run CC_ACTION_VERSION=$(cat ${GITHUB_ACTION_PATH}/src/version)
Docker E2E	UNKNOWN STEP	2026-10-02T10:33:43.2380028Z ^[[36;1mCC_ACTION_VERSION=$(cat ${GITHUB_ACTION_PATH}/src/version)^[[0m
Docker E2E	UNKNOWN STEP	2026-10-02T10:33:43.2380676Z ^[[36;1mecho -e "\033[0;32m==>\033[0m Running Action version $CC_ACTION_VERSION"^[[0m
Docker E2E	UNKNOWN STEP	2026-10-02T10:33:43.2441185Z shell: /usr/bin/bash --noprofile --norc -e -o pipefail {0}
Docker E2E	UNKNOWN STEP	2026-10-02T10:33:43.2441519Z env:
Docker E2E	UNKNOWN STEP	2026-10-02T10:33:43.2441705Z   REQUIRE_DOCKER: 1
Docker E2E	UNKNOWN STEP	2026-10-02T10:33:43.2441912Z ##[endgroup]
Docker E2E	UNKNOWN STEP	2026-10-02T10:33:43.2533127Z ^[[0;32m==>^[[0m Running Action version 7.1.1
Docker E2E	UNKNOWN STEP	2026-10-02T10:33:43.2539308Z ##[end-action id=__codecov_codecov-action.__run_2;outcome=success;conclusion=success;duration_ms=17]
Docker E2E	UNKNOWN STEP	2026-10-02T10:33:43.2541423Z ##[start-action display=Set safe directory;id=__codecov_codecov-action.__run_3]
Docker E2E	UNKNOWN STEP	2026-10-02T10:33:43.2564043Z ##[group]Run git config --global --add safe.directory "/home/runner/work/drangler/drangler"
Docker E2E	UNKNOWN STEP	2026-10-02T10:33:43.2564651Z ^[[36;1mgit config --global --add safe.directory "/home/runner/work/drangler/drangler"^[[0m
Docker E2E	UNKNOWN STEP	2026-10-02T10:33:43.2565316Z ^[[36;1mgit config --global --add safe.directory "$GITHUB_WORKSPACE"^[[0m
Docker E2E	UNKNOWN STEP	2026-10-02T10:33:43.2621760Z shell: /usr/bin/bash --noprofile --norc -e -o pipefail {0}
Docker E2E	UNKNOWN STEP	2026-10-02T10:33:43.2622099Z env:
Docker E2E	UNKNOWN STEP	2026-10-02T10:33:43.2622298Z   REQUIRE_DOCKER: 1
Docker E2E	UNKNOWN STEP	2026-10-02T10:33:43.2622509Z ##[endgroup]
Docker E2E	UNKNOWN STEP	2026-10-02T10:33:43.2736639Z ##[end-action id=__codecov_codecov-action.__run_3;outcome=success;conclusion=success;duration_ms=19]
Docker E2E	UNKNOWN STEP	2026-10-02T10:33:43.2741421Z ##[start-action display=Set fork;id=__codecov_codecov-action.__run_4]
Docker E2E	UNKNOWN STEP	2026-10-02T10:33:43.2755967Z ##[group]Run CC_FORK="false"
Docker E2E	UNKNOWN STEP	2026-10-02T10:33:43.2756227Z ^[[36;1mCC_FORK="false"^[[0m
Docker E2E	UNKNOWN STEP	2026-10-02T10:33:43.2757087Z ^[[36;1mif [ -n "$GITHUB_EVENT_PULL_REQUEST_HEAD_REPO_FULL_NAME" ] && [ "$GITHUB_EVENT_PULL_REQUEST_HEAD_REPO_FULL_NAME" != "$GITHUB_REPOSITORY" ];^[[0m
Docker E2E	UNKNOWN STEP	2026-10-02T10:33:43.2757682Z ^[[36;1mthen^[[0m
Docker E2E	UNKNOWN STEP	2026-10-02T10:33:43.2757923Z ^[[36;1m  echo -e "\033[0;32m==>\033[0m Fork detected"^[[0m
Docker E2E	UNKNOWN STEP	2026-10-02T10:33:43.2758241Z ^[[36;1m  CC_FORK="true"^[[0m
Docker E2E	UNKNOWN STEP	2026-10-02T10:33:43.2758455Z ^[[36;1mfi^[[0m
Docker E2E	UNKNOWN STEP	2026-10-02T10:33:43.2758674Z ^[[36;1mecho "CC_FORK=$CC_FORK" >> "$GITHUB_ENV"^[[0m
Docker E2E	UNKNOWN STEP	2026-10-02T10:33:43.2815097Z shell: /usr/bin/bash --noprofile --norc -e -o pipefail {0}
Docker E2E	UNKNOWN STEP	2026-10-02T10:33:43.2815504Z env:
Docker E2E	UNKNOWN STEP	2026-10-02T10:33:43.2815698Z   REQUIRE_DOCKER: 1
Docker E2E	UNKNOWN STEP	2026-10-02T10:33:43.2815932Z   GITHUB_EVENT_PULL_REQUEST_HEAD_LABEL: 
Docker E2E	UNKNOWN STEP	2026-10-02T10:33:43.2816495Z   GITHUB_EVENT_PULL_REQUEST_HEAD_REPO_FULL_NAME: 
Docker E2E	UNKNOWN STEP	2026-10-02T10:33:43.2816824Z   GITHUB_REPOSITORY: <org>/drangler
Docker E2E	UNKNOWN STEP	2026-10-02T10:33:43.2817085Z ##[endgroup]
Docker E2E	UNKNOWN STEP	2026-10-02T10:33:43.2903318Z ##[end-action id=__codecov_codecov-action.__run_4;outcome=success;conclusion=success;duration_ms=16]
Docker E2E	UNKNOWN STEP	2026-10-02T10:33:43.2906921Z ##[start-action display=Get OIDC token;id=__codecov_codecov-action.oidc]
Docker E2E	UNKNOWN STEP	2026-10-02T10:33:43.2950683Z ##[group]Run actions/github-script@<hex>
Docker E2E	UNKNOWN STEP	2026-10-02T10:33:43.2951058Z with:
Docker E2E	UNKNOWN STEP	2026-10-02T10:33:43.2951658Z   script: if (process.env.CC_USE_OIDC === 'true' && process.env.CC_FORK != 'true') {
Docker E2E	UNKNOWN STEP	  const id_token = <redacted> core.getIDToken(process.env.CC_OIDC_AUDIENCE)
Docker E2E	UNKNOWN STEP	  return id_token
Docker E2E	UNKNOWN STEP	}
Docker E2E	UNKNOWN STEP	
Docker E2E	UNKNOWN STEP	2026-10-02T10:33:43.2954458Z   github-token: ***
Docker E2E	UNKNOWN STEP	2026-10-02T10:33:43.2954681Z   debug: false
Docker E2E	UNKNOWN STEP	2026-10-02T10:33:43.2954906Z   user-agent: actions/github-script
Docker E2E	UNKNOWN STEP	2026-10-02T10:33:43.2955171Z   result-encoding: json
Docker E2E	UNKNOWN STEP	2026-10-02T10:33:43.2955383Z   retries: 0
Docker E2E	UNKNOWN STEP	2026-10-02T10:33:43.2955615Z   retry-exempt-status-codes: 400,401,403,404,422
Docker E2E	UNKNOWN STEP	2026-10-02T10:33:43.2955899Z env:
Docker E2E	UNKNOWN STEP	2026-10-02T10:33:43.2956077Z   REQUIRE_DOCKER: 1
Docker E2E	UNKNOWN STEP	2026-10-02T10:33:43.2956646Z   CC_FORK: false
Docker E2E	UNKNOWN STEP	2026-10-02T10:33:43.2956907Z   CC_OIDC_AUDIENCE: https://codecov.io
Docker E2E	UNKNOWN STEP	2026-10-02T10:33:43.2957184Z   CC_USE_OIDC: false
Docker E2E	UNKNOWN STEP	2026-10-02T10:33:43.2957393Z ##[endgroup]
Docker E2E	UNKNOWN STEP	2026-10-02T10:33:43.3837041Z ##[end-action id=__codecov_codecov-action.oidc;outcome=success;conclusion=success;duration_ms=92]
Docker E2E	UNKNOWN STEP	2026-10-02T10:33:43.3847513Z ##[start-action display=Get and set token;id=__codecov_codecov-action.__run_5]
Docker E2E	UNKNOWN STEP	2026-10-02T10:33:43.3864402Z ##[group]Run if [ "$INPUT_USE_OIDC" == 'true' ] && [ "$CC_FORK" != 'true' ];
Docker E2E	UNKNOWN STEP	2026-10-02T10:33:43.3864893Z ^[[36;1mif [ "$INPUT_USE_OIDC" == 'true' ] && [ "$CC_FORK" != 'true' ];^[[0m
Docker E2E	UNKNOWN STEP	2026-10-02T10:33:43.3865260Z ^[[36;1mthen^[[0m
Docker E2E	UNKNOWN STEP	2026-10-02T10:33:43.3865715Z ^[[36;1m  echo "CC_TOKEN=$CC_OIDC_TOKEN" >> "$GITHUB_ENV"^[[0m
Docker E2E	UNKNOWN STEP	2026-10-02T10:33:43.3866091Z ^[[36;1melif [ -n "$INPUT_CODECOV_TOKEN" ];^[[0m
Docker E2E	UNKNOWN STEP	2026-10-02T10:33:43.3866713Z ^[[36;1mthen^[[0m
Docker E2E	UNKNOWN STEP	2026-10-02T10:33:43.3867023Z ^[[36;1m  echo -e "\033[0;32m==>\033[0m Token set from env"^[[0m
Docker E2E	UNKNOWN STEP	2026-10-02T10:33:43.3867435Z ^[[36;1m    echo "CC_TOKEN=$INPUT_CODECOV_TOKEN" >> "$GITHUB_ENV"^[[0m
Docker E2E	UNKNOWN STEP	2026-10-02T10:33:43.3867770Z ^[[36;1melse^[[0m
Docker E2E	UNKNOWN STEP	2026-10-02T10:33:43.3867977Z ^[[36;1m  if [ -n "$INPUT_TOKEN" ];^[[0m
Docker E2E	UNKNOWN STEP	2026-10-02T10:33:43.3868228Z ^[[36;1m  then^[[0m
Docker E2E	UNKNOWN STEP	2026-10-02T10:33:43.3868492Z ^[[36;1m    echo -e "\033[0;32m==>\033[0m Token set from input"^[[0m
Docker E2E	UNKNOWN STEP	2026-10-02T10:33:43.3868857Z ^[[36;1m    CC_TOKEN=$(echo "$INPUT_TOKEN" | tr -d '\n')^[[0m
Docker E2E	UNKNOWN STEP	2026-10-02T10:33:43.3869382Z ^[[36;1m    echo "CC_TOKEN=$CC_TOKEN" >> "$GITHUB_ENV"^[[0m
Docker E2E	UNKNOWN STEP	2026-10-02T10:33:43.3869680Z ^[[36;1m  fi^[[0m
Docker E2E	UNKNOWN STEP	2026-10-02T10:33:43.3869865Z ^[[36;1mfi^[[0m
Docker E2E	UNKNOWN STEP	2026-10-02T10:33:43.3933018Z shell: /usr/bin/bash --noprofile --norc -e -o pipefail {0}
Docker E2E	UNKNOWN STEP	2026-10-02T10:33:43.3933377Z env:
Docker E2E	UNKNOWN STEP	2026-10-02T10:33:43.3933582Z   REQUIRE_DOCKER: 1
Docker E2E	UNKNOWN STEP	2026-10-02T10:33:43.3933791Z   CC_FORK: false
Docker E2E	UNKNOWN STEP	2026-10-02T10:33:43.3933991Z   CC_OIDC_TOKEN: 
Docker E2E	UNKNOWN STEP	2026-10-02T10:33:43.3934220Z   CC_OIDC_AUDIENCE: https://codecov.io
Docker E2E	UNKNOWN STEP	2026-10-02T10:33:43.3934487Z   INPUT_USE_OIDC: false
Docker E2E	UNKNOWN STEP	2026-10-02T10:33:43.3934855Z   INPUT_TOKEN: ***
Docker E2E	UNKNOWN STEP	2026-10-02T10:33:43.3935064Z   INPUT_CODECOV_TOKEN: 
Docker E2E	UNKNOWN STEP	2026-10-02T10:33:43.3935283Z ##[endgroup]
Docker E2E	UNKNOWN STEP	2026-10-02T10:33:43.4052365Z ^[[0;32m==>^[[0m Token set from input
Docker E2E	UNKNOWN STEP	2026-10-02T10:33:43.4088258Z ##[end-action id=__codecov_codecov-action.__run_5;outcome=success;conclusion=success;duration_ms=23]
Docker E2E	UNKNOWN STEP	2026-10-02T10:33:43.4092817Z ##[start-action display=Override branch for forks;id=__codecov_codecov-action.__run_6]
Docker E2E	UNKNOWN STEP	2026-10-02T10:33:43.4129874Z ##[group]Run if [ -z "$CC_BRANCH" ] && [ -z "$CC_TOKEN" ] && [ "$CC_FORK" == 'true' ]
Docker E2E	UNKNOWN STEP	2026-10-02T10:33:43.4130411Z ^[[36;1mif [ -z "$CC_BRANCH" ] && [ -z "$CC_TOKEN" ] && [ "$CC_FORK" == 'true' ]^[[0m
Docker E2E	UNKNOWN STEP	2026-10-02T10:33:43.4130780Z ^[[36;1mthen^[[0m
Docker E2E	UNKNOWN STEP	2026-10-02T10:33:43.4131200Z ^[[36;1m  echo -e "\033[0;32m==>\033[0m Fork detected, setting branch to $GITHUB_EVENT_PULL_REQUEST_HEAD_LABEL"^[[0m
Docker E2E	UNKNOWN STEP	2026-10-02T10:33:43.4131736Z ^[[36;1m  TOKENLESS="$GITHUB_EVENT_PULL_REQUEST_HEAD_LABEL"^[[0m
Docker E2E	UNKNOWN STEP	2026-10-02T10:33:43.4132112Z ^[[36;1m  CC_BRANCH="$GITHUB_EVENT_PULL_REQUEST_HEAD_LABEL"^[[0m
Docker E2E	UNKNOWN STEP	2026-10-02T10:33:43.4132475Z ^[[36;1m  echo "TOKENLESS=$TOKENLESS" >> "$GITHUB_ENV"^[[0m
Docker E2E	UNKNOWN STEP	2026-10-02T10:33:43.4132787Z ^[[36;1mfi^[[0m
Docker E2E	UNKNOWN STEP	2026-10-02T10:33:43.4132974Z ^[[36;1m^[[0m
Docker E2E	UNKNOWN STEP	2026-10-02T10:33:43.4133209Z ^[[36;1mecho "CC_BRANCH=$CC_BRANCH" >> "$GITHUB_ENV"^[[0m
Docker E2E	UNKNOWN STEP	2026-10-02T10:33:43.4197084Z shell: /usr/bin/bash --noprofile --norc -e -o pipefail {0}
Docker E2E	UNKNOWN STEP	2026-10-02T10:33:43.4197438Z env:
Docker E2E	UNKNOWN STEP	2026-10-02T10:33:43.4197628Z   REQUIRE_DOCKER: 1
Docker E2E	UNKNOWN STEP	2026-10-02T10:33:43.4197848Z   CC_FORK: false
Docker E2E	UNKNOWN STEP	2026-10-02T10:33:43.4198191Z   CC_TOKEN: ***
Docker E2E	UNKNOWN STEP	2026-10-02T10:33:43.4198384Z   CC_BRANCH: 
Docker E2E	UNKNOWN STEP	2026-10-02T10:33:43.4198588Z   GITHUB_EVENT_PULL_REQUEST_HEAD_LABEL: 
Docker E2E	UNKNOWN STEP	2026-10-02T10:33:43.4198897Z   GITHUB_EVENT_PULL_REQUEST_HEAD_REPO_FULL_NAME: 
Docker E2E	UNKNOWN STEP	2026-10-02T10:33:43.4199220Z   GITHUB_REPOSITORY: <org>/drangler
Docker E2E	UNKNOWN STEP	2026-10-02T10:33:43.4199475Z ##[endgroup]
Docker E2E	UNKNOWN STEP	2026-10-02T10:33:43.4292835Z ##[end-action id=__codecov_codecov-action.__run_6;outcome=success;conclusion=success;duration_ms=19]
Docker E2E	UNKNOWN STEP	2026-10-02T10:33:43.4297524Z ##[start-action display=Override commits and pr for pull requests;id=__codecov_codecov-action.__run_7]
Docker E2E	UNKNOWN STEP	2026-10-02T10:33:43.4313087Z ##[group]Run if [ -z "$CC_SHA" ];
Docker E2E	UNKNOWN STEP	2026-10-02T10:33:43.4313366Z ^[[36;1mif [ -z "$CC_SHA" ];^[[0m
Docker E2E	UNKNOWN STEP	2026-10-02T10:33:43.4313596Z ^[[36;1mthen^[[0m
Docker E2E	UNKNOWN STEP	2026-10-02T10:33:43.4313845Z ^[[36;1m  CC_SHA="$GITHUB_EVENT_PULL_REQUEST_HEAD_SHA"^[[0m
Docker E2E	UNKNOWN STEP	2026-10-02T10:33:43.4314141Z ^[[36;1mfi^[[0m
Docker E2E	UNKNOWN STEP	2026-10-02T10:33:43.4314377Z ^[[36;1mif [ -z "$CC_PR" ] && [ "$CC_FORK" == 'true' ];^[[0m
Docker E2E	UNKNOWN STEP	2026-10-02T10:33:43.4314683Z ^[[36;1mthen^[[0m
Docker E2E	UNKNOWN STEP	2026-10-02T10:33:43.4314888Z ^[[36;1m  CC_PR="$GITHUB_EVENT_NUMBER"^[[0m
Docker E2E	UNKNOWN STEP	2026-10-02T10:33:43.4315143Z ^[[36;1mfi^[[0m
Docker E2E	UNKNOWN STEP	2026-10-02T10:33:43.4315324Z ^[[36;1m^[[0m
Docker E2E	UNKNOWN STEP	2026-10-02T10:33:43.4315535Z ^[[36;1mecho "CC_SHA=$CC_SHA" >> "$GITHUB_ENV"^[[0m
Docker E2E	UNKNOWN STEP	2026-10-02T10:33:43.4315995Z ^[[36;1mecho "CC_PR=$CC_PR" >> "$GITHUB_ENV"^[[0m
Docker E2E	UNKNOWN STEP	2026-10-02T10:33:43.4375976Z shell: /usr/bin/bash --noprofile --norc -e -o pipefail {0}
Docker E2E	UNKNOWN STEP	2026-10-02T10:33:43.4376542Z env:
Docker E2E	UNKNOWN STEP	2026-10-02T10:33:43.4376734Z   REQUIRE_DOCKER: 1
Docker E2E	UNKNOWN STEP	2026-10-02T10:33:43.4376946Z   CC_FORK: false
Docker E2E	UNKNOWN STEP	2026-10-02T10:33:43.4377265Z   CC_TOKEN: ***
Docker E2E	UNKNOWN STEP	2026-10-02T10:33:43.4377463Z   CC_BRANCH: 
Docker E2E	UNKNOWN STEP	2026-10-02T10:33:43.4377647Z   CC_PR: 
Docker E2E	UNKNOWN STEP	2026-10-02T10:33:43.4377833Z   CC_SHA: 
Docker E2E	UNKNOWN STEP	2026-10-02T10:33:43.4378019Z   GITHUB_EVENT_NAME: schedule
Docker E2E	UNKNOWN STEP	2026-10-02T10:33:43.4378261Z   GITHUB_EVENT_NUMBER: 
Docker E2E	UNKNOWN STEP	2026-10-02T10:33:43.4378499Z   GITHUB_EVENT_PULL_REQUEST_HEAD_SHA: 
Docker E2E	UNKNOWN STEP	2026-10-02T10:33:43.4378758Z ##[endgroup]
Docker E2E	UNKNOWN STEP	2026-10-02T10:33:43.4465926Z ##[end-action id=__codecov_codecov-action.__run_7;outcome=success;conclusion=success;duration_ms=16]
Docker E2E	UNKNOWN STEP	2026-10-02T10:33:43.4475807Z ##[start-action display=Upload coverage to Codecov;id=__codecov_codecov-action.__run_8]
Docker E2E	UNKNOWN STEP	2026-10-02T10:33:43.4491727Z ##[group]Run ${GITHUB_ACTION_PATH}/dist/codecov.sh
Docker E2E	UNKNOWN STEP	2026-10-02T10:33:43.4492093Z ^[[36;1m${GITHUB_ACTION_PATH}/dist/codecov.sh^[[0m
Docker E2E	UNKNOWN STEP	2026-10-02T10:33:43.4550079Z shell: /usr/bin/bash --noprofile --norc -e -o pipefail {0}
Docker E2E	UNKNOWN STEP	2026-10-02T10:33:43.4550425Z env:
Docker E2E	UNKNOWN STEP	2026-10-02T10:33:43.4550610Z   REQUIRE_DOCKER: 1
Docker E2E	UNKNOWN STEP	2026-10-02T10:33:43.4550811Z   CC_FORK: false
Docker E2E	UNKNOWN STEP	2026-10-02T10:33:43.4551141Z   CC_TOKEN: ***
Docker E2E	UNKNOWN STEP	2026-10-02T10:33:43.4551334Z   CC_BRANCH: 
Docker E2E	UNKNOWN STEP	2026-10-02T10:33:43.4551513Z   CC_SHA: 
Docker E2E	UNKNOWN STEP	2026-10-02T10:33:43.4551684Z   CC_PR: 
Docker E2E	UNKNOWN STEP	2026-10-02T10:33:43.4551859Z   CC_BASE_SHA: 
Docker E2E	UNKNOWN STEP	2026-10-02T10:33:43.4552043Z   CC_BINARY: 
Docker E2E	UNKNOWN STEP	2026-10-02T10:33:43.4552221Z   CC_BUILD: 
Docker E2E	UNKNOWN STEP	2026-10-02T10:33:43.4552404Z   CC_BUILD_URL: 
Docker E2E	UNKNOWN STEP	2026-10-02T10:33:43.4552598Z   CC_CLEANUP: false
Docker E2E	UNKNOWN STEP	2026-10-02T10:33:43.4552794Z   CC_CODE: 
Docker E2E	UNKNOWN STEP	2026-10-02T10:33:43.4552970Z   CC_DIR: 
Docker E2E	UNKNOWN STEP	2026-10-02T10:33:43.4553172Z   CC_DISABLE_FILE_FIXES: false
Docker E2E	UNKNOWN STEP	2026-10-02T10:33:43.4553411Z   CC_DISABLE_SEARCH: false
Docker E2E	UNKNOWN STEP	2026-10-02T10:33:43.4553635Z   CC_DISABLE_TELEM: false
Docker E2E	UNKNOWN STEP	2026-10-02T10:33:43.4553856Z   CC_DRY_RUN: false
Docker E2E	UNKNOWN STEP	2026-10-02T10:33:43.4554052Z   CC_ENTERPRISE_URL: 
Docker E2E	UNKNOWN STEP	2026-10-02T10:33:43.4554250Z   CC_ENV: 
Docker E2E	UNKNOWN STEP	2026-10-02T10:33:43.4554430Z   CC_EXCLUDES: 
Docker E2E	UNKNOWN STEP	2026-10-02T10:33:43.4554623Z   CC_FAIL_ON_ERROR: false
Docker E2E	UNKNOWN STEP	2026-10-02T10:33:43.4554847Z   CC_FILES: coverage/clover.xml
Docker E2E	UNKNOWN STEP	2026-10-02T10:33:43.4555093Z   CC_FLAGS: integration
Docker E2E	UNKNOWN STEP	2026-10-02T10:33:43.4555298Z   CC_FORCE: 
Docker E2E	UNKNOWN STEP	2026-10-02T10:33:43.4555479Z   CC_GCOV_ARGS: 
Docker E2E	UNKNOWN STEP	2026-10-02T10:33:43.4555677Z   CC_GCOV_EXECUTABLE: gcov
Docker E2E	UNKNOWN STEP	2026-10-02T10:33:43.4555894Z   CC_GCOV_IGNORE: 
Docker E2E	UNKNOWN STEP	2026-10-02T10:33:43.4556089Z   CC_GCOV_INCLUDE: 
Docker E2E	UNKNOWN STEP	2026-10-02T10:33:43.4556569Z   CC_GIT_SERVICE: github
Docker E2E	UNKNOWN STEP	2026-10-02T10:33:43.4556821Z   CC_HANDLE_NO_REPORTS_FOUND: false
Docker E2E	UNKNOWN STEP	2026-10-02T10:33:43.4557072Z   CC_JOB_CODE: 
Docker E2E	UNKNOWN STEP	2026-10-02T10:33:43.4557272Z   CC_LEGACY: false
Docker E2E	UNKNOWN STEP	2026-10-02T10:33:43.4557463Z   CC_NAME: 
Docker E2E	UNKNOWN STEP	2026-10-02T10:33:43.4557648Z   CC_NETWORK_FILTER: 
Docker E2E	UNKNOWN STEP	2026-10-02T10:33:43.4557853Z   CC_NETWORK_PREFIX: 
Docker E2E	UNKNOWN STEP	2026-10-02T10:33:43.4558066Z   CC_NETWORK_ROOT_FOLDER: 
Docker E2E	UNKNOWN STEP	2026-10-02T10:33:43.4558288Z   CC_OS: 
Docker E2E	UNKNOWN STEP	2026-10-02T10:33:43.4558466Z   CC_PARENT_SHA: 
Docker E2E	UNKNOWN STEP	2026-10-02T10:33:43.4558659Z   CC_PLUGINS: 
Docker E2E	UNKNOWN STEP	2026-10-02T10:33:43.4558866Z   CC_RECURSE_SUBMODULES: false
Docker E2E	UNKNOWN STEP	2026-10-02T10:33:43.4559107Z   CC_REPORT_TYPE: coverage
Docker E2E	UNKNOWN STEP	2026-10-02T10:33:43.4559338Z   CC_RUN_CMD: upload-coverage
Docker E2E	UNKNOWN STEP	2026-10-02T10:33:43.4559574Z   CC_SERVICE: github
Docker E2E	UNKNOWN STEP	2026-10-02T10:33:43.4559784Z   CC_SKIP_VALIDATION: false
Docker E2E	UNKNOWN STEP	2026-10-02T10:33:43.4560018Z   CC_SLUG: <org>/drangler
Docker E2E	UNKNOWN STEP	2026-10-02T10:33:43.4560249Z   CC_SWIFT_PROJECT: 
Docker E2E	UNKNOWN STEP	2026-10-02T10:33:43.4560449Z   CC_USE_PYPI: false
Docker E2E	UNKNOWN STEP	2026-10-02T10:33:43.4560645Z   CC_VERBOSE: false
Docker E2E	UNKNOWN STEP	2026-10-02T10:33:43.4560842Z   CC_VERSION: latest
Docker E2E	UNKNOWN STEP	2026-10-02T10:33:43.4561043Z   CC_YML_PATH: 
Docker E2E	UNKNOWN STEP	2026-10-02T10:33:43.4561232Z ##[endgroup]
Docker E2E	UNKNOWN STEP	2026-10-02T10:33:43.4664895Z      _____          _
Docker E2E	UNKNOWN STEP	2026-10-02T10:33:43.4665326Z     / ____|        | |
Docker E2E	UNKNOWN STEP	2026-10-02T10:33:43.4665804Z    | |     ___   __| | ___  ___ _____   __
Docker E2E	UNKNOWN STEP	2026-10-02T10:33:43.4666175Z    | |    / _ \ / _` |/ _ \/ __/ _ \ \ / /
Docker E2E	UNKNOWN STEP	2026-10-02T10:33:43.4666844Z    | |___| (_) | (_| |  __/ (_| (_) \ V /
Docker E2E	UNKNOWN STEP	2026-10-02T10:33:43.4667162Z     \_____\___/ \__,_|\___|\___\___/ \_/
Docker E2E	UNKNOWN STEP	2026-10-02T10:33:43.4667929Z                            ^[[0;31m Wrapper-0.3.1^[[0m
Docker E2E	UNKNOWN STEP	2026-10-02T10:33:43.4668277Z                            
Docker E2E	UNKNOWN STEP	2026-10-02T10:33:43.4722940Z ^[[0;32m==>^[[0m Detected ^[[0;36mlinux^[[0m
Docker E2E	UNKNOWN STEP	2026-10-02T10:33:43.4724056Z ^[[0;32m ->^[[0m Downloading ^[[0;36mhttps://cli.codecov.io/latest/linux/codecov^[[0m
Docker E2E	UNKNOWN STEP	2026-10-02T10:33:43.4803718Z   % Total    % Received % Xferd  Average Speed   Time    Time     Time  Current
Docker E2E	UNKNOWN STEP	2026-10-02T10:33:43.4804476Z                                  Dload  Upload   Total   Spent    Left  Speed
Docker E2E	UNKNOWN STEP	2026-10-02T10:33:43.4805237Z 
Docker E2E	UNKNOWN STEP	2026-10-02T10:33:43.7575862Z   0     0    0     0    0     0      0      0 --:--:-- --:--:-- --:--:--     0
Docker E2E	UNKNOWN STEP	2026-10-02T10:33:43.7577378Z 100  9.9M  100  9.9M    0     0  35.7M      0 --:--:-- --:--:-- --:--:-- 35.8M
Docker E2E	UNKNOWN STEP	2026-10-02T10:33:43.7600931Z ^[[0;32m==>^[[0m Finishing downloading ^[[0;36mlinux:latest^[[0m
Docker E2E	UNKNOWN STEP	2026-10-02T10:33:43.8081351Z       Version: ^[[0;36mv11.3.1^[[0m
Docker E2E	UNKNOWN STEP	2026-10-02T10:33:43.8081868Z  
Docker E2E	UNKNOWN STEP	2026-10-02T10:33:43.8684168Z gpg: directory '/home/runner/.gnupg' created
Docker E2E	UNKNOWN STEP	2026-10-02T10:33:43.8686131Z gpg: keybox '/home/runner/.gnupg/pubring.kbx' created
Docker E2E	UNKNOWN STEP	2026-10-02T10:33:43.8919183Z gpg: /home/runner/.gnupg/trustdb.gpg: trustdb created
Docker E2E	UNKNOWN STEP	2026-10-02T10:33:43.8929190Z gpg: key 806BB28AED779869: public key "Codecov Uploader (Codecov Uploader Verification Key) <<email>>" imported
Docker E2E	UNKNOWN STEP	2026-10-02T10:33:43.9174579Z gpg: Total number processed: 1
Docker E2E	UNKNOWN STEP	2026-10-02T10:33:43.9175173Z gpg:               imported: 1
Docker E2E	UNKNOWN STEP	2026-10-02T10:33:43.9181674Z ^[[0;32m==>^[[0m Verifying GPG signature integrity
Docker E2E	UNKNOWN STEP	2026-10-02T10:33:43.9182827Z ^[[0;32m ->^[[0m Downloading ^[[0;36mhttps://cli.codecov.io/latest/linux/codecov.SHA256SUM^[[0m
Docker E2E	UNKNOWN STEP	2026-10-02T10:33:43.9184527Z ^[[0;32m ->^[[0m Downloading ^[[0;36mhttps://cli.codecov.io/latest/linux/codecov.SHA256SUM.sig^[[0m
Docker E2E	UNKNOWN STEP	2026-10-02T10:33:43.9185703Z  
Docker E2E	UNKNOWN STEP	2026-10-02T10:33:43.9994139Z gpg: Signature made Thu Jul  9 01:37:57 2026 UTC
Docker E2E	UNKNOWN STEP	2026-10-02T10:33:43.9995051Z gpg:                using RSA key <hex>
Docker E2E	UNKNOWN STEP	2026-10-02T10:33:43.9996887Z gpg: Good signature from "Codecov Uploader (Codecov Uploader Verification Key) <<email>>" [unknown]
Docker E2E	UNKNOWN STEP	2026-10-02T10:33:43.9998195Z gpg: WARNING: This key is not certified with a trusted signature!
Docker E2E	UNKNOWN STEP	2026-10-02T10:33:44.0002259Z gpg:          There is no indication that the signature belongs to the owner.
Docker E2E	UNKNOWN STEP	2026-10-02T10:33:44.0003123Z Primary key fingerprint: 2703 4E7F DB85 0E0B BC2C  62FF 806B B28A ED77 9869
Docker E2E	UNKNOWN STEP	2026-10-02T10:33:44.0625301Z codecov: OK
Docker E2E	UNKNOWN STEP	2026-10-02T10:33:44.0637274Z ^[[0;32m==>^[[0m CLI integrity verified
Docker E2E	UNKNOWN STEP	2026-10-02T10:33:44.0637664Z 
Docker E2E	UNKNOWN STEP	2026-10-02T10:33:44.1320684Z ^[[0;32m ->^[[0m Token length: 36
Docker E2E	UNKNOWN STEP	2026-10-02T10:33:44.1321173Z ^[[0;32m==>^[[0m Running upload-coverage
Docker E2E	UNKNOWN STEP	2026-10-02T10:33:44.1331309Z       ^[[0;36m./codecov  upload-coverage -t <redacted> --git-service github --slug <org>/drangler --file coverage/clover.xml --flag integration --gcov-executable gcov --report-type coverage^[[0m
Docker E2E	UNKNOWN STEP	2026-10-02T10:33:44.5052717Z info - 2026-10-02 10:33:44,504 -- ci service found: github-actions
Docker E2E	UNKNOWN STEP	2026-10-02T10:33:44.5549843Z warning - 2026-10-02 10:33:44,554 -- xcrun is not installed or can't be found.
Docker E2E	UNKNOWN STEP	2026-10-02T10:33:44.6295035Z warning - 2026-10-02 10:33:44,629 -- No gcov data found.
Docker E2E	UNKNOWN STEP	2026-10-02T10:33:44.6299970Z warning - 2026-10-02 10:33:44,629 -- coverage.py is not installed or can't be found.
Docker E2E	UNKNOWN STEP	2026-10-02T10:33:44.7148322Z warning - 2026-10-02 10:33:44,714 -- Some files were not found --- {"not_found_files": ["coverage/clover.xml"]}
Docker E2E	UNKNOWN STEP	2026-10-02T10:33:44.7196872Z info - 2026-10-02 10:33:44,719 -- Found 0 coverage files to report
Docker E2E	UNKNOWN STEP	2026-10-02T10:33:44.7231757Z Error: No coverage reports found. Please make sure you're generating reports successfully.
Docker E2E	UNKNOWN STEP	2026-10-02T10:33:44.7973648Z ^[[0;31m==> Failed to run upload-coverage^[[0m
Docker E2E	UNKNOWN STEP	2026-10-02T10:33:44.7983639Z ##[end-action id=__codecov_codecov-action.__run_8;outcome=success;conclusion=success;duration_ms=1350]
Docker E2E	UNKNOWN STEP	2026-10-02T10:33:44.8022769Z ##[group]Run docker compose -f docker/compose.yml logs --no-color --tail=400
Docker E2E	UNKNOWN STEP	2026-10-02T10:33:44.8023338Z ^[[36;1mdocker compose -f docker/compose.yml logs --no-color --tail=400^[[0m
Docker E2E	UNKNOWN STEP	2026-10-02T10:33:44.8085454Z shell: /usr/bin/bash -e {0}
Docker E2E	UNKNOWN STEP	2026-10-02T10:33:44.8085704Z env:
Docker E2E	UNKNOWN STEP	2026-10-02T10:33:44.8085890Z   REQUIRE_DOCKER: 1
Docker E2E	UNKNOWN STEP	2026-10-02T10:33:44.8086098Z   CC_FORK: false
Docker E2E	UNKNOWN STEP	2026-10-02T10:33:44.8086837Z   CC_TOKEN: ***
Docker E2E	UNKNOWN STEP	2026-10-02T10:33:44.8087042Z   CC_BRANCH: 
Docker E2E	UNKNOWN STEP	2026-10-02T10:33:44.8087222Z   CC_SHA: 
Docker E2E	UNKNOWN STEP	2026-10-02T10:33:44.8087395Z   CC_PR: 
Docker E2E	UNKNOWN STEP	2026-10-02T10:33:44.8087615Z ##[endgroup]
Docker E2E	UNKNOWN STEP	2026-10-02T10:33:44.8862719Z drupal-1  | [drangler-e2e] installing openssh-server and a mariadb client
Docker E2E	UNKNOWN STEP	2026-10-02T10:33:44.8863530Z drupal-1  | [drangler-e2e] sshd listening for tester
Docker E2E	UNKNOWN STEP	2026-10-02T10:33:44.8864238Z drupal-1  | [drangler-e2e] installing drush (this is the slow step)
Docker E2E	UNKNOWN STEP	2026-10-02T10:33:44.8866048Z drupal-1  | [drangler-e2e] installing Drupal against db
Docker E2E	UNKNOWN STEP	2026-10-02T10:33:44.8867504Z drupal-1  |  You are about to:
Docker E2E	UNKNOWN STEP	2026-10-02T10:33:44.8868215Z drupal-1  |  * Create a sites/default/settings.php file
Docker E2E	UNKNOWN STEP	2026-10-02T10:33:44.8869005Z drupal-1  |  * DROP all tables in your 'drupal' database.
Docker E2E	UNKNOWN STEP	2026-10-02T10:33:44.8869563Z drupal-1  | 
Docker E2E	UNKNOWN STEP	2026-10-02T10:33:44.8870334Z drupal-1  |  // Do you want to continue?: yes.                                              
Docker E2E	UNKNOWN STEP	2026-10-02T10:33:44.8871034Z drupal-1  | 
Docker E2E	UNKNOWN STEP	2026-10-02T10:33:44.8871705Z drupal-1  |  [notice] Starting Drupal installation. This takes a while.
Docker E2E	UNKNOWN STEP	2026-10-02T10:33:44.8872338Z drupal-1  |  [notice] Performed install task: install_select_language
Docker E2E	UNKNOWN STEP	2026-10-02T10:33:44.8872874Z drupal-1  |  [notice] Performed install task: install_select_profile
Docker E2E	UNKNOWN STEP	2026-10-02T10:33:44.8873394Z drupal-1  |  [notice] Performed install task: install_load_profile
Docker E2E	UNKNOWN STEP	2026-10-02T10:33:44.8873924Z drupal-1  |  [notice] Performed install task: install_verify_requirements
Docker E2E	UNKNOWN STEP	2026-10-02T10:33:44.8874455Z drupal-1  |  [notice] Performed install task: install_settings_form
Docker E2E	UNKNOWN STEP	2026-10-02T10:33:44.8875009Z drupal-1  |  [notice] Performed install task: install_verify_database_ready
Docker E2E	UNKNOWN STEP	2026-10-02T10:33:44.8875529Z drupal-1  |  [notice] Performed install task: install_base_system
Docker E2E	UNKNOWN STEP	2026-10-02T10:33:44.8876013Z drupal-1  |  [notice] Performed install task: install_bootstrap_full
Docker E2E	UNKNOWN STEP	2026-10-02T10:33:44.8877079Z drupal-1  |  [notice] Performed install task: install_profile_modules
Docker E2E	UNKNOWN STEP	2026-10-02T10:33:44.8878029Z drupal-1  |  [notice] Performed install task: install_profile_themes
Docker E2E	UNKNOWN STEP	2026-10-02T10:33:44.8878619Z drupal-1  |  [notice] Performed install task: install_install_profile
Docker E2E	UNKNOWN STEP	2026-10-02T10:33:44.8879134Z drupal-1  |  [notice] Performed install task: install_configure_form
Docker E2E	UNKNOWN STEP	2026-10-02T10:33:44.8879624Z drupal-1  |  [notice] Performed install task: install_finished
Docker E2E	UNKNOWN STEP	2026-10-02T10:33:44.8880068Z drupal-1  |  [success] Installation complete. (Admin)
Docker E2E	UNKNOWN STEP	2026-10-02T10:33:44.8880428Z drupal-1  | [drangler-e2e] ready
Docker E2E	UNKNOWN STEP	2026-10-02T10:33:44.8881343Z drupal-1  | AH00558: apache2: Could not reliably determine the server's fully qualified domain name, using <ip>. Set the 'ServerName' directive globally to suppress this message
Docker E2E	UNKNOWN STEP	2026-10-02T10:33:44.8882697Z drupal-1  | AH00558: apache2: Could not reliably determine the server's fully qualified domain name, using <ip>. Set the 'ServerName' directive globally to suppress this message
Docker E2E	UNKNOWN STEP	2026-10-02T10:33:44.8883979Z drupal-1  | [Fri Oct 02 10:32:23.885597 2026] [mpm_prefork:notice] [pid 1:tid 1] AH00163: Apache/2.4.68 (Debian) PHP/8.5.11 configured -- resuming normal operations
Docker E2E	UNKNOWN STEP	2026-10-02T10:33:44.8884978Z drupal-1  | [Fri Oct 02 10:32:23.885670 2026] [core:notice] [pid 1:tid 1] AH00094: Command line: 'apache2 -D FOREGROUND'
Docker E2E	UNKNOWN STEP	2026-10-02T10:33:44.8885715Z drupal-1  | <ip> - - [02/Oct/2026:10:32:54 +0000] "GET / HTTP/1.1" 200 4756 "-" "node"
Docker E2E	UNKNOWN STEP	2026-10-02T10:33:44.8886659Z drupal-1  | <ip> - - [02/Oct/2026:10:32:54 +0000] "GET /user/login HTTP/1.1" 200 4493 "-" "node"
Docker E2E	UNKNOWN STEP	2026-10-02T10:33:44.8887727Z drupal-1  | <ip> - - [02/Oct/2026:10:32:55 +0000] "GET /sites/default/files/preview-probe.txt HTTP/1.1" 200 369 "-" "node"
Docker E2E	UNKNOWN STEP	2026-10-02T10:33:44.8888495Z drupal-1  | <ip> - - [02/Oct/2026:10:32:55 +0000] "GET /node/1 HTTP/1.1" 200 3872 "-" "node"
Docker E2E	UNKNOWN STEP	2026-10-02T10:33:44.8889350Z db-1      | 2026-10-02 10:32:07+00:00 [Note] [Entrypoint]: Entrypoint script for MariaDB Server 1:13.0.2+maria~ubu2604 started.
Docker E2E	UNKNOWN STEP	2026-10-02T10:33:44.8890352Z db-1      | 2026-10-02 10:32:07+00:00 [Warn] [Entrypoint]: /sys/fs/cgroup///memory.pressure not writable, functionality unavailable to MariaDB
Docker E2E	UNKNOWN STEP	2026-10-02T10:33:44.8891160Z db-1      | 2026-10-02 10:32:07+00:00 [Note] [Entrypoint]: Switching to dedicated user 'mysql'
Docker E2E	UNKNOWN STEP	2026-10-02T10:33:44.8891921Z db-1      | 2026-10-02 10:32:07+00:00 [Note] [Entrypoint]: Entrypoint script for MariaDB Server 1:13.0.2+maria~ubu2604 started.
Docker E2E	UNKNOWN STEP	2026-10-02T10:33:44.8892614Z db-1      | 2026-10-02 10:32:07+00:00 [Note] [Entrypoint]: Initializing database files
Docker E2E	UNKNOWN STEP	2026-10-02T10:33:44.8895010Z db-1      | 2026-10-02 10:32:07 0 [Warning] mariadbd: io_uring_queue_init() failed with EPERM: sysctl kernel.io_uring_disabled has the value 2, or 1 and the user of the process is not a member of sysctl kernel.io_uring_group. (see man 2 io_uring_setup).
Docker E2E	UNKNOWN STEP	2026-10-02T10:33:44.8896664Z db-1      | create_uring failed: falling back to libaio
Docker E2E	UNKNOWN STEP	2026-10-02T10:33:44.8897336Z db-1      | 2026-10-02 10:32:08+00:00 [Note] [Entrypoint]: Database files initialized
Docker E2E	UNKNOWN STEP	2026-10-02T10:33:44.8897925Z db-1      | 2026-10-02 10:32:08+00:00 [Note] [Entrypoint]: Starting temporary server
Docker E2E	UNKNOWN STEP	2026-10-02T10:33:44.8898493Z db-1      | 2026-10-02 10:32:08+00:00 [Note] [Entrypoint]: Waiting for server startup
Docker E2E	UNKNOWN STEP	2026-10-02T10:33:44.8899559Z db-1      | 2026-10-02 10:32:08 0 [Note] Starting MariaDB 13.0.2-MariaDB-ubu2604 source revision <hex> server_uid <id> as process 94
Docker E2E	UNKNOWN STEP	2026-10-02T10:33:44.8900509Z db-1      | 2026-10-02 10:32:08 0 [Note] InnoDB: Compressed tables use zlib 1.3.1
Docker E2E	UNKNOWN STEP	2026-10-02T10:33:44.8901081Z db-1      | 2026-10-02 10:32:08 0 [Note] InnoDB: Number of transaction pools: 1
Docker E2E	UNKNOWN STEP	2026-10-02T10:33:44.8901676Z db-1      | 2026-10-02 10:32:08 0 [Note] InnoDB: Using crc32 + pclmulqdq instructions
Docker E2E	UNKNOWN STEP	2026-10-02T10:33:44.8902964Z db-1      | 2026-10-02 10:32:08 0 [Warning] mariadbd: io_uring_queue_init() failed with EPERM: sysctl kernel.io_uring_disabled has the value 2, or 1 and the user of the process is not a member of sysctl kernel.io_uring_group. (see man 2 io_uring_setup).
Docker E2E	UNKNOWN STEP	2026-10-02T10:33:44.8904028Z db-1      | create_uring failed: falling back to libaio
Docker E2E	UNKNOWN STEP	2026-10-02T10:33:44.8904490Z db-1      | 2026-10-02 10:32:08 0 [Note] InnoDB: Using Linux native AIO
Docker E2E	UNKNOWN STEP	2026-10-02T10:33:44.8905158Z db-1      | 2026-10-02 10:32:08 0 [Note] InnoDB: innodb_buffer_pool_size_max=8388608m, innodb_buffer_pool_size=128m
Docker E2E	UNKNOWN STEP	2026-10-02T10:33:44.8905844Z db-1      | 2026-10-02 10:32:08 0 [Note] InnoDB: Completed initialization of buffer pool
Docker E2E	UNKNOWN STEP	2026-10-02T10:33:44.8906767Z db-1      | 2026-10-02 10:32:08 0 [Note] InnoDB: File system buffers for log disabled (block size=4096 bytes)
Docker E2E	UNKNOWN STEP	2026-10-02T10:33:44.8907392Z db-1      | 2026-10-02 10:32:08 0 [Note] InnoDB: End of log at LSN=45093
Docker E2E	UNKNOWN STEP	2026-10-02T10:33:44.8907897Z db-1      | 2026-10-02 10:32:08 0 [Note] InnoDB: Opened 3 undo tablespaces
Docker E2E	UNKNOWN STEP	2026-10-02T10:33:44.8909011Z db-1      | 2026-10-02 10:32:08 0 [Note] InnoDB: 128 rollback segments in 3 undo tablespaces are active.
Docker E2E	UNKNOWN STEP	2026-10-02T10:33:44.8910577Z db-1      | 2026-10-02 10:32:08 0 [Note] InnoDB: Setting file './ibtmp1' size to 12.000MiB. Physically writing the file full; Please wait ...
Docker E2E	UNKNOWN STEP	2026-10-02T10:33:44.8912064Z db-1      | 2026-10-02 10:32:08 0 [Note] InnoDB: File './ibtmp1' size is now 12.000MiB.
Docker E2E	UNKNOWN STEP	2026-10-02T10:33:44.8912772Z db-1      | 2026-10-02 10:32:08 0 [Note] InnoDB: log sequence number 45093; transaction id 14
Docker E2E	UNKNOWN STEP	2026-10-02T10:33:44.8913319Z db-1      | 2026-10-02 10:32:08 0 [Note] Plugin 'FEEDBACK' is disabled.
Docker E2E	UNKNOWN STEP	2026-10-02T10:33:44.8913828Z db-1      | 2026-10-02 10:32:08 0 [Note] Plugin 'wsrep-provider' is disabled.
Docker E2E	UNKNOWN STEP	2026-10-02T10:33:44.8914393Z db-1      | 2026-10-02 10:32:08 0 [Note] mariadbd: Event Scheduler: Loaded 0 events
Docker E2E	UNKNOWN STEP	2026-10-02T10:33:44.8915257Z db-1      | 2026-10-02 10:32:08 0 [Note] Replication not automatically started: --skip-slave-start was specified
Docker E2E	UNKNOWN STEP	2026-10-02T10:33:44.8915892Z db-1      | 2026-10-02 10:32:08 0 [Note] mariadbd: ready for connections.
Docker E2E	UNKNOWN STEP	2026-10-02T10:33:44.8916988Z db-1      | Version: '13.0.2-MariaDB-ubu2604'  socket: '/run/mysqld/mysqld.sock'  port: 0  mariadb.org binary distribution
Docker E2E	UNKNOWN STEP	2026-10-02T10:33:44.8917717Z db-1      | 2026-10-02 10:32:09+00:00 [Note] [Entrypoint]: Temporary server started.
Docker E2E	UNKNOWN STEP	2026-10-02T10:33:44.8918271Z db-1      | 2026-10-02 10:32:09+00:00 [Note] [Entrypoint]: Creating database drupal
Docker E2E	UNKNOWN STEP	2026-10-02T10:33:44.8918806Z db-1      | 2026-10-02 10:32:09+00:00 [Note] [Entrypoint]: Creating user drupal
Docker E2E	UNKNOWN STEP	2026-10-02T10:33:44.8919416Z db-1      | 2026-10-02 10:32:09+00:00 [Note] [Entrypoint]: Giving user drupal access to schema drupal
Docker E2E	UNKNOWN STEP	2026-10-02T10:33:44.8920222Z db-1      | 2026-10-02 10:32:09+00:00 [Note] [Entrypoint]: Securing system users (equivalent to running mysql_secure_installation)
Docker E2E	UNKNOWN STEP	2026-10-02T10:33:44.8920898Z db-1      | 
Docker E2E	UNKNOWN STEP	2026-10-02T10:33:44.8921296Z db-1      | 2026-10-02 10:32:09+00:00 [Note] [Entrypoint]: Stopping temporary server
Docker E2E	UNKNOWN STEP	2026-10-02T10:33:44.8921888Z db-1      | 2026-10-02 10:32:09 0 [Note] mariadbd (initiated by: unknown): Normal shutdown
Docker E2E	UNKNOWN STEP	2026-10-02T10:33:44.8922446Z db-1      | 2026-10-02 10:32:09 0 [Note] InnoDB: FTS optimize thread exiting.
Docker E2E	UNKNOWN STEP	2026-10-02T10:33:44.8922936Z db-1      | 2026-10-02 10:32:09 0 [Note] InnoDB: Starting shutdown...
Docker E2E	UNKNOWN STEP	2026-10-02T10:33:44.8923536Z db-1      | 2026-10-02 10:32:09 0 [Note] InnoDB: Dumping buffer pool(s) to /var/lib/mysql/ib_buffer_pool
Docker E2E	UNKNOWN STEP	2026-10-02T10:33:44.8924225Z db-1      | 2026-10-02 10:32:09 0 [Note] InnoDB: Buffer pool(s) dump completed at 261002 10:32:09
Docker E2E	UNKNOWN STEP	2026-10-02T10:33:44.8924877Z db-1      | 2026-10-02 10:32:09 0 [Note] InnoDB: Removed temporary tablespace data file: "./ibtmp1"
Docker E2E	UNKNOWN STEP	2026-10-02T10:33:44.8925567Z db-1      | 2026-10-02 10:32:09 0 [Note] Shutdown completed; log sequence number 45450; transaction id 15
Docker E2E	UNKNOWN STEP	2026-10-02T10:33:44.8926147Z db-1      | 2026-10-02 10:32:09 0 [Note] mariadbd: Shutdown complete
Docker E2E	UNKNOWN STEP	2026-10-02T10:33:44.8926930Z db-1      | 2026-10-02 10:32:09+00:00 [Note] [Entrypoint]: Temporary server stopped
Docker E2E	UNKNOWN STEP	2026-10-02T10:33:44.8927293Z db-1      | 
Docker E2E	UNKNOWN STEP	2026-10-02T10:33:44.8927764Z db-1      | 2026-10-02 10:32:09+00:00 [Note] [Entrypoint]: MariaDB init process done. Ready for start up.
Docker E2E	UNKNOWN STEP	2026-10-02T10:33:44.8928181Z db-1      | 
Docker E2E	UNKNOWN STEP	2026-10-02T10:33:44.8929049Z db-1      | 2026-10-02 10:32:09 0 [Note] Starting MariaDB 13.0.2-MariaDB-ubu2604 source revision <hex> server_uid <id> as process 1
Docker E2E	UNKNOWN STEP	2026-10-02T10:33:44.8929969Z db-1      | 2026-10-02 10:32:09 0 [Note] InnoDB: Compressed tables use zlib 1.3.1
Docker E2E	UNKNOWN STEP	2026-10-02T10:33:44.8930503Z db-1      | 2026-10-02 10:32:09 0 [Note] InnoDB: Number of transaction pools: 1
Docker E2E	UNKNOWN STEP	2026-10-02T10:33:44.8931046Z db-1      | 2026-10-02 10:32:09 0 [Note] InnoDB: Using crc32 + pclmulqdq instructions
Docker E2E	UNKNOWN STEP	2026-10-02T10:33:44.8932326Z db-1      | 2026-10-02 10:32:09 0 [Warning] mariadbd: io_uring_queue_init() failed with EPERM: sysctl kernel.io_uring_disabled has the value 2, or 1 and the user of the process is not a member of sysctl kernel.io_uring_group. (see man 2 io_uring_setup).
Docker E2E	UNKNOWN STEP	2026-10-02T10:33:44.8933328Z db-1      | create_uring failed: falling back to libaio
Docker E2E	UNKNOWN STEP	2026-10-02T10:33:44.8933776Z db-1      | 2026-10-02 10:32:09 0 [Note] InnoDB: Using Linux native AIO
Docker E2E	UNKNOWN STEP	2026-10-02T10:33:44.8934435Z db-1      | 2026-10-02 10:32:09 0 [Note] InnoDB: innodb_buffer_pool_size_max=8388608m, innodb_buffer_pool_size=128m
Docker E2E	UNKNOWN STEP	2026-10-02T10:33:44.8935110Z db-1      | 2026-10-02 10:32:09 0 [Note] InnoDB: Completed initialization of buffer pool
Docker E2E	UNKNOWN STEP	2026-10-02T10:33:44.8935782Z db-1      | 2026-10-02 10:32:09 0 [Note] InnoDB: File system buffers for log disabled (block size=4096 bytes)
Docker E2E	UNKNOWN STEP	2026-10-02T10:33:44.8936608Z db-1      | 2026-10-02 10:32:09 0 [Note] InnoDB: End of log at LSN=45450
Docker E2E	UNKNOWN STEP	2026-10-02T10:33:44.8937117Z db-1      | 2026-10-02 10:32:09 0 [Note] InnoDB: Opened 3 undo tablespaces
Docker E2E	UNKNOWN STEP	2026-10-02T10:33:44.8937854Z db-1      | 2026-10-02 10:32:09 0 [Note] InnoDB: 128 rollback segments in 3 undo tablespaces are active.
Docker E2E	UNKNOWN STEP	2026-10-02T10:33:44.8938709Z db-1      | 2026-10-02 10:32:09 0 [Note] InnoDB: Setting file './ibtmp1' size to 12.000MiB. Physically writing the file full; Please wait ...
Docker E2E	UNKNOWN STEP	2026-10-02T10:33:44.8939449Z db-1      | 2026-10-02 10:32:09 0 [Note] InnoDB: File './ibtmp1' size is now 12.000MiB.
Docker E2E	UNKNOWN STEP	2026-10-02T10:33:44.8940047Z db-1      | 2026-10-02 10:32:09 0 [Note] InnoDB: log sequence number 45450; transaction id 15
Docker E2E	UNKNOWN STEP	2026-10-02T10:33:44.8940587Z db-1      | 2026-10-02 10:32:09 0 [Note] Plugin 'FEEDBACK' is disabled.
Docker E2E	UNKNOWN STEP	2026-10-02T10:33:44.8941198Z db-1      | 2026-10-02 10:32:09 0 [Note] InnoDB: Loading buffer pool(s) from /var/lib/mysql/ib_buffer_pool
Docker E2E	UNKNOWN STEP	2026-10-02T10:33:44.8941807Z db-1      | 2026-10-02 10:32:09 0 [Note] Plugin 'wsrep-provider' is disabled.
Docker E2E	UNKNOWN STEP	2026-10-02T10:33:44.8942401Z db-1      | 2026-10-02 10:32:09 0 [Note] InnoDB: Buffer pool(s) load completed at 261002 10:32:09
Docker E2E	UNKNOWN STEP	2026-10-02T10:33:44.8943162Z db-1      | 2026-10-02 10:32:10 0 [Note] Server socket created on IP: '<ip>', port: '3306'.
Docker E2E	UNKNOWN STEP	2026-10-02T10:33:44.8943811Z db-1      | 2026-10-02 10:32:10 0 [Note] Server socket created on IP: '::', port: '3306'.
Docker E2E	UNKNOWN STEP	2026-10-02T10:33:44.8944378Z db-1      | 2026-10-02 10:32:10 0 [Note] mariadbd: Event Scheduler: Loaded 0 events
Docker E2E	UNKNOWN STEP	2026-10-02T10:33:44.8944890Z db-1      | 2026-10-02 10:32:10 0 [Note] mariadbd: ready for connections.
Docker E2E	UNKNOWN STEP	2026-10-02T10:33:44.8945609Z db-1      | Version: '13.0.2-MariaDB-ubu2604'  socket: '/run/mysqld/mysqld.sock'  port: 3306  mariadb.org binary distribution
Docker E2E	UNKNOWN STEP	2026-10-02T10:33:44.8972912Z ##[group]Run nproc
Docker E2E	UNKNOWN STEP	2026-10-02T10:33:44.8973207Z ^[[36;1mnproc^[[0m
Docker E2E	UNKNOWN STEP	2026-10-02T10:33:44.8973412Z ^[[36;1mfree -m^[[0m
Docker E2E	UNKNOWN STEP	2026-10-02T10:33:44.8973621Z ^[[36;1mdf -h / /tmp^[[0m
Docker E2E	UNKNOWN STEP	2026-10-02T10:33:44.8973865Z ^[[36;1mdocker stats --no-stream || true^[[0m
Docker E2E	UNKNOWN STEP	2026-10-02T10:33:44.8974164Z ^[[36;1mps aux --sort=-rss | head -15^[[0m
Docker E2E	UNKNOWN STEP	2026-10-02T10:33:44.8974462Z ^[[36;1msudo dmesg | tail -60 || true^[[0m
Docker E2E	UNKNOWN STEP	2026-10-02T10:33:44.8974867Z ^[[36;1msudo dmesg | grep -iE 'oom|killed process|segfault|sigbus|trap' || true^[[0m
Docker E2E	UNKNOWN STEP	2026-10-02T10:33:44.9037194Z shell: /usr/bin/bash -e {0}
Docker E2E	UNKNOWN STEP	2026-10-02T10:33:44.9037453Z env:
Docker E2E	UNKNOWN STEP	2026-10-02T10:33:44.9037639Z   REQUIRE_DOCKER: 1
Docker E2E	UNKNOWN STEP	2026-10-02T10:33:44.9037846Z   CC_FORK: false
Docker E2E	UNKNOWN STEP	2026-10-02T10:33:44.9038208Z   CC_TOKEN: ***
Docker E2E	UNKNOWN STEP	2026-10-02T10:33:44.9038412Z   CC_BRANCH: 
Docker E2E	UNKNOWN STEP	2026-10-02T10:33:44.9038602Z   CC_SHA: 
Docker E2E	UNKNOWN STEP	2026-10-02T10:33:44.9038785Z   CC_PR: 
Docker E2E	UNKNOWN STEP	2026-10-02T10:33:44.9038967Z ##[endgroup]
Docker E2E	UNKNOWN STEP	2026-10-02T10:33:44.9169684Z 4
Docker E2E	UNKNOWN STEP	2026-10-02T10:33:44.9187742Z                total        used        free      shared  buff/cache   available
Docker E2E	UNKNOWN STEP	2026-10-02T10:33:44.9188385Z Mem:           15989        1406        8315          88        6703       14583
Docker E2E	UNKNOWN STEP	2026-10-02T10:33:44.9188859Z Swap:           3071           0        3071
Docker E2E	UNKNOWN STEP	2026-10-02T10:33:44.9208839Z Filesystem      Size  Used Avail Use% Mounted on
Docker E2E	UNKNOWN STEP	2026-10-02T10:33:44.9209310Z /dev/root       145G   62G   83G  43% /
Docker E2E	UNKNOWN STEP	2026-10-02T10:33:44.9209861Z /dev/root       145G   62G   83G  43% /
Docker E2E	UNKNOWN STEP	2026-10-02T10:33:47.4476864Z CONTAINER ID   NAME              CPU %     MEM USAGE / LIMIT     MEM %     NET I/O           BLOCK I/O       PIDS
Docker E2E	UNKNOWN STEP	2026-10-02T10:33:47.4478562Z 524e62af27c3   docker-drupal-1   2.43%     96.12MiB / 15.61GiB   0.60%     42.2MB / 15.5MB   0B / 193MB      8
Docker E2E	UNKNOWN STEP	2026-10-02T10:33:47.4480257Z bcf0f9c61b63   docker-db-1       4.07%     145MiB / 15.61GiB     0.91%     8.9MB / 15.2MB    6.15MB / 38MB   17
Docker E2E	UNKNOWN STEP	2026-10-02T10:33:47.4625540Z USER         PID %CPU %MEM    VSZ   RSS TTY      STAT START   TIME COMMAND
Docker E2E	UNKNOWN STEP	2026-10-02T10:33:47.4627865Z 999         3353  1.9  1.0 8591466184 177324 ?   Ssl  10:32   0:01 mariadbd --character-set-server=utf8mb4 --collation-server=utf8mb4_general_ci --sql-mode=STRICT_TRANS_TABLES,NO_ENGINE_SUBSTITUTION
Docker E2E	UNKNOWN STEP	2026-10-02T10:33:47.4629974Z runner      2167  2.4  0.8 274762888 145136 ?    Sl   10:29   0:05 /home/runner/actions-runner/cached/2.337.0/bin/Runner.Worker spawnclient 142 145
Docker E2E	UNKNOWN STEP	2026-10-02T10:33:47.4631150Z root        2116  7.7  0.8 1431128 141908 ?      Sl   10:29   0:18 /tmp/provjobd971320836
Docker E2E	UNKNOWN STEP	2026-10-02T10:33:47.4632516Z root        1240 12.4  0.6 2603272 100976 ?      Ssl  10:29   0:31 /usr/bin/dockerd -H fd:// --containerd=/run/containerd/containerd.sock
Docker E2E	UNKNOWN STEP	2026-10-02T10:33:47.4634503Z runner      2148  0.6  0.6 274345208 98288 ?     Sl   10:29   0:01 /home/runner/actions-runner/cached/2.337.0/bin/Runner.Listener run
Docker E2E	UNKNOWN STEP	2026-10-02T10:33:47.4636196Z www-data    4481  1.0  0.4 233196 67412 ?        S    10:32   0:00 apache2 -DFOREGROUND
Docker E2E	UNKNOWN STEP	2026-10-02T10:33:47.4637964Z www-data    4482  0.1  0.3 226304 52300 ?        S    10:32   0:00 apache2 -DFOREGROUND
Docker E2E	UNKNOWN STEP	2026-10-02T10:33:47.4639633Z root        1013  0.0  0.3 295288 51776 ?        Ss   10:29   0:00 php-fpm: master process (/etc/php/8.3/fpm/php-fpm.conf)
Docker E2E	UNKNOWN STEP	2026-10-02T10:33:47.4641102Z root        1116  0.2  0.3 1961560 49720 ?       Ssl  10:29   0:00 /usr/bin/containerd
Docker E2E	UNKNOWN STEP	2026-10-02T10:33:47.4642499Z root         225  0.0  0.2 305388 43716 ?        SLsl 10:29   0:00 /sbin/multipathd -d -s
Docker E2E	UNKNOWN STEP	2026-10-02T10:33:47.4643618Z root        3601  0.0  0.2 223304 43652 ?        Ss   10:32   0:00 apache2 -DFOREGROUND
Docker E2E	UNKNOWN STEP	2026-10-02T10:33:47.4644619Z root        1389  0.3  0.2 454664 37792 ?        Sl   10:29   0:00 /usr/bin/python3 -u bin/WALinuxAgent-<ip>-py3.12.egg -run-exthandlers
Docker E2E	UNKNOWN STEP	2026-10-02T10:33:47.4645550Z root        1047  0.1  0.1  39492 30936 ?        Ss   10:29   0:00 /usr/bin/python3 -u /usr/sbin/waagent -daemon
Docker E2E	UNKNOWN STEP	2026-10-02T10:33:47.4646624Z www-data    1387  0.0  0.1 295892 21544 ?        S    10:29   0:00 php-fpm: pool www
Docker E2E	UNKNOWN STEP	2026-10-02T10:33:47.4736143Z [    9.524277] EXT4-fs (sda1): resized filesystem to 39059195
Docker E2E	UNKNOWN STEP	2026-10-02T10:33:47.4737694Z [    9.541453] ephemeral0: Can't lookup blockdev
Docker E2E	UNKNOWN STEP	2026-10-02T10:33:47.4738998Z [    9.600756] systemd-fstab-generator[967]: Checking was requested for "ephemeral0", but it is not a device.
Docker E2E	UNKNOWN STEP	2026-10-02T10:33:47.4740429Z [    9.600769] systemd-fstab-generator[967]: x-systemd.device-timeout ignored for ephemeral0
Docker E2E	UNKNOWN STEP	2026-10-02T10:33:47.4741431Z [   10.919853] ephemeral0: Can't lookup blockdev
Docker E2E	UNKNOWN STEP	2026-10-02T10:33:47.4742076Z [   11.101237] evm: overlay not supported
Docker E2E	UNKNOWN STEP	2026-10-02T10:33:47.4742768Z [   11.390241] loop0: detected capacity change from 0 to 8
Docker E2E	UNKNOWN STEP	2026-10-02T10:33:47.4743550Z [   11.419103] kauditd_printk_skb: 113 callbacks suppressed
Docker E2E	UNKNOWN STEP	2026-10-02T10:33:47.4745539Z [   11.419107] audit: type=1400 audit(1790936977.801:124): apparmor="STATUS" operation="profile_replace" info="same as current profile, skipping" profile="unconfined" name="rsyslogd" pid=1114 comm="apparmor_parser"
Docker E2E	UNKNOWN STEP	2026-10-02T10:33:47.4747640Z [   11.766211] systemd-journald[156]: /var/log/journal/<hex>/user-1001.journal: Journal file uses a different sequence number ID, rotating.
Docker E2E	UNKNOWN STEP	2026-10-02T10:33:47.4748610Z [   11.774319] Adding 3145724k swap on /swapfile.  Priority:-2 extents:109 across:59351036k 
Docker E2E	UNKNOWN STEP	2026-10-02T10:33:47.4749891Z [   11.860577] audit: type=1400 audit(1790936978.245:125): apparmor="STATUS" operation="profile_replace" info="same as current profile, skipping" profile="unconfined" name="/usr/lib/snapd/snap-confine" pid=1288 comm="apparmor_parser"
Docker E2E	UNKNOWN STEP	2026-10-02T10:33:47.4751390Z [   12.129998] audit: type=1400 audit(1790936978.514:126): apparmor="STATUS" operation="profile_load" profile="unconfined" name="docker-default" pid=1513 comm="apparmor_parser"
Docker E2E	UNKNOWN STEP	2026-10-02T10:33:47.4752151Z [   12.490562] Initializing XFRM netlink socket
Docker E2E	UNKNOWN STEP	2026-10-02T10:33:47.4752954Z [   12.691623] bridge: filtering via arp/ip/ip6tables is no longer available by default. Update your scripts to load br_netfilter if you need this.
Docker E2E	UNKNOWN STEP	2026-10-02T10:33:47.4753901Z [   13.135498] systemd-fstab-generator[1827]: Checking was requested for "ephemeral0", but it is not a device.
Docker E2E	UNKNOWN STEP	2026-10-02T10:33:47.4754663Z [   13.135511] systemd-fstab-generator[1827]: x-systemd.device-timeout ignored for ephemeral0
Docker E2E	UNKNOWN STEP	2026-10-02T10:33:47.4755459Z [   15.840034] workqueue: drm_fb_helper_damage_work hogged CPU for >10000us 11 times, consider switching to WQ_UNBOUND
Docker E2E	UNKNOWN STEP	2026-10-02T10:33:47.4756172Z [   20.756141] hv_netvsc <uuid> eth0: VF slot 1 added
Docker E2E	UNKNOWN STEP	2026-10-02T10:33:47.4757140Z [   20.761156] hv_pci <uuid>: PCI VMBus probing: Using version 0x10004
Docker E2E	UNKNOWN STEP	2026-10-02T10:33:47.4757833Z [   20.766801] hv_pci <uuid>: PCI host bridge to bus dfce:00
Docker E2E	UNKNOWN STEP	2026-10-02T10:33:47.4758464Z [   20.766807] pci_bus dfce:00: root bus resource [mem 0xfc0000000-0xfc00fffff window]
Docker E2E	UNKNOWN STEP	2026-10-02T10:33:47.4759075Z [   20.766812] pci_bus dfce:00: No busn resource found for root bus, will use [bus 00-ff]
Docker E2E	UNKNOWN STEP	2026-10-02T10:33:47.4759674Z [   20.770099] pci dfce:00:02.0: [15b3:1016] type 00 class 0x020000 PCIe Endpoint
Docker E2E	UNKNOWN STEP	2026-10-02T10:33:47.4760232Z [   20.774697] pci dfce:00:02.0: BAR 0 [mem 0xfc0000000-0xfc00fffff 64bit pref]
Docker E2E	UNKNOWN STEP	2026-10-02T10:33:47.4760701Z [   20.775607] pci dfce:00:02.0: enabling Extended Tags
Docker E2E	UNKNOWN STEP	2026-10-02T10:33:47.4761529Z [   20.783724] pci dfce:00:02.0: 0.000 Gb/s available PCIe bandwidth, limited by Unknown x0 link at dfce:00:02.0 (capable of 63.008 Gb/s with 8.0 GT/s PCIe x8 link)
Docker E2E	UNKNOWN STEP	2026-10-02T10:33:47.4762516Z [   20.790890] pci_bus dfce:00: busn_res: [bus 00-ff] end is updated to 00
Docker E2E	UNKNOWN STEP	2026-10-02T10:33:47.4763090Z [   20.790902] pci dfce:00:02.0: BAR 0 [mem 0xfc0000000-0xfc00fffff 64bit pref]: assigned
Docker E2E	UNKNOWN STEP	2026-10-02T10:33:47.4763630Z [   21.099748] mlx5_core dfce:00:02.0: enabling device (0000 -> 0002)
Docker E2E	UNKNOWN STEP	2026-10-02T10:33:47.4764123Z [   21.103504] mlx5_core dfce:00:02.0: firmware version: 14.30.5032
Docker E2E	UNKNOWN STEP	2026-10-02T10:33:47.4764756Z [   21.239746] mlx5_core dfce:00:02.0: Flow counters bulk query buffer size increased, bulk_query_len(8)
Docker E2E	UNKNOWN STEP	2026-10-02T10:33:47.4765570Z [   21.317496] hv_netvsc <uuid> eth0: VF registering: eth1
Docker E2E	UNKNOWN STEP	2026-10-02T10:33:47.4766104Z [   21.317546] mlx5_core dfce:00:02.0 eth1: joined to eth0
Docker E2E	UNKNOWN STEP	2026-10-02T10:33:47.4767061Z [   21.318582] mlx5_core dfce:00:02.0: MLX5E: StrdRq(0) RqSz(1024) StrdSz(256) RxCqeCmprss(0 basic)
Docker E2E	UNKNOWN STEP	2026-10-02T10:33:47.4767640Z [   21.337613] mlx5_core dfce:00:02.0 enP57294s1: renamed from eth1
Docker E2E	UNKNOWN STEP	2026-10-02T10:33:47.4768024Z [   21.370486] MACsec IEEE 802.1AE
Docker E2E	UNKNOWN STEP	2026-10-02T10:33:47.4768386Z [   21.481755] mlx5_core dfce:00:02.0 enP57294s1: Link up
Docker E2E	UNKNOWN STEP	2026-10-02T10:33:47.4768995Z [   21.511691] hv_netvsc <uuid> eth0: Data path switched to VF: enP57294s1
Docker E2E	UNKNOWN STEP	2026-10-02T10:33:47.4769600Z [   21.511915] mlx5_core dfce:00:02.0 mlx5_0: Port: 1 Link ACTIVE
Docker E2E	UNKNOWN STEP	2026-10-02T10:33:47.4770265Z [   23.216436] systemd-fstab-generator[2024]: Checking was requested for "ephemeral0", but it is not a device.
Docker E2E	UNKNOWN STEP	2026-10-02T10:33:47.4771026Z [   23.216448] systemd-fstab-generator[2024]: x-systemd.device-timeout ignored for ephemeral0
Docker E2E	UNKNOWN STEP	2026-10-02T10:33:47.4771799Z [   23.470472] systemd-fstab-generator[2076]: Checking was requested for "ephemeral0", but it is not a device.
Docker E2E	UNKNOWN STEP	2026-10-02T10:33:47.4772542Z [   23.470486] systemd-fstab-generator[2076]: x-systemd.device-timeout ignored for ephemeral0
Docker E2E	UNKNOWN STEP	2026-10-02T10:33:47.4773487Z [   34.277724] overlayfs: lowerdir is in-use as upperdir/workdir of another mount, accessing files from both mounts will result in undefined behavior.
Docker E2E	UNKNOWN STEP	2026-10-02T10:33:47.4774226Z [   49.332051] hv_balloon: Max. dynamic memory size: 16384 MB
Docker E2E	UNKNOWN STEP	2026-10-02T10:33:47.4774717Z [  160.765012] br-5967a4bb3d3e: port 1(vethec20f64) entered blocking state
Docker E2E	UNKNOWN STEP	2026-10-02T10:33:47.4775264Z [  160.765019] br-5967a4bb3d3e: port 1(vethec20f64) entered disabled state
Docker E2E	UNKNOWN STEP	2026-10-02T10:33:47.4775739Z [  160.765028] vethec20f64: entered allmulticast mode
Docker E2E	UNKNOWN STEP	2026-10-02T10:33:47.4776139Z [  160.765169] vethec20f64: entered promiscuous mode
Docker E2E	UNKNOWN STEP	2026-10-02T10:33:47.4777029Z [  160.788800] eth0: renamed from vethc8ce4c1
Docker E2E	UNKNOWN STEP	2026-10-02T10:33:47.4777503Z [  160.789451] br-5967a4bb3d3e: port 1(vethec20f64) entered blocking state
Docker E2E	UNKNOWN STEP	2026-10-02T10:33:47.4778047Z [  160.789458] br-5967a4bb3d3e: port 1(vethec20f64) entered forwarding state
Docker E2E	UNKNOWN STEP	2026-10-02T10:33:47.4778590Z [  164.411710] br-5967a4bb3d3e: port 2(vethf43019c) entered blocking state
Docker E2E	UNKNOWN STEP	2026-10-02T10:33:47.4779107Z [  164.411718] br-5967a4bb3d3e: port 2(vethf43019c) entered disabled state
Docker E2E	UNKNOWN STEP	2026-10-02T10:33:47.4779559Z [  164.411729] vethf43019c: entered allmulticast mode
Docker E2E	UNKNOWN STEP	2026-10-02T10:33:47.4779942Z [  164.411817] vethf43019c: entered promiscuous mode
Docker E2E	UNKNOWN STEP	2026-10-02T10:33:47.4780305Z [  164.437283] eth0: renamed from vethaf9e189
Docker E2E	UNKNOWN STEP	2026-10-02T10:33:47.4780750Z [  164.437870] br-5967a4bb3d3e: port 2(vethf43019c) entered blocking state
Docker E2E	UNKNOWN STEP	2026-10-02T10:33:47.4781283Z [  164.437876] br-5967a4bb3d3e: port 2(vethf43019c) entered forwarding state
Docker E2E	UNKNOWN STEP	2026-10-02T10:33:47.4875134Z ##[group]Run docker compose -f docker/compose.yml down -v --remove-orphans
Docker E2E	UNKNOWN STEP	2026-10-02T10:33:47.4875685Z ^[[36;1mdocker compose -f docker/compose.yml down -v --remove-orphans^[[0m
Docker E2E	UNKNOWN STEP	2026-10-02T10:33:47.4937469Z shell: /usr/bin/bash -e {0}
Docker E2E	UNKNOWN STEP	2026-10-02T10:33:47.4937718Z env:
Docker E2E	UNKNOWN STEP	2026-10-02T10:33:47.4937905Z   REQUIRE_DOCKER: 1
Docker E2E	UNKNOWN STEP	2026-10-02T10:33:47.4938114Z   CC_FORK: false
Docker E2E	UNKNOWN STEP	2026-10-02T10:33:47.4938462Z   CC_TOKEN: ***
Docker E2E	UNKNOWN STEP	2026-10-02T10:33:47.4938656Z   CC_BRANCH: 
Docker E2E	UNKNOWN STEP	2026-10-02T10:33:47.4938835Z   CC_SHA: 
Docker E2E	UNKNOWN STEP	2026-10-02T10:33:47.4939007Z   CC_PR: 
Docker E2E	UNKNOWN STEP	2026-10-02T10:33:47.4939366Z ##[endgroup]
Docker E2E	UNKNOWN STEP	2026-10-02T10:33:47.5720521Z  Container docker-drupal-1  Stopping
Docker E2E	UNKNOWN STEP	2026-10-02T10:33:48.7766064Z  Container docker-drupal-1  Stopped
Docker E2E	UNKNOWN STEP	2026-10-02T10:33:48.7766995Z  Container docker-drupal-1  Removing
Docker E2E	UNKNOWN STEP	2026-10-02T10:33:49.0789046Z  Container docker-drupal-1  Removed
Docker E2E	UNKNOWN STEP	2026-10-02T10:33:49.0789676Z  Container docker-db-1  Stopping
Docker E2E	UNKNOWN STEP	2026-10-02T10:33:49.2433150Z  Container docker-db-1  Stopped
Docker E2E	UNKNOWN STEP	2026-10-02T10:33:49.2435639Z  Container docker-db-1  Removing
Docker E2E	UNKNOWN STEP	2026-10-02T10:33:49.2878277Z  Container docker-db-1  Removed
Docker E2E	UNKNOWN STEP	2026-10-02T10:33:49.2885875Z  Network docker_default  Removing
Docker E2E	UNKNOWN STEP	2026-10-02T10:33:49.3774901Z  Network docker_default  Removed
Docker E2E	UNKNOWN STEP	2026-10-02T10:33:49.3911932Z Post job cleanup.
Docker E2E	UNKNOWN STEP	2026-10-02T10:33:49.4793046Z [command]/usr/bin/git version
Docker E2E	UNKNOWN STEP	2026-10-02T10:33:49.4840884Z git version 2.55.0
Docker E2E	UNKNOWN STEP	2026-10-02T10:33:49.4882388Z Copying '/home/runner/.gitconfig' to '/home/runner/work/_temp/<uuid>/.gitconfig'
Docker E2E	UNKNOWN STEP	2026-10-02T10:33:49.4894461Z Temporarily overriding HOME='/home/runner/work/_temp/<uuid>' before making global git config changes
Docker E2E	UNKNOWN STEP	2026-10-02T10:33:49.4896031Z Adding repository directory to the temporary git global config as a safe directory
Docker E2E	UNKNOWN STEP	2026-10-02T10:33:49.4900208Z [command]/usr/bin/git config --global --add safe.directory /home/runner/work/drangler/drangler
Docker E2E	UNKNOWN STEP	2026-10-02T10:33:49.4936028Z Removing SSH command configuration
Docker E2E	UNKNOWN STEP	2026-10-02T10:33:49.4944246Z [command]/usr/bin/git config --local --name-only --get-regexp core\.sshCommand
Docker E2E	UNKNOWN STEP	2026-10-02T10:33:49.4984456Z [command]/usr/bin/git submodule foreach --recursive sh -c "git config --local --name-only --get-regexp 'core\.sshCommand' && git config --local --unset-all 'core.sshCommand' || :"
Docker E2E	UNKNOWN STEP	2026-10-02T10:33:49.5236613Z Removing HTTP extra header
Docker E2E	UNKNOWN STEP	2026-10-02T10:33:49.5242891Z [command]/usr/bin/git config --local --name-only --get-regexp http\.https\:\/\/github\.com\/\.extraheader
Docker E2E	UNKNOWN STEP	2026-10-02T10:33:49.5292626Z [command]/usr/bin/git submodule foreach --recursive sh -c "git config --local --name-only --get-regexp 'http\.https\:\/\/github\.com\/\.extraheader' && git config --local --unset-all 'http.https://github.com/.extraheader' || :"
Docker E2E	UNKNOWN STEP	2026-10-02T10:33:49.5549627Z Removing includeIf entries pointing to credentials config files
Docker E2E	UNKNOWN STEP	2026-10-02T10:33:49.5558776Z [command]/usr/bin/git config --local --name-only --get-regexp ^includeIf\.gitdir:
Docker E2E	UNKNOWN STEP	2026-10-02T10:33:49.5596094Z includeif.gitdir:/home/runner/work/drangler/drangler/.git.path
Docker E2E	UNKNOWN STEP	2026-10-02T10:33:49.5597656Z includeif.gitdir:/home/runner/work/drangler/drangler/.git/worktrees/*.path
Docker E2E	UNKNOWN STEP	2026-10-02T10:33:49.5598937Z includeif.gitdir:/github/workspace/.git.path
Docker E2E	UNKNOWN STEP	2026-10-02T10:33:49.5600301Z includeif.gitdir:/github/workspace/.git/worktrees/*.path
Docker E2E	UNKNOWN STEP	2026-10-02T10:33:49.5607352Z [command]/usr/bin/git config --local --get-all includeif.gitdir:/home/runner/work/drangler/drangler/.git.path
Docker E2E	UNKNOWN STEP	2026-10-02T10:33:49.5661557Z /home/runner/work/_temp/git-credentials-<uuid>.config
Docker E2E	UNKNOWN STEP	2026-10-02T10:33:49.5665327Z [command]/usr/bin/git config --local --unset includeif.gitdir:/home/runner/work/drangler/drangler/.git.path \/home\/runner\/work\/_temp\/git\-credentials\-<uuid>\.config
Docker E2E	UNKNOWN STEP	2026-10-02T10:33:49.5727085Z [command]/usr/bin/git config --local --get-all includeif.gitdir:/home/runner/work/drangler/drangler/.git/worktrees/*.path
Docker E2E	UNKNOWN STEP	2026-10-02T10:33:49.5754926Z /home/runner/work/_temp/git-credentials-<uuid>.config
Docker E2E	UNKNOWN STEP	2026-10-02T10:33:49.5765158Z [command]/usr/bin/git config --local --unset includeif.gitdir:/home/runner/work/drangler/drangler/.git/worktrees/*.path \/home\/runner\/work\/_temp\/git\-credentials\-<uuid>\.config
Docker E2E	UNKNOWN STEP	2026-10-02T10:33:49.5815275Z [command]/usr/bin/git config --local --get-all includeif.gitdir:/github/workspace/.git.path
Docker E2E	UNKNOWN STEP	2026-10-02T10:33:49.5844360Z /github/runner_temp/git-credentials-<uuid>.config
Docker E2E	UNKNOWN STEP	2026-10-02T10:33:49.5852383Z [command]/usr/bin/git config --local --unset includeif.gitdir:/github/workspace/.git.path \/github\/runner_temp\/git\-credentials\-<uuid>\.config
Docker E2E	UNKNOWN STEP	2026-10-02T10:33:49.5890979Z [command]/usr/bin/git config --local --get-all includeif.gitdir:/github/workspace/.git/worktrees/*.path
Docker E2E	UNKNOWN STEP	2026-10-02T10:33:49.5917458Z /github/runner_temp/git-credentials-<uuid>.config
Docker E2E	UNKNOWN STEP	2026-10-02T10:33:49.5927737Z [command]/usr/bin/git config --local --unset includeif.gitdir:/github/workspace/.git/worktrees/*.path \/github\/runner_temp\/git\-credentials\-<uuid>\.config
Docker E2E	UNKNOWN STEP	2026-10-02T10:33:49.5968121Z [command]/usr/bin/git submodule foreach --recursive git config --local --show-origin --name-only --get-regexp remote.origin.url
Docker E2E	UNKNOWN STEP	2026-10-02T10:33:49.6191276Z Removing credentials config '/home/runner/work/_temp/git-credentials-<uuid>.config'
Docker E2E	UNKNOWN STEP	2026-10-02T10:33:49.6338709Z Cleaning up orphan processes
Broken VPS	UNKNOWN STEP	2026-10-02T10:30:01.4185889Z Current runner version: '2.337.0'
Broken VPS	UNKNOWN STEP	2026-10-02T10:30:01.4212226Z ##[group]Runner Image Provisioner
Broken VPS	UNKNOWN STEP	2026-10-02T10:30:01.4213176Z Hosted Compute Agent
Broken VPS	UNKNOWN STEP	2026-10-02T10:30:01.4213766Z Version: 20260901.588
Broken VPS	UNKNOWN STEP	2026-10-02T10:30:01.4214464Z Commit: <hex>
Broken VPS	UNKNOWN STEP	2026-10-02T10:30:01.4215211Z Build Date: 2026-09-01T19:56:44Z
Broken VPS	UNKNOWN STEP	2026-10-02T10:30:01.4215912Z Worker ID: {<uuid>}
Broken VPS	UNKNOWN STEP	2026-10-02T10:30:01.4216708Z Azure Region: northcentralus
Broken VPS	UNKNOWN STEP	2026-10-02T10:30:01.4217323Z ##[endgroup]
Broken VPS	UNKNOWN STEP	2026-10-02T10:30:01.4218926Z ##[group]Operating System
Broken VPS	UNKNOWN STEP	2026-10-02T10:30:01.4219583Z Ubuntu
Broken VPS	UNKNOWN STEP	2026-10-02T10:30:01.4220107Z 24.04.5
Broken VPS	UNKNOWN STEP	2026-10-02T10:30:01.4220975Z LTS
Broken VPS	UNKNOWN STEP	2026-10-02T10:30:01.4221629Z ##[endgroup]
Broken VPS	UNKNOWN STEP	2026-10-02T10:30:01.4222201Z ##[group]Runner Image
Broken VPS	UNKNOWN STEP	2026-10-02T10:30:01.4222980Z Image: ubuntu-24.04
Broken VPS	UNKNOWN STEP	2026-10-02T10:30:01.4223547Z Version: 20260927.320.1
Broken VPS	UNKNOWN STEP	2026-10-02T10:30:01.4224821Z Included Software: https://github.com/actions/runner-images/blob/ubuntu24/20260927.320/images/ubuntu/Ubuntu2404-Readme.md
Broken VPS	UNKNOWN STEP	2026-10-02T10:30:01.4226394Z Image Release: https://github.com/actions/runner-images/releases/tag/ubuntu24%2F20260927.320
Broken VPS	UNKNOWN STEP	2026-10-02T10:30:01.4227456Z ##[endgroup]
Broken VPS	UNKNOWN STEP	2026-10-02T10:30:01.4228507Z ##[group]GITHUB_TOKEN Permissions
Broken VPS	UNKNOWN STEP	2026-10-02T10:30:01.4231029Z Contents: read
Broken VPS	UNKNOWN STEP	2026-10-02T10:30:01.4232323Z Metadata: read
Broken VPS	UNKNOWN STEP	2026-10-02T10:30:01.4232932Z ##[endgroup]
Broken VPS	UNKNOWN STEP	2026-10-02T10:30:01.4234997Z Secret source: Actions
Broken VPS	UNKNOWN STEP	2026-10-02T10:30:01.4236074Z Cache mode: write
Broken VPS	UNKNOWN STEP	2026-10-02T10:30:01.4237001Z Prepare workflow directory
Broken VPS	UNKNOWN STEP	2026-10-02T10:30:01.4630008Z Prepare all required actions
Broken VPS	UNKNOWN STEP	2026-10-02T10:30:01.4677893Z Getting action download info
Broken VPS	UNKNOWN STEP	2026-10-02T10:30:01.7477670Z Download action repository 'actions/checkout@v7' (SHA:<hex>)
Broken VPS	UNKNOWN STEP	2026-10-02T10:30:01.8484991Z Download action repository 'oven-sh/setup-bun@v2' (SHA:<hex>)
Broken VPS	UNKNOWN STEP	2026-10-02T10:30:02.2476511Z Complete job name: Broken VPS
Broken VPS	UNKNOWN STEP	2026-10-02T10:30:02.3238214Z ##[group]Run actions/checkout@v7
Broken VPS	UNKNOWN STEP	2026-10-02T10:30:02.3239207Z with:
Broken VPS	UNKNOWN STEP	2026-10-02T10:30:02.3239660Z   repository: <org>/drangler
Broken VPS	UNKNOWN STEP	2026-10-02T10:30:02.3243558Z   token: ***
Broken VPS	UNKNOWN STEP	2026-10-02T10:30:02.3244001Z   ssh-strict: true
Broken VPS	UNKNOWN STEP	2026-10-02T10:30:02.3244442Z   ssh-user: git
Broken VPS	UNKNOWN STEP	2026-10-02T10:30:02.3244878Z   persist-credentials: true
Broken VPS	UNKNOWN STEP	2026-10-02T10:30:02.3245362Z   clean: true
Broken VPS	UNKNOWN STEP	2026-10-02T10:30:02.3245811Z   sparse-checkout-cone-mode: true
Broken VPS	UNKNOWN STEP	2026-10-02T10:30:02.3246342Z   fetch-depth: 1
Broken VPS	UNKNOWN STEP	2026-10-02T10:30:02.3246766Z   fetch-tags: false
Broken VPS	UNKNOWN STEP	2026-10-02T10:30:02.3247194Z   show-progress: true
Broken VPS	UNKNOWN STEP	2026-10-02T10:30:02.3247628Z   lfs: false
Broken VPS	UNKNOWN STEP	2026-10-02T10:30:02.3248038Z   submodules: false
Broken VPS	UNKNOWN STEP	2026-10-02T10:30:02.3248472Z   set-safe-directory: true
Broken VPS	UNKNOWN STEP	2026-10-02T10:30:02.3248964Z   allow-unsafe-pr-checkout: false
Broken VPS	UNKNOWN STEP	2026-10-02T10:30:02.3249721Z env:
Broken VPS	UNKNOWN STEP	2026-10-02T10:30:02.3250124Z   REQUIRE_DOCKER: 1
Broken VPS	UNKNOWN STEP	2026-10-02T10:30:02.3250563Z   REQUIRE_BROKEN: 1
Broken VPS	UNKNOWN STEP	2026-10-02T10:30:02.3251232Z ##[endgroup]
Broken VPS	UNKNOWN STEP	2026-10-02T10:30:02.4330448Z Syncing repository: <org>/drangler
Broken VPS	UNKNOWN STEP	2026-10-02T10:30:02.4333291Z ##[group]Getting Git version info
Broken VPS	UNKNOWN STEP	2026-10-02T10:30:02.4334428Z Working directory is '/home/runner/work/drangler/drangler'
Broken VPS	UNKNOWN STEP	2026-10-02T10:30:02.4336042Z [command]/usr/bin/git version
Broken VPS	UNKNOWN STEP	2026-10-02T10:30:02.4422254Z git version 2.55.0
Broken VPS	UNKNOWN STEP	2026-10-02T10:30:02.4447220Z ##[endgroup]
Broken VPS	UNKNOWN STEP	2026-10-02T10:30:02.4461831Z Temporarily overriding HOME='/home/runner/work/_temp/<uuid>' before making global git config changes
Broken VPS	UNKNOWN STEP	2026-10-02T10:30:02.4464580Z Adding repository directory to the temporary git global config as a safe directory
Broken VPS	UNKNOWN STEP	2026-10-02T10:30:02.4469491Z [command]/usr/bin/git config --global --add safe.directory /home/runner/work/drangler/drangler
Broken VPS	UNKNOWN STEP	2026-10-02T10:30:02.4527625Z Deleting the contents of '/home/runner/work/drangler/drangler'
Broken VPS	UNKNOWN STEP	2026-10-02T10:30:02.4532755Z ##[group]Determining repository object format
Broken VPS	UNKNOWN STEP	2026-10-02T10:30:02.4550196Z ##[endgroup]
Broken VPS	UNKNOWN STEP	2026-10-02T10:30:02.4553269Z ##[group]Initializing the repository
Broken VPS	UNKNOWN STEP	2026-10-02T10:30:02.4554495Z [command]/usr/bin/git init /home/runner/work/drangler/drangler
Broken VPS	UNKNOWN STEP	2026-10-02T10:30:02.4661381Z hint: Using 'master' as the name for the initial branch. This default branch name
Broken VPS	UNKNOWN STEP	2026-10-02T10:30:02.4663719Z hint: will change to "main" in Git 3.0. To configure the initial branch name
Broken VPS	UNKNOWN STEP	2026-10-02T10:30:02.4665749Z hint: to use in all of your new repositories, which will suppress this warning,
Broken VPS	UNKNOWN STEP	2026-10-02T10:30:02.4667345Z hint: call:
Broken VPS	UNKNOWN STEP	2026-10-02T10:30:02.4668245Z hint:
Broken VPS	UNKNOWN STEP	2026-10-02T10:30:02.4669337Z hint: 	git config --global init.defaultBranch <name>
Broken VPS	UNKNOWN STEP	2026-10-02T10:30:02.4671048Z hint:
Broken VPS	UNKNOWN STEP	2026-10-02T10:30:02.4672411Z hint: Names commonly chosen instead of 'master' are 'main', 'trunk' and
Broken VPS	UNKNOWN STEP	2026-10-02T10:30:02.4674412Z hint: 'development'. The just-created branch can be renamed via this command:
Broken VPS	UNKNOWN STEP	2026-10-02T10:30:02.4676248Z hint:
Broken VPS	UNKNOWN STEP	2026-10-02T10:30:02.4677317Z hint: 	git branch -m <name>
Broken VPS	UNKNOWN STEP	2026-10-02T10:30:02.4678464Z hint:
Broken VPS	UNKNOWN STEP	2026-10-02T10:30:02.4679833Z hint: Disable this message with "git config set advice.defaultBranchName false"
Broken VPS	UNKNOWN STEP	2026-10-02T10:30:02.4682147Z Initialized empty Git repository in /home/runner/work/drangler/drangler/.git/
Broken VPS	UNKNOWN STEP	2026-10-02T10:30:02.4685988Z [command]/usr/bin/git remote add origin https://github.com/<org>/drangler
Broken VPS	UNKNOWN STEP	2026-10-02T10:30:02.4735007Z ##[endgroup]
Broken VPS	UNKNOWN STEP	2026-10-02T10:30:02.4736479Z ##[group]Disabling automatic garbage collection
Broken VPS	UNKNOWN STEP	2026-10-02T10:30:02.4740168Z [command]/usr/bin/git config --local gc.auto 0
Broken VPS	UNKNOWN STEP	2026-10-02T10:30:02.4776064Z ##[endgroup]
Broken VPS	UNKNOWN STEP	2026-10-02T10:30:02.4782269Z ##[group]Setting up auth
Broken VPS	UNKNOWN STEP	2026-10-02T10:30:02.4783552Z Removing SSH command configuration
Broken VPS	UNKNOWN STEP	2026-10-02T10:30:02.4793289Z [command]/usr/bin/git config --local --name-only --get-regexp core\.sshCommand
Broken VPS	UNKNOWN STEP	2026-10-02T10:30:02.4833477Z [command]/usr/bin/git submodule foreach --recursive sh -c "git config --local --name-only --get-regexp 'core\.sshCommand' && git config --local --unset-all 'core.sshCommand' || :"
Broken VPS	UNKNOWN STEP	2026-10-02T10:30:02.5276070Z Removing HTTP extra header
Broken VPS	UNKNOWN STEP	2026-10-02T10:30:02.5277517Z [command]/usr/bin/git config --local --name-only --get-regexp http\.https\:\/\/github\.com\/\.extraheader
Broken VPS	UNKNOWN STEP	2026-10-02T10:30:02.5333504Z [command]/usr/bin/git submodule foreach --recursive sh -c "git config --local --name-only --get-regexp 'http\.https\:\/\/github\.com\/\.extraheader' && git config --local --unset-all 'http.https://github.com/.extraheader' || :"
Broken VPS	UNKNOWN STEP	2026-10-02T10:30:02.5574867Z Removing includeIf entries pointing to credentials config files
Broken VPS	UNKNOWN STEP	2026-10-02T10:30:02.5580439Z [command]/usr/bin/git config --local --name-only --get-regexp ^includeIf\.gitdir:
Broken VPS	UNKNOWN STEP	2026-10-02T10:30:02.5616672Z [command]/usr/bin/git submodule foreach --recursive git config --local --show-origin --name-only --get-regexp remote.origin.url
Broken VPS	UNKNOWN STEP	2026-10-02T10:30:02.5861496Z [command]/usr/bin/git config --file /home/runner/work/_temp/git-credentials-<uuid>.config http.https://github.com/.extraheader AUTHORIZATION: basic ***
Broken VPS	UNKNOWN STEP	2026-10-02T10:30:02.5905367Z [command]/usr/bin/git config --local includeIf.gitdir:/home/runner/work/drangler/drangler/.git.path /home/runner/work/_temp/git-credentials-<uuid>.config
Broken VPS	UNKNOWN STEP	2026-10-02T10:30:02.5941534Z [command]/usr/bin/git config --local includeIf.gitdir:/home/runner/work/drangler/drangler/.git/worktrees/*.path /home/runner/work/_temp/git-credentials-<uuid>.config
Broken VPS	UNKNOWN STEP	2026-10-02T10:30:02.5981664Z [command]/usr/bin/git config --local includeIf.gitdir:/github/workspace/.git.path /github/runner_temp/git-credentials-<uuid>.config
Broken VPS	UNKNOWN STEP	2026-10-02T10:30:02.6019011Z [command]/usr/bin/git config --local includeIf.gitdir:/github/workspace/.git/worktrees/*.path /github/runner_temp/git-credentials-<uuid>.config
Broken VPS	UNKNOWN STEP	2026-10-02T10:30:02.6050460Z ##[endgroup]
Broken VPS	UNKNOWN STEP	2026-10-02T10:30:02.6057167Z ##[group]Fetching the repository
Broken VPS	UNKNOWN STEP	2026-10-02T10:30:02.6058515Z [command]/usr/bin/git -c protocol.version=2 fetch --no-tags --prune --no-recurse-submodules --depth=1 origin +df6dce4b00d66439e0c1258c862da36342a7488a:refs/remotes/origin/master
Broken VPS	UNKNOWN STEP	2026-10-02T10:30:03.0669429Z From https://github.com/<org>/drangler
Broken VPS	UNKNOWN STEP	2026-10-02T10:30:03.0672071Z  * [new ref]         df6dce4b00d66439e0c1258c862da36342a7488a -> origin/master
Broken VPS	UNKNOWN STEP	2026-10-02T10:30:03.0680408Z [command]/usr/bin/git branch --list --remote origin/master
Broken VPS	UNKNOWN STEP	2026-10-02T10:30:03.0713448Z   origin/master
Broken VPS	UNKNOWN STEP	2026-10-02T10:30:03.0724440Z [command]/usr/bin/git rev-parse refs/remotes/origin/master
Broken VPS	UNKNOWN STEP	2026-10-02T10:30:03.0755062Z df6dce4b00d66439e0c1258c862da36342a7488a
Broken VPS	UNKNOWN STEP	2026-10-02T10:30:03.0764393Z ##[endgroup]
Broken VPS	UNKNOWN STEP	2026-10-02T10:30:03.0765584Z ##[group]Determining the checkout info
Broken VPS	UNKNOWN STEP	2026-10-02T10:30:03.0766934Z ##[endgroup]
Broken VPS	UNKNOWN STEP	2026-10-02T10:30:03.0767505Z [command]/usr/bin/git sparse-checkout disable
Broken VPS	UNKNOWN STEP	2026-10-02T10:30:03.0831323Z [command]/usr/bin/git config --local --unset-all extensions.worktreeConfig
Broken VPS	UNKNOWN STEP	2026-10-02T10:30:03.0870322Z ##[group]Checking out the ref
Broken VPS	UNKNOWN STEP	2026-10-02T10:30:03.0875114Z [command]/usr/bin/git checkout --progress --force -B master refs/remotes/origin/master
Broken VPS	UNKNOWN STEP	2026-10-02T10:30:03.1078746Z Reset branch 'master'
Broken VPS	UNKNOWN STEP	2026-10-02T10:30:03.1085392Z branch 'master' set up to track 'origin/master'.
Broken VPS	UNKNOWN STEP	2026-10-02T10:30:03.1093904Z ##[endgroup]
Broken VPS	UNKNOWN STEP	2026-10-02T10:30:03.1142176Z [command]/usr/bin/git log -1 --format=%H
Broken VPS	UNKNOWN STEP	2026-10-02T10:30:03.1172753Z df6dce4b00d66439e0c1258c862da36342a7488a
Broken VPS	UNKNOWN STEP	2026-10-02T10:30:03.1532550Z ##[group]Run oven-sh/setup-bun@v2
Broken VPS	UNKNOWN STEP	2026-10-02T10:30:03.1533866Z with:
Broken VPS	UNKNOWN STEP	2026-10-02T10:30:03.1534833Z   bun-version: latest
Broken VPS	UNKNOWN STEP	2026-10-02T10:30:03.1535909Z   no-cache: false
Broken VPS	UNKNOWN STEP	2026-10-02T10:30:03.1546374Z   token: ***
Broken VPS	UNKNOWN STEP	2026-10-02T10:30:03.1547358Z env:
Broken VPS	UNKNOWN STEP	2026-10-02T10:30:03.1548283Z   REQUIRE_DOCKER: 1
Broken VPS	UNKNOWN STEP	2026-10-02T10:30:03.1549322Z   REQUIRE_BROKEN: 1
Broken VPS	UNKNOWN STEP	2026-10-02T10:30:03.1550343Z ##[endgroup]
Broken VPS	UNKNOWN STEP	2026-10-02T10:30:03.6818372Z Downloading a new version of Bun: https://github.com/oven-sh/bun/releases/download/bun-v1.4.2/bun-linux-x64.zip
Broken VPS	UNKNOWN STEP	2026-10-02T10:30:03.9543995Z [command]/usr/bin/unzip -o -q /home/runner/work/_temp/<uuid>.zip
Broken VPS	UNKNOWN STEP	2026-10-02T10:30:04.6126354Z [command]/home/runner/.bun/bin/bun --revision
Broken VPS	UNKNOWN STEP	2026-10-02T10:30:04.6178308Z 1.4.2+744846f84
Broken VPS	UNKNOWN STEP	2026-10-02T10:30:04.6436018Z ##[group]Run bun install --frozen-lockfile
Broken VPS	UNKNOWN STEP	2026-10-02T10:30:04.6436507Z ^[[36;1mbun install --frozen-lockfile^[[0m
Broken VPS	UNKNOWN STEP	2026-10-02T10:30:04.6704412Z shell: /usr/bin/bash -e {0}
Broken VPS	UNKNOWN STEP	2026-10-02T10:30:04.6704714Z env:
Broken VPS	UNKNOWN STEP	2026-10-02T10:30:04.6704925Z   REQUIRE_DOCKER: 1
Broken VPS	UNKNOWN STEP	2026-10-02T10:30:04.6705160Z   REQUIRE_BROKEN: 1
Broken VPS	UNKNOWN STEP	2026-10-02T10:30:04.6705388Z ##[endgroup]
Broken VPS	UNKNOWN STEP	2026-10-02T10:30:04.6833098Z bun install v1.4.2 (744846f84)
Broken VPS	UNKNOWN STEP	2026-10-02T10:30:05.5992037Z 
Broken VPS	UNKNOWN STEP	2026-10-02T10:30:05.5992634Z $ husky
Broken VPS	UNKNOWN STEP	2026-10-02T10:30:05.6434718Z 
Broken VPS	UNKNOWN STEP	2026-10-02T10:30:05.6435130Z + @cloudflare/workers-types@5.20260815.1
Broken VPS	UNKNOWN STEP	2026-10-02T10:30:05.6435704Z + @types/node@26.2.0
Broken VPS	UNKNOWN STEP	2026-10-02T10:30:05.6436099Z + @vitest/coverage-v8@4.1.10
Broken VPS	UNKNOWN STEP	2026-10-02T10:30:05.6436502Z + husky@9.1.7
Broken VPS	UNKNOWN STEP	2026-10-02T10:30:05.6436852Z + lint-staged@17.3.0
Broken VPS	UNKNOWN STEP	2026-10-02T10:30:05.6437205Z + prettier@3.9.6
Broken VPS	UNKNOWN STEP	2026-10-02T10:30:05.6437600Z + prettier-plugin-organize-imports@4.3.0
Broken VPS	UNKNOWN STEP	2026-10-02T10:30:05.6438093Z + prettier-plugin-sh@0.20.2
Broken VPS	UNKNOWN STEP	2026-10-02T10:30:05.6438489Z + typedoc@0.28.20
Broken VPS	UNKNOWN STEP	2026-10-02T10:30:05.6438902Z + typescript@5.9.3
Broken VPS	UNKNOWN STEP	2026-10-02T10:30:05.6439270Z + vitest@4.1.10
Broken VPS	UNKNOWN STEP	2026-10-02T10:30:05.6439600Z + wrangler@4.146.0
Broken VPS	UNKNOWN STEP	2026-10-02T10:30:05.6439966Z + <private-pkg>@0.2.0
Broken VPS	UNKNOWN STEP	2026-10-02T10:30:05.6440430Z + @napi-rs/keyring@2.1.0
Broken VPS	UNKNOWN STEP	2026-10-02T10:30:05.6441044Z + commander@15.0.0
Broken VPS	UNKNOWN STEP	2026-10-02T10:30:05.6441424Z 
Broken VPS	UNKNOWN STEP	2026-10-02T10:30:05.6441605Z 137 packages installed [960.00ms]
Broken VPS	UNKNOWN STEP	2026-10-02T10:30:05.6505289Z ##[group]Run bun tests/e2e/stack.ts broken
Broken VPS	UNKNOWN STEP	2026-10-02T10:30:05.6505679Z ^[[36;1mbun tests/e2e/stack.ts broken^[[0m
Broken VPS	UNKNOWN STEP	2026-10-02T10:30:05.6571326Z shell: /usr/bin/bash -e {0}
Broken VPS	UNKNOWN STEP	2026-10-02T10:30:05.6571604Z env:
Broken VPS	UNKNOWN STEP	2026-10-02T10:30:05.6571842Z   REQUIRE_DOCKER: 1
Broken VPS	UNKNOWN STEP	2026-10-02T10:30:05.6572067Z   REQUIRE_BROKEN: 1
Broken VPS	UNKNOWN STEP	2026-10-02T10:30:05.6572281Z ##[endgroup]
Broken VPS	UNKNOWN STEP	2026-10-02T10:30:05.6772105Z [e2e] bringing the stack and the broken arm up
Broken VPS	UNKNOWN STEP	2026-10-02T10:31:03.5989400Z [e2e] ready
Broken VPS	UNKNOWN STEP	2026-10-02T10:31:03.6049729Z ##[group]Run bunx vitest run --project=e2e tests/e2e/doctor-source.spec.ts
Broken VPS	UNKNOWN STEP	2026-10-02T10:31:03.6050331Z ^[[36;1mbunx vitest run --project=e2e tests/e2e/doctor-source.spec.ts^[[0m
Broken VPS	UNKNOWN STEP	2026-10-02T10:31:03.6114293Z shell: /usr/bin/bash -e {0}
Broken VPS	UNKNOWN STEP	2026-10-02T10:31:03.6114541Z env:
Broken VPS	UNKNOWN STEP	2026-10-02T10:31:03.6114729Z   REQUIRE_DOCKER: 1
Broken VPS	UNKNOWN STEP	2026-10-02T10:31:03.6114942Z   REQUIRE_BROKEN: 1
Broken VPS	UNKNOWN STEP	2026-10-02T10:31:03.6115146Z ##[endgroup]
Broken VPS	UNKNOWN STEP	2026-10-02T10:31:04.1542515Z 
Broken VPS	UNKNOWN STEP	2026-10-02T10:31:04.1546455Z ^[[1m^[[30m^[[46m RUN ^[[49m^[[39m^[[22m ^[[36mv4.1.10 ^[[39m^[[90m/home/runner/work/drangler/drangler^[[39m
Broken VPS	UNKNOWN STEP	2026-10-02T10:31:04.1546905Z 
Broken VPS	UNKNOWN STEP	2026-10-02T10:33:22.3632983Z  ^[[32m✓^[[39m ^[[30m^[[45m e2e ^[[49m^[[39m tests/e2e/doctor-source.spec.ts ^[[2m(^[[22m^[[2m5 tests^[[22m^[[2m)^[[22m^[[33m 137754^[[2mms^[[22m^[[39m
Broken VPS	UNKNOWN STEP	2026-10-02T10:33:22.3634724Z      ^[[33m^[[2m✓^[[22m^[[39m reports php-broken, and stops there because nothing below it was measured ^[[33m 23890^[[2mms^[[22m^[[39m
Broken VPS	UNKNOWN STEP	2026-10-02T10:33:22.3636494Z      ^[[33m^[[2m✓^[[22m^[[39m reports drush-absent as a warning rather than as four blockers ^[[33m 22827^[[2mms^[[22m^[[39m
Broken VPS	UNKNOWN STEP	2026-10-02T10:33:22.3637923Z      ^[[33m^[[2m✓^[[22m^[[39m reports db-unreachable with the driver named ^[[33m 24310^[[2mms^[[22m^[[39m
Broken VPS	UNKNOWN STEP	2026-10-02T10:33:22.3639333Z      ^[[33m^[[2m✓^[[22m^[[39m reports files-missing when the directory is not there ^[[33m 24968^[[2mms^[[22m^[[39m
Broken VPS	UNKNOWN STEP	2026-10-02T10:33:22.3640980Z      ^[[33m^[[2m✓^[[22m^[[39m reports bootstrap-fail on a truncated settings.php ^[[33m 23878^[[2mms^[[22m^[[39m
Broken VPS	UNKNOWN STEP	2026-10-02T10:33:22.3668725Z 
Broken VPS	UNKNOWN STEP	2026-10-02T10:33:22.3674048Z ^[[2m Test Files ^[[22m ^[[1m^[[32m1 passed^[[39m^[[22m^[[90m (1)^[[39m
Broken VPS	UNKNOWN STEP	2026-10-02T10:33:22.3675197Z ^[[2m      Tests ^[[22m ^[[1m^[[32m5 passed^[[39m^[[22m^[[90m (5)^[[39m
Broken VPS	UNKNOWN STEP	2026-10-02T10:33:22.3676111Z ^[[2m   Start at ^[[22m 10:31:04
Broken VPS	UNKNOWN STEP	2026-10-02T10:33:22.3677215Z ^[[2m   Duration ^[[22m 138.21s^[[2m (transform 188ms, setup 0ms, import 328ms, tests 137.75s, environment 0ms)^[[22m
Broken VPS	UNKNOWN STEP	2026-10-02T10:33:22.3678785Z 
Broken VPS	UNKNOWN STEP	2026-10-02T10:33:22.3901300Z ##[group]Run docker compose -f docker/compose.yml --profile broken down -v --remove-orphans
Broken VPS	UNKNOWN STEP	2026-10-02T10:33:22.3902015Z ^[[36;1mdocker compose -f docker/compose.yml --profile broken down -v --remove-orphans^[[0m
Broken VPS	UNKNOWN STEP	2026-10-02T10:33:22.3965015Z shell: /usr/bin/bash -e {0}
Broken VPS	UNKNOWN STEP	2026-10-02T10:33:22.3965280Z env:
Broken VPS	UNKNOWN STEP	2026-10-02T10:33:22.3965464Z   REQUIRE_DOCKER: 1
Broken VPS	UNKNOWN STEP	2026-10-02T10:33:22.3965671Z   REQUIRE_BROKEN: 1
Broken VPS	UNKNOWN STEP	2026-10-02T10:33:22.3965867Z ##[endgroup]
Broken VPS	UNKNOWN STEP	2026-10-02T10:33:22.4750615Z  Container docker-vps-broken-1  Stopping
Broken VPS	UNKNOWN STEP	2026-10-02T10:33:22.4751998Z  Container docker-drupal-1  Stopping
Broken VPS	UNKNOWN STEP	2026-10-02T10:33:23.8288225Z  Container docker-vps-broken-1  Stopped
Broken VPS	UNKNOWN STEP	2026-10-02T10:33:23.8288868Z  Container docker-vps-broken-1  Removing
Broken VPS	UNKNOWN STEP	2026-10-02T10:33:23.8289423Z  Container docker-drupal-1  Stopped
Broken VPS	UNKNOWN STEP	2026-10-02T10:33:23.8289749Z  Container docker-drupal-1  Removing
Broken VPS	UNKNOWN STEP	2026-10-02T10:33:24.1374532Z  Container docker-drupal-1  Removed
Broken VPS	UNKNOWN STEP	2026-10-02T10:33:24.1483901Z  Container docker-vps-broken-1  Removed
Broken VPS	UNKNOWN STEP	2026-10-02T10:33:24.1484722Z  Container docker-db-1  Stopping
Broken VPS	UNKNOWN STEP	2026-10-02T10:33:24.3169188Z  Container docker-db-1  Stopped
Broken VPS	UNKNOWN STEP	2026-10-02T10:33:24.3169759Z  Container docker-db-1  Removing
Broken VPS	UNKNOWN STEP	2026-10-02T10:33:24.3500436Z  Container docker-db-1  Removed
Broken VPS	UNKNOWN STEP	2026-10-02T10:33:24.3518488Z  Network docker_default  Removing
Broken VPS	UNKNOWN STEP	2026-10-02T10:33:24.4406082Z  Network docker_default  Removed
Broken VPS	UNKNOWN STEP	2026-10-02T10:33:24.4543593Z Post job cleanup.
Broken VPS	UNKNOWN STEP	2026-10-02T10:33:24.6479132Z Post job cleanup.
Broken VPS	UNKNOWN STEP	2026-10-02T10:33:24.7410326Z [command]/usr/bin/git version
Broken VPS	UNKNOWN STEP	2026-10-02T10:33:24.7457904Z git version 2.55.0
Broken VPS	UNKNOWN STEP	2026-10-02T10:33:24.7508803Z Temporarily overriding HOME='/home/runner/work/_temp/<uuid>' before making global git config changes
Broken VPS	UNKNOWN STEP	2026-10-02T10:33:24.7510335Z Adding repository directory to the temporary git global config as a safe directory
Broken VPS	UNKNOWN STEP	2026-10-02T10:33:24.7515967Z [command]/usr/bin/git config --global --add safe.directory /home/runner/work/drangler/drangler
Broken VPS	UNKNOWN STEP	2026-10-02T10:33:24.7550282Z Removing SSH command configuration
Broken VPS	UNKNOWN STEP	2026-10-02T10:33:24.7559065Z [command]/usr/bin/git config --local --name-only --get-regexp core\.sshCommand
Broken VPS	UNKNOWN STEP	2026-10-02T10:33:24.7599303Z [command]/usr/bin/git submodule foreach --recursive sh -c "git config --local --name-only --get-regexp 'core\.sshCommand' && git config --local --unset-all 'core.sshCommand' || :"
Broken VPS	UNKNOWN STEP	2026-10-02T10:33:24.7848327Z Removing HTTP extra header
Broken VPS	UNKNOWN STEP	2026-10-02T10:33:24.7855033Z [command]/usr/bin/git config --local --name-only --get-regexp http\.https\:\/\/github\.com\/\.extraheader
Broken VPS	UNKNOWN STEP	2026-10-02T10:33:24.7896909Z [command]/usr/bin/git submodule foreach --recursive sh -c "git config --local --name-only --get-regexp 'http\.https\:\/\/github\.com\/\.extraheader' && git config --local --unset-all 'http.https://github.com/.extraheader' || :"
Broken VPS	UNKNOWN STEP	2026-10-02T10:33:24.8145224Z Removing includeIf entries pointing to credentials config files
Broken VPS	UNKNOWN STEP	2026-10-02T10:33:24.8154077Z [command]/usr/bin/git config --local --name-only --get-regexp ^includeIf\.gitdir:
Broken VPS	UNKNOWN STEP	2026-10-02T10:33:24.8186696Z includeif.gitdir:/home/runner/work/drangler/drangler/.git.path
Broken VPS	UNKNOWN STEP	2026-10-02T10:33:24.8187648Z includeif.gitdir:/home/runner/work/drangler/drangler/.git/worktrees/*.path
Broken VPS	UNKNOWN STEP	2026-10-02T10:33:24.8188710Z includeif.gitdir:/github/workspace/.git.path
Broken VPS	UNKNOWN STEP	2026-10-02T10:33:24.8189468Z includeif.gitdir:/github/workspace/.git/worktrees/*.path
Broken VPS	UNKNOWN STEP	2026-10-02T10:33:24.8197120Z [command]/usr/bin/git config --local --get-all includeif.gitdir:/home/runner/work/drangler/drangler/.git.path
Broken VPS	UNKNOWN STEP	2026-10-02T10:33:24.8224173Z /home/runner/work/_temp/git-credentials-<uuid>.config
Broken VPS	UNKNOWN STEP	2026-10-02T10:33:24.8235801Z [command]/usr/bin/git config --local --unset includeif.gitdir:/home/runner/work/drangler/drangler/.git.path \/home\/runner\/work\/_temp\/git\-credentials\-<uuid>\.config
Broken VPS	UNKNOWN STEP	2026-10-02T10:33:24.8277471Z [command]/usr/bin/git config --local --get-all includeif.gitdir:/home/runner/work/drangler/drangler/.git/worktrees/*.path
Broken VPS	UNKNOWN STEP	2026-10-02T10:33:24.8317626Z /home/runner/work/_temp/git-credentials-<uuid>.config
Broken VPS	UNKNOWN STEP	2026-10-02T10:33:24.8328941Z [command]/usr/bin/git config --local --unset includeif.gitdir:/home/runner/work/drangler/drangler/.git/worktrees/*.path \/home\/runner\/work\/_temp\/git\-credentials\-<uuid>\.config
Broken VPS	UNKNOWN STEP	2026-10-02T10:33:24.8375427Z [command]/usr/bin/git config --local --get-all includeif.gitdir:/github/workspace/.git.path
Broken VPS	UNKNOWN STEP	2026-10-02T10:33:24.8403590Z /github/runner_temp/git-credentials-<uuid>.config
Broken VPS	UNKNOWN STEP	2026-10-02T10:33:24.8411183Z [command]/usr/bin/git config --local --unset includeif.gitdir:/github/workspace/.git.path \/github\/runner_temp\/git\-credentials\-<uuid>\.config
Broken VPS	UNKNOWN STEP	2026-10-02T10:33:24.8452783Z [command]/usr/bin/git config --local --get-all includeif.gitdir:/github/workspace/.git/worktrees/*.path
Broken VPS	UNKNOWN STEP	2026-10-02T10:33:24.8484750Z /github/runner_temp/git-credentials-<uuid>.config
Broken VPS	UNKNOWN STEP	2026-10-02T10:33:24.8494043Z [command]/usr/bin/git config --local --unset includeif.gitdir:/github/workspace/.git/worktrees/*.path \/github\/runner_temp\/git\-credentials\-<uuid>\.config
Broken VPS	UNKNOWN STEP	2026-10-02T10:33:24.8534764Z [command]/usr/bin/git submodule foreach --recursive git config --local --show-origin --name-only --get-regexp remote.origin.url
Broken VPS	UNKNOWN STEP	2026-10-02T10:33:24.8812624Z Removing credentials config '/home/runner/work/_temp/git-credentials-<uuid>.config'
Broken VPS	UNKNOWN STEP	2026-10-02T10:33:24.8963221Z Cleaning up orphan processes
