Real Worker	UNKNOWN STEP	2026-10-03T09:51:44.4640715Z Current runner version: '2.337.0'
Real Worker	UNKNOWN STEP	2026-10-03T09:51:44.4675380Z ##[group]Runner Image Provisioner
Real Worker	UNKNOWN STEP	2026-10-03T09:51:44.4676801Z Hosted Compute Agent
Real Worker	UNKNOWN STEP	2026-10-03T09:51:44.4677813Z Version: 20260901.588
Real Worker	UNKNOWN STEP	2026-10-03T09:51:44.4679054Z Commit: <hex>
Real Worker	UNKNOWN STEP	2026-10-03T09:51:44.4680592Z Build Date: 2026-09-01T19:56:44Z
Real Worker	UNKNOWN STEP	2026-10-03T09:51:44.4681778Z Worker ID: {<uuid>}
Real Worker	UNKNOWN STEP	2026-10-03T09:51:44.4683086Z Azure Region: eastus
Real Worker	UNKNOWN STEP	2026-10-03T09:51:44.4684010Z ##[endgroup]
Real Worker	UNKNOWN STEP	2026-10-03T09:51:44.4686467Z ##[group]Operating System
Real Worker	UNKNOWN STEP	2026-10-03T09:51:44.4687531Z Ubuntu
Real Worker	UNKNOWN STEP	2026-10-03T09:51:44.4688404Z 24.04.5
Real Worker	UNKNOWN STEP	2026-10-03T09:51:44.4689646Z LTS
Real Worker	UNKNOWN STEP	2026-10-03T09:51:44.4690514Z ##[endgroup]
Real Worker	UNKNOWN STEP	2026-10-03T09:51:44.4691485Z ##[group]Runner Image
Real Worker	UNKNOWN STEP	2026-10-03T09:51:44.4692678Z Image: ubuntu-24.04
Real Worker	UNKNOWN STEP	2026-10-03T09:51:44.4693835Z Version: 20260927.320.1
Real Worker	UNKNOWN STEP	2026-10-03T09:51:44.4695962Z Included Software: https://github.com/actions/runner-images/blob/ubuntu24/20260927.320/images/ubuntu/Ubuntu2404-Readme.md
Real Worker	UNKNOWN STEP	2026-10-03T09:51:44.4698815Z Image Release: https://github.com/actions/runner-images/releases/tag/ubuntu24%2F20260927.320
Real Worker	UNKNOWN STEP	2026-10-03T09:51:44.4700751Z ##[endgroup]
Real Worker	UNKNOWN STEP	2026-10-03T09:51:44.4702688Z ##[group]GITHUB_TOKEN Permissions
Real Worker	UNKNOWN STEP	2026-10-03T09:51:44.4705836Z Contents: read
Real Worker	UNKNOWN STEP	2026-10-03T09:51:44.4707313Z Metadata: read
Real Worker	UNKNOWN STEP	2026-10-03T09:51:44.4708300Z ##[endgroup]
Real Worker	UNKNOWN STEP	2026-10-03T09:51:44.4711576Z Secret source: Actions
Real Worker	UNKNOWN STEP	2026-10-03T09:51:44.4713250Z Cache mode: write
Real Worker	UNKNOWN STEP	2026-10-03T09:51:44.4714730Z Prepare workflow directory
Real Worker	UNKNOWN STEP	2026-10-03T09:51:44.5285358Z Prepare all required actions
Real Worker	UNKNOWN STEP	2026-10-03T09:51:44.5356818Z Getting action download info
Real Worker	UNKNOWN STEP	2026-10-03T09:51:44.7284893Z Download action repository 'actions/checkout@v7' (SHA:<hex>)
Real Worker	UNKNOWN STEP	2026-10-03T09:51:44.8255494Z Download action repository 'oven-sh/setup-bun@v2' (SHA:<hex>)
Real Worker	UNKNOWN STEP	2026-10-03T09:51:45.0429560Z Complete job name: Real Worker
Real Worker	UNKNOWN STEP	2026-10-03T09:51:45.1185192Z ##[group]Run actions/checkout@v7
Real Worker	UNKNOWN STEP	2026-10-03T09:51:45.1186157Z with:
Real Worker	UNKNOWN STEP	2026-10-03T09:51:45.1186643Z   repository: <org>/drangler
Real Worker	UNKNOWN STEP	2026-10-03T09:51:45.1190803Z   token: ***
Real Worker	UNKNOWN STEP	2026-10-03T09:51:45.1191241Z   ssh-strict: true
Real Worker	UNKNOWN STEP	2026-10-03T09:51:45.1191765Z   ssh-user: git
Real Worker	UNKNOWN STEP	2026-10-03T09:51:45.1192411Z   persist-credentials: true
Real Worker	UNKNOWN STEP	2026-10-03T09:51:45.1192897Z   clean: true
Real Worker	UNKNOWN STEP	2026-10-03T09:51:45.1193343Z   sparse-checkout-cone-mode: true
Real Worker	UNKNOWN STEP	2026-10-03T09:51:45.1193866Z   fetch-depth: 1
Real Worker	UNKNOWN STEP	2026-10-03T09:51:45.1194354Z   fetch-tags: false
Real Worker	UNKNOWN STEP	2026-10-03T09:51:45.1194855Z   show-progress: true
Real Worker	UNKNOWN STEP	2026-10-03T09:51:45.1195293Z   lfs: false
Real Worker	UNKNOWN STEP	2026-10-03T09:51:45.1195700Z   submodules: false
Real Worker	UNKNOWN STEP	2026-10-03T09:51:45.1196143Z   set-safe-directory: true
Real Worker	UNKNOWN STEP	2026-10-03T09:51:45.1196638Z   allow-unsafe-pr-checkout: false
Real Worker	UNKNOWN STEP	2026-10-03T09:51:45.1197430Z env:
Real Worker	UNKNOWN STEP	2026-10-03T09:51:45.1197836Z   REQUIRE_CLONE: 1
Real Worker	UNKNOWN STEP	2026-10-03T09:51:45.1198261Z   REQUIRE_WORKER: 1
Real Worker	UNKNOWN STEP	2026-10-03T09:51:45.1198682Z ##[endgroup]
Real Worker	UNKNOWN STEP	2026-10-03T09:51:45.2196057Z Syncing repository: <org>/drangler
Real Worker	UNKNOWN STEP	2026-10-03T09:51:45.2198839Z ##[group]Getting Git version info
Real Worker	UNKNOWN STEP	2026-10-03T09:51:45.2200371Z Working directory is '/home/runner/work/drangler/drangler'
Real Worker	UNKNOWN STEP	2026-10-03T09:51:45.2202029Z [command]/usr/bin/git version
Real Worker	UNKNOWN STEP	2026-10-03T09:51:45.2291633Z git version 2.55.0
Real Worker	UNKNOWN STEP	2026-10-03T09:51:45.2316102Z ##[endgroup]
Real Worker	UNKNOWN STEP	2026-10-03T09:51:45.2333764Z Temporarily overriding HOME='/home/runner/work/_temp/<uuid>' before making global git config changes
Real Worker	UNKNOWN STEP	2026-10-03T09:51:45.2336250Z Adding repository directory to the temporary git global config as a safe directory
Real Worker	UNKNOWN STEP	2026-10-03T09:51:45.2337540Z [command]/usr/bin/git config --global --add safe.directory /home/runner/work/drangler/drangler
Real Worker	UNKNOWN STEP	2026-10-03T09:51:45.2387981Z Deleting the contents of '/home/runner/work/drangler/drangler'
Real Worker	UNKNOWN STEP	2026-10-03T09:51:45.2391793Z ##[group]Determining repository object format
Real Worker	UNKNOWN STEP	2026-10-03T09:51:45.2393592Z ##[endgroup]
Real Worker	UNKNOWN STEP	2026-10-03T09:51:45.2394870Z ##[group]Initializing the repository
Real Worker	UNKNOWN STEP	2026-10-03T09:51:45.2398985Z [command]/usr/bin/git init /home/runner/work/drangler/drangler
Real Worker	UNKNOWN STEP	2026-10-03T09:51:45.2506796Z hint: Using 'master' as the name for the initial branch. This default branch name
Real Worker	UNKNOWN STEP	2026-10-03T09:51:45.2508802Z hint: will change to "main" in Git 3.0. To configure the initial branch name
Real Worker	UNKNOWN STEP	2026-10-03T09:51:45.2510738Z hint: to use in all of your new repositories, which will suppress this warning,
Real Worker	UNKNOWN STEP	2026-10-03T09:51:45.2512371Z hint: call:
Real Worker	UNKNOWN STEP	2026-10-03T09:51:45.2513158Z hint:
Real Worker	UNKNOWN STEP	2026-10-03T09:51:45.2514178Z hint: 	git config --global init.defaultBranch <name>
Real Worker	UNKNOWN STEP	2026-10-03T09:51:45.2515279Z hint:
Real Worker	UNKNOWN STEP	2026-10-03T09:51:45.2516459Z hint: Names commonly chosen instead of 'master' are 'main', 'trunk' and
Real Worker	UNKNOWN STEP	2026-10-03T09:51:45.2518171Z hint: 'development'. The just-created branch can be renamed via this command:
Real Worker	UNKNOWN STEP	2026-10-03T09:51:45.2520096Z hint:
Real Worker	UNKNOWN STEP	2026-10-03T09:51:45.2520873Z hint: 	git branch -m <name>
Real Worker	UNKNOWN STEP	2026-10-03T09:51:45.2521749Z hint:
Real Worker	UNKNOWN STEP	2026-10-03T09:51:45.2522998Z hint: Disable this message with "git config set advice.defaultBranchName false"
Real Worker	UNKNOWN STEP	2026-10-03T09:51:45.2524767Z Initialized empty Git repository in /home/runner/work/drangler/drangler/.git/
Real Worker	UNKNOWN STEP	2026-10-03T09:51:45.2527664Z [command]/usr/bin/git remote add origin https://github.com/<org>/drangler
Real Worker	UNKNOWN STEP	2026-10-03T09:51:45.2581872Z ##[endgroup]
Real Worker	UNKNOWN STEP	2026-10-03T09:51:45.2583225Z ##[group]Disabling automatic garbage collection
Real Worker	UNKNOWN STEP	2026-10-03T09:51:45.2587253Z [command]/usr/bin/git config --local gc.auto 0
Real Worker	UNKNOWN STEP	2026-10-03T09:51:45.2623402Z ##[endgroup]
Real Worker	UNKNOWN STEP	2026-10-03T09:51:45.2625285Z ##[group]Setting up auth
Real Worker	UNKNOWN STEP	2026-10-03T09:51:45.2626202Z Removing SSH command configuration
Real Worker	UNKNOWN STEP	2026-10-03T09:51:45.2629610Z [command]/usr/bin/git config --local --name-only --get-regexp core\.sshCommand
Real Worker	UNKNOWN STEP	2026-10-03T09:51:45.2666083Z [command]/usr/bin/git submodule foreach --recursive sh -c "git config --local --name-only --get-regexp 'core\.sshCommand' && git config --local --unset-all 'core.sshCommand' || :"
Real Worker	UNKNOWN STEP	2026-10-03T09:51:45.3030819Z Removing HTTP extra header
Real Worker	UNKNOWN STEP	2026-10-03T09:51:45.3037048Z [command]/usr/bin/git config --local --name-only --get-regexp http\.https\:\/\/github\.com\/\.extraheader
Real Worker	UNKNOWN STEP	2026-10-03T09:51:45.3074221Z [command]/usr/bin/git submodule foreach --recursive sh -c "git config --local --name-only --get-regexp 'http\.https\:\/\/github\.com\/\.extraheader' && git config --local --unset-all 'http.https://github.com/.extraheader' || :"
Real Worker	UNKNOWN STEP	2026-10-03T09:51:45.3294317Z Removing includeIf entries pointing to credentials config files
Real Worker	UNKNOWN STEP	2026-10-03T09:51:45.3298733Z [command]/usr/bin/git config --local --name-only --get-regexp ^includeIf\.gitdir:
Real Worker	UNKNOWN STEP	2026-10-03T09:51:45.3333329Z [command]/usr/bin/git submodule foreach --recursive git config --local --show-origin --name-only --get-regexp remote.origin.url
Real Worker	UNKNOWN STEP	2026-10-03T09:51:45.3566410Z [command]/usr/bin/git config --file /home/runner/work/_temp/git-credentials-<uuid>.config http.https://github.com/.extraheader AUTHORIZATION: basic ***
Real Worker	UNKNOWN STEP	2026-10-03T09:51:45.3607334Z [command]/usr/bin/git config --local includeIf.gitdir:/home/runner/work/drangler/drangler/.git.path /home/runner/work/_temp/git-credentials-<uuid>.config
Real Worker	UNKNOWN STEP	2026-10-03T09:51:45.3642859Z [command]/usr/bin/git config --local includeIf.gitdir:/home/runner/work/drangler/drangler/.git/worktrees/*.path /home/runner/work/_temp/git-credentials-<uuid>.config
Real Worker	UNKNOWN STEP	2026-10-03T09:51:45.3680377Z [command]/usr/bin/git config --local includeIf.gitdir:/github/workspace/.git.path /github/runner_temp/git-credentials-<uuid>.config
Real Worker	UNKNOWN STEP	2026-10-03T09:51:45.3716284Z [command]/usr/bin/git config --local includeIf.gitdir:/github/workspace/.git/worktrees/*.path /github/runner_temp/git-credentials-<uuid>.config
Real Worker	UNKNOWN STEP	2026-10-03T09:51:45.3747931Z ##[endgroup]
Real Worker	UNKNOWN STEP	2026-10-03T09:51:45.3748678Z ##[group]Fetching the repository
Real Worker	UNKNOWN STEP	2026-10-03T09:51:45.3755210Z [command]/usr/bin/git -c protocol.version=2 fetch --no-tags --prune --no-recurse-submodules --depth=1 origin +df6dce4b00d66439e0c1258c862da36342a7488a:refs/remotes/origin/master
Real Worker	UNKNOWN STEP	2026-10-03T09:51:45.7115472Z From https://github.com/<org>/drangler
Real Worker	UNKNOWN STEP	2026-10-03T09:51:45.7116850Z  * [new ref]         df6dce4b00d66439e0c1258c862da36342a7488a -> origin/master
Real Worker	UNKNOWN STEP	2026-10-03T09:51:45.7125593Z [command]/usr/bin/git branch --list --remote origin/master
Real Worker	UNKNOWN STEP	2026-10-03T09:51:45.7154909Z   origin/master
Real Worker	UNKNOWN STEP	2026-10-03T09:51:45.7164412Z [command]/usr/bin/git rev-parse refs/remotes/origin/master
Real Worker	UNKNOWN STEP	2026-10-03T09:51:45.7191102Z df6dce4b00d66439e0c1258c862da36342a7488a
Real Worker	UNKNOWN STEP	2026-10-03T09:51:45.7195182Z ##[endgroup]
Real Worker	UNKNOWN STEP	2026-10-03T09:51:45.7196524Z ##[group]Determining the checkout info
Real Worker	UNKNOWN STEP	2026-10-03T09:51:45.7200938Z ##[endgroup]
Real Worker	UNKNOWN STEP	2026-10-03T09:51:45.7208862Z [command]/usr/bin/git sparse-checkout disable
Real Worker	UNKNOWN STEP	2026-10-03T09:51:45.7257925Z [command]/usr/bin/git config --local --unset-all extensions.worktreeConfig
Real Worker	UNKNOWN STEP	2026-10-03T09:51:45.7291654Z ##[group]Checking out the ref
Real Worker	UNKNOWN STEP	2026-10-03T09:51:45.7297581Z [command]/usr/bin/git checkout --progress --force -B master refs/remotes/origin/master
Real Worker	UNKNOWN STEP	2026-10-03T09:51:45.7510883Z Reset branch 'master'
Real Worker	UNKNOWN STEP	2026-10-03T09:51:45.7518395Z branch 'master' set up to track 'origin/master'.
Real Worker	UNKNOWN STEP	2026-10-03T09:51:45.7525831Z ##[endgroup]
Real Worker	UNKNOWN STEP	2026-10-03T09:51:45.7575387Z [command]/usr/bin/git log -1 --format=%H
Real Worker	UNKNOWN STEP	2026-10-03T09:51:45.7604969Z df6dce4b00d66439e0c1258c862da36342a7488a
Real Worker	UNKNOWN STEP	2026-10-03T09:51:45.7868866Z ##[group]Run oven-sh/setup-bun@v2
Real Worker	UNKNOWN STEP	2026-10-03T09:51:45.7869803Z with:
Real Worker	UNKNOWN STEP	2026-10-03T09:51:45.7870226Z   bun-version: latest
Real Worker	UNKNOWN STEP	2026-10-03T09:51:45.7870678Z   no-cache: false
Real Worker	UNKNOWN STEP	2026-10-03T09:51:45.7874509Z   token: ***
Real Worker	UNKNOWN STEP	2026-10-03T09:51:45.7874906Z env:
Real Worker	UNKNOWN STEP	2026-10-03T09:51:45.7875282Z   REQUIRE_CLONE: 1
Real Worker	UNKNOWN STEP	2026-10-03T09:51:45.7875709Z   REQUIRE_WORKER: 1
Real Worker	UNKNOWN STEP	2026-10-03T09:51:45.7876136Z ##[endgroup]
Real Worker	UNKNOWN STEP	2026-10-03T09:51:46.1578138Z Downloading a new version of Bun: https://github.com/oven-sh/bun/releases/download/bun-v1.4.2/bun-linux-x64.zip
Real Worker	UNKNOWN STEP	2026-10-03T09:51:46.3757630Z [command]/usr/bin/unzip -o -q /home/runner/work/_temp/<uuid>.zip
Real Worker	UNKNOWN STEP	2026-10-03T09:51:46.9790924Z [command]/home/runner/.bun/bin/bun --revision
Real Worker	UNKNOWN STEP	2026-10-03T09:51:46.9839200Z 1.4.2+744846f84
Real Worker	UNKNOWN STEP	2026-10-03T09:51:47.0003724Z ##[group]Run bun install --frozen-lockfile
Real Worker	UNKNOWN STEP	2026-10-03T09:51:47.0004283Z ^[[36;1mbun install --frozen-lockfile^[[0m
Real Worker	UNKNOWN STEP	2026-10-03T09:51:47.0288435Z shell: /usr/bin/bash -e {0}
Real Worker	UNKNOWN STEP	2026-10-03T09:51:47.0288827Z env:
Real Worker	UNKNOWN STEP	2026-10-03T09:51:47.0289110Z   REQUIRE_CLONE: 1
Real Worker	UNKNOWN STEP	2026-10-03T09:51:47.0289667Z   REQUIRE_WORKER: 1
Real Worker	UNKNOWN STEP	2026-10-03T09:51:47.0289979Z ##[endgroup]
Real Worker	UNKNOWN STEP	2026-10-03T09:51:47.0488719Z bun install v1.4.2 (744846f84)
Real Worker	UNKNOWN STEP	2026-10-03T09:51:48.1399959Z 
Real Worker	UNKNOWN STEP	2026-10-03T09:51:48.1400950Z $ husky
Real Worker	UNKNOWN STEP	2026-10-03T09:51:48.1835380Z 
Real Worker	UNKNOWN STEP	2026-10-03T09:51:48.1836228Z + @cloudflare/workers-types@5.20260815.1
Real Worker	UNKNOWN STEP	2026-10-03T09:51:48.1836854Z + @types/node@26.2.0
Real Worker	UNKNOWN STEP	2026-10-03T09:51:48.1837302Z + @vitest/coverage-v8@4.1.10
Real Worker	UNKNOWN STEP	2026-10-03T09:51:48.1837796Z + husky@9.1.7
Real Worker	UNKNOWN STEP	2026-10-03T09:51:48.1838197Z + lint-staged@17.3.0
Real Worker	UNKNOWN STEP	2026-10-03T09:51:48.1838625Z + prettier@3.9.6
Real Worker	UNKNOWN STEP	2026-10-03T09:51:48.1839136Z + prettier-plugin-organize-imports@4.3.0
Real Worker	UNKNOWN STEP	2026-10-03T09:51:48.1840942Z + prettier-plugin-sh@0.20.2
Real Worker	UNKNOWN STEP	2026-10-03T09:51:48.1841482Z + typedoc@0.28.20
Real Worker	UNKNOWN STEP	2026-10-03T09:51:48.1842033Z + typescript@5.9.3
Real Worker	UNKNOWN STEP	2026-10-03T09:51:48.1842534Z + vitest@4.1.10
Real Worker	UNKNOWN STEP	2026-10-03T09:51:48.1843009Z + wrangler@4.146.0
Real Worker	UNKNOWN STEP	2026-10-03T09:51:48.1843456Z + <private-pkg>@0.2.0
Real Worker	UNKNOWN STEP	2026-10-03T09:51:48.1844008Z + @napi-rs/keyring@2.1.0
Real Worker	UNKNOWN STEP	2026-10-03T09:51:48.1844491Z + commander@15.0.0
Real Worker	UNKNOWN STEP	2026-10-03T09:51:48.1844779Z 
Real Worker	UNKNOWN STEP	2026-10-03T09:51:48.1844999Z 137 packages installed [1135.00ms]
Real Worker	UNKNOWN STEP	2026-10-03T09:51:48.1921132Z ##[group]Run bunx vitest run --project=e2e tests/e2e/heal-real.spec.ts tests/e2e/heal.spec.ts
Real Worker	UNKNOWN STEP	2026-10-03T09:51:48.1921942Z ^[[36;1mbunx vitest run --project=e2e tests/e2e/heal-real.spec.ts tests/e2e/heal.spec.ts^[[0m
Real Worker	UNKNOWN STEP	2026-10-03T09:51:48.1988296Z shell: /usr/bin/bash -e {0}
Real Worker	UNKNOWN STEP	2026-10-03T09:51:48.1988620Z env:
Real Worker	UNKNOWN STEP	2026-10-03T09:51:48.1988858Z   REQUIRE_CLONE: 1
Real Worker	UNKNOWN STEP	2026-10-03T09:51:48.1989115Z   REQUIRE_WORKER: 1
Real Worker	UNKNOWN STEP	2026-10-03T09:51:48.1989648Z ##[endgroup]
Real Worker	UNKNOWN STEP	2026-10-03T09:51:48.6094143Z 
Real Worker	UNKNOWN STEP	2026-10-03T09:51:48.6097673Z ^[[1m^[[30m^[[46m RUN ^[[49m^[[39m^[[22m ^[[36mv4.1.10 ^[[39m^[[90m/home/runner/work/drangler/drangler^[[39m
Real Worker	UNKNOWN STEP	2026-10-03T09:51:48.6098337Z 
Real Worker	UNKNOWN STEP	2026-10-03T09:51:50.9137448Z  ^[[32m✓^[[39m ^[[30m^[[45m e2e ^[[49m^[[39m tests/e2e/heal.spec.ts ^[[2m(^[[22m^[[2m7 tests^[[22m^[[2m)^[[22m^[[33m 1902^[[2mms^[[22m^[[39m
Real Worker	UNKNOWN STEP	2026-10-03T09:51:51.8016184Z Cloning into '/tmp/drangler-e2e-heal-G6pvDQ/worker'...
Real Worker	UNKNOWN STEP	2026-10-03T09:51:52.6804525Z bun install v1.4.2 (744846f84)
Real Worker	UNKNOWN STEP	2026-10-03T09:51:54.1213484Z 
Real Worker	UNKNOWN STEP	2026-10-03T09:51:54.1219876Z $ bun scripts/gen-lock-versions.ts && bun scripts/restore-artifacts.ts
Real Worker	UNKNOWN STEP	2026-10-03T09:51:54.1344464Z {
Real Worker	UNKNOWN STEP	2026-10-03T09:51:54.1344734Z   "packages": 76,
Real Worker	UNKNOWN STEP	2026-10-03T09:51:54.1344972Z   "virtual": 37,
Real Worker	UNKNOWN STEP	2026-10-03T09:51:54.1345200Z   "core": "11.4.7",
Real Worker	UNKNOWN STEP	2026-10-03T09:51:54.1345417Z   "bytes": 4562
Real Worker	UNKNOWN STEP	2026-10-03T09:51:54.1345657Z }
Real Worker	UNKNOWN STEP	2026-10-03T09:51:54.5755025Z restore-artifacts: .interp/php8.5.wasm (13401742 bytes, sha256 verified)
Real Worker	UNKNOWN STEP	2026-10-03T09:51:54.6301329Z restore-artifacts: .interp/php8.5-worker.mjs (876467 bytes, sha256 verified)
Real Worker	UNKNOWN STEP	2026-10-03T09:51:54.9481472Z restore-artifacts: tuned glue -> /tmp/drangler-e2e-heal-G6pvDQ/worker/.interp/php8.5-worker.tuned.mjs
Real Worker	UNKNOWN STEP	2026-10-03T09:51:54.9729030Z restore-artifacts: tuned interpreter -> /tmp/drangler-e2e-heal-G6pvDQ/worker/.interp/php8.5.tuned.wasm (64 MiB)
Real Worker	UNKNOWN STEP	2026-10-03T09:51:54.9730626Z restore-artifacts: 2 downloaded, 0 already current
Real Worker	UNKNOWN STEP	2026-10-03T09:51:54.9778515Z $ husky
Real Worker	UNKNOWN STEP	2026-10-03T09:51:55.0174980Z 
Real Worker	UNKNOWN STEP	2026-10-03T09:51:55.0175384Z + @cloudflare/containers@0.3.7
Real Worker	UNKNOWN STEP	2026-10-03T09:51:55.0175968Z + @cloudflare/vitest-pool-workers@0.22.0
Real Worker	UNKNOWN STEP	2026-10-03T09:51:55.0176575Z + @cloudflare/workers-types@5.20260829.1
Real Worker	UNKNOWN STEP	2026-10-03T09:51:55.0177100Z + @playwright/test@1.62.1
Real Worker	UNKNOWN STEP	2026-10-03T09:51:55.0177551Z + @prettier/plugin-php@0.25.0
Real Worker	UNKNOWN STEP	2026-10-03T09:51:55.0178080Z + @types/bun@1.4.0
Real Worker	UNKNOWN STEP	2026-10-03T09:51:55.0178580Z + @types/pg@8.23.1
Real Worker	UNKNOWN STEP	2026-10-03T09:51:55.0179091Z + @vitest/coverage-istanbul@4.1.11
Real Worker	UNKNOWN STEP	2026-10-03T09:51:55.0180230Z + husky@9.1.7
Real Worker	UNKNOWN STEP	2026-10-03T09:51:55.0200352Z + lint-staged@17.4.1
Real Worker	UNKNOWN STEP	2026-10-03T09:51:55.0200860Z + marked@18.0.14
Real Worker	UNKNOWN STEP	2026-10-03T09:51:55.0201292Z + marked-gfm-heading-id@4.1.4
Real Worker	UNKNOWN STEP	2026-10-03T09:51:55.0201696Z + prettier@3.9.6
Real Worker	UNKNOWN STEP	2026-10-03T09:51:55.0202127Z + prettier-plugin-organize-imports@4.3.0
Real Worker	UNKNOWN STEP	2026-10-03T09:51:55.0202700Z + prettier-plugin-sh@0.20.2
Real Worker	UNKNOWN STEP	2026-10-03T09:51:55.0203110Z + shiki@4.4.3
Real Worker	UNKNOWN STEP	2026-10-03T09:51:55.0203430Z + typedoc@0.28.20
Real Worker	UNKNOWN STEP	2026-10-03T09:51:55.0203788Z + typescript@5.9.3
Real Worker	UNKNOWN STEP	2026-10-03T09:51:55.0204143Z + vitest@4.1.11
Real Worker	UNKNOWN STEP	2026-10-03T09:51:55.0204487Z + wrangler@4.127.1
Real Worker	UNKNOWN STEP	2026-10-03T09:51:55.0204828Z + yaml@2.9.1
Real Worker	UNKNOWN STEP	2026-10-03T09:51:55.0205160Z + <private-pkg>@1.1.1
Real Worker	UNKNOWN STEP	2026-10-03T09:51:55.0205573Z + <private-pkg>@0.3.1
Real Worker	UNKNOWN STEP	2026-10-03T09:51:55.0205998Z + <private-pkg>@0.1.4
Real Worker	UNKNOWN STEP	2026-10-03T09:51:55.0206438Z + <private-pkg>@0.1.0
Real Worker	UNKNOWN STEP	2026-10-03T09:51:55.0206849Z + @<user>/tinyimg@1.1.0
Real Worker	UNKNOWN STEP	2026-10-03T09:51:55.0207255Z + @noble/ciphers@2.4.0
Real Worker	UNKNOWN STEP	2026-10-03T09:51:55.0207638Z + @noble/hashes@2.4.0
Real Worker	UNKNOWN STEP	2026-10-03T09:51:55.0208007Z + blakejs@1.2.1
Real Worker	UNKNOWN STEP	2026-10-03T09:51:55.0208368Z + edgeport@1.0.6
Real Worker	UNKNOWN STEP	2026-10-03T09:51:55.0208704Z + fflate@0.8.3
Real Worker	UNKNOWN STEP	2026-10-03T09:51:55.0209973Z + fzstd@0.1.1
Real Worker	UNKNOWN STEP	2026-10-03T09:51:55.0210601Z + mysql2@3.24.4
Real Worker	UNKNOWN STEP	2026-10-03T09:51:55.0210921Z + pg@8.23.0
Real Worker	UNKNOWN STEP	2026-10-03T09:51:55.0211522Z + php-wasm@0.1.0
Real Worker	UNKNOWN STEP	2026-10-03T09:51:55.0211760Z 
Real Worker	UNKNOWN STEP	2026-10-03T09:51:55.0211937Z 260 packages installed [2.34s]
Real Worker	UNKNOWN STEP	2026-10-03T09:51:55.0247869Z $ bun scripts/hydrate.ts
Real Worker	UNKNOWN STEP	2026-10-03T09:51:55.1752761Z fetching https://<host>/payloads/v1.0.3/<org>-worker-1.0.3.tar.gz (cdn)
Real Worker	UNKNOWN STEP	2026-10-03T09:51:55.3252252Z tarball sha256 <hex> matches SHA256SUMS
Real Worker	UNKNOWN STEP	2026-10-03T09:51:56.3596389Z hydrate: kept 2 tracked file(s) the repository owns: assets/robots.txt, assets/driver.json
Real Worker	UNKNOWN STEP	2026-10-03T09:51:56.3597510Z hydrated 4583 files, 52473986 bytes, from 1.0.3 (d633a47)
Real Worker	UNKNOWN STEP	2026-10-03T09:51:56.3598528Z interpreter: .interp/php8.5-worker.tuned.mjs, .interp/php8.5.tuned.wasm
Real Worker	UNKNOWN STEP	2026-10-03T09:51:56.3599772Z the tree is deployable now: bunx wrangler deploy -c wrangler.jsonc
Real Worker	UNKNOWN STEP	2026-10-03T09:52:14.3436416Z  ^[[32m✓^[[39m ^[[30m^[[45m e2e ^[[49m^[[39m tests/e2e/heal-real.spec.ts ^[[2m(^[[22m^[[2m4 tests^[[22m^[[2m)^[[22m^[[33m 22546^[[2mms^[[22m^[[39m
Real Worker	UNKNOWN STEP	2026-10-03T09:52:14.3438016Z      ^[[33m^[[2m✓^[[22m^[[39m sets no degradation headers on a site that is not shedding load ^[[33m 2264^[[2mms^[[22m^[[39m
Real Worker	UNKNOWN STEP	2026-10-03T09:52:14.3439875Z      ^[[33m^[[2m✓^[[22m^[[39m refuses every one of those routes without the token ^[[33m 418^[[2mms^[[22m^[[39m
Real Worker	UNKNOWN STEP	2026-10-03T09:52:14.3480495Z 
Real Worker	UNKNOWN STEP	2026-10-03T09:52:14.3484412Z ^[[2m Test Files ^[[22m ^[[1m^[[32m2 passed^[[39m^[[22m^[[90m (2)^[[39m
Real Worker	UNKNOWN STEP	2026-10-03T09:52:14.3490442Z ^[[2m      Tests ^[[22m ^[[1m^[[32m11 passed^[[39m^[[22m^[[90m (11)^[[39m
Real Worker	UNKNOWN STEP	2026-10-03T09:52:14.3510247Z ^[[2m   Start at ^[[22m 09:51:48
Real Worker	UNKNOWN STEP	2026-10-03T09:52:14.3511682Z ^[[2m   Duration ^[[22m 25.73s^[[2m (transform 236ms, setup 0ms, import 1.03s, tests 24.45s, environment 0ms)^[[22m
Real Worker	UNKNOWN STEP	2026-10-03T09:52:14.3512639Z 
Real Worker	UNKNOWN STEP	2026-10-03T09:52:14.3752907Z Post job cleanup.
Real Worker	UNKNOWN STEP	2026-10-03T09:52:14.5549685Z Post job cleanup.
Real Worker	UNKNOWN STEP	2026-10-03T09:52:14.6450377Z [command]/usr/bin/git version
Real Worker	UNKNOWN STEP	2026-10-03T09:52:14.6497672Z git version 2.55.0
Real Worker	UNKNOWN STEP	2026-10-03T09:52:14.6547809Z Temporarily overriding HOME='/home/runner/work/_temp/<uuid>' before making global git config changes
Real Worker	UNKNOWN STEP	2026-10-03T09:52:14.6549753Z Adding repository directory to the temporary git global config as a safe directory
Real Worker	UNKNOWN STEP	2026-10-03T09:52:14.6553897Z [command]/usr/bin/git config --global --add safe.directory /home/runner/work/drangler/drangler
Real Worker	UNKNOWN STEP	2026-10-03T09:52:14.6587375Z Removing SSH command configuration
Real Worker	UNKNOWN STEP	2026-10-03T09:52:14.6595252Z [command]/usr/bin/git config --local --name-only --get-regexp core\.sshCommand
Real Worker	UNKNOWN STEP	2026-10-03T09:52:14.6637680Z [command]/usr/bin/git submodule foreach --recursive sh -c "git config --local --name-only --get-regexp 'core\.sshCommand' && git config --local --unset-all 'core.sshCommand' || :"
Real Worker	UNKNOWN STEP	2026-10-03T09:52:14.6885425Z Removing HTTP extra header
Real Worker	UNKNOWN STEP	2026-10-03T09:52:14.6891022Z [command]/usr/bin/git config --local --name-only --get-regexp http\.https\:\/\/github\.com\/\.extraheader
Real Worker	UNKNOWN STEP	2026-10-03T09:52:14.6933956Z [command]/usr/bin/git submodule foreach --recursive sh -c "git config --local --name-only --get-regexp 'http\.https\:\/\/github\.com\/\.extraheader' && git config --local --unset-all 'http.https://github.com/.extraheader' || :"
Real Worker	UNKNOWN STEP	2026-10-03T09:52:14.7218337Z Removing includeIf entries pointing to credentials config files
Real Worker	UNKNOWN STEP	2026-10-03T09:52:14.7219436Z [command]/usr/bin/git config --local --name-only --get-regexp ^includeIf\.gitdir:
Real Worker	UNKNOWN STEP	2026-10-03T09:52:14.7242876Z includeif.gitdir:/home/runner/work/drangler/drangler/.git.path
Real Worker	UNKNOWN STEP	2026-10-03T09:52:14.7244136Z includeif.gitdir:/home/runner/work/drangler/drangler/.git/worktrees/*.path
Real Worker	UNKNOWN STEP	2026-10-03T09:52:14.7244985Z includeif.gitdir:/github/workspace/.git.path
Real Worker	UNKNOWN STEP	2026-10-03T09:52:14.7245717Z includeif.gitdir:/github/workspace/.git/worktrees/*.path
Real Worker	UNKNOWN STEP	2026-10-03T09:52:14.7255958Z [command]/usr/bin/git config --local --get-all includeif.gitdir:/home/runner/work/drangler/drangler/.git.path
Real Worker	UNKNOWN STEP	2026-10-03T09:52:14.7285036Z /home/runner/work/_temp/git-credentials-<uuid>.config
Real Worker	UNKNOWN STEP	2026-10-03T09:52:14.7296875Z [command]/usr/bin/git config --local --unset includeif.gitdir:/home/runner/work/drangler/drangler/.git.path \/home\/runner\/work\/_temp\/git\-credentials\-<uuid>\.config
Real Worker	UNKNOWN STEP	2026-10-03T09:52:14.7341528Z [command]/usr/bin/git config --local --get-all includeif.gitdir:/home/runner/work/drangler/drangler/.git/worktrees/*.path
Real Worker	UNKNOWN STEP	2026-10-03T09:52:14.7371561Z /home/runner/work/_temp/git-credentials-<uuid>.config
Real Worker	UNKNOWN STEP	2026-10-03T09:52:14.7380543Z [command]/usr/bin/git config --local --unset includeif.gitdir:/home/runner/work/drangler/drangler/.git/worktrees/*.path \/home\/runner\/work\/_temp\/git\-credentials\-<uuid>\.config
Real Worker	UNKNOWN STEP	2026-10-03T09:52:14.7424476Z [command]/usr/bin/git config --local --get-all includeif.gitdir:/github/workspace/.git.path
Real Worker	UNKNOWN STEP	2026-10-03T09:52:14.7453168Z /github/runner_temp/git-credentials-<uuid>.config
Real Worker	UNKNOWN STEP	2026-10-03T09:52:14.7461646Z [command]/usr/bin/git config --local --unset includeif.gitdir:/github/workspace/.git.path \/github\/runner_temp\/git\-credentials\-<uuid>\.config
Real Worker	UNKNOWN STEP	2026-10-03T09:52:14.7504299Z [command]/usr/bin/git config --local --get-all includeif.gitdir:/github/workspace/.git/worktrees/*.path
Real Worker	UNKNOWN STEP	2026-10-03T09:52:14.7531456Z /github/runner_temp/git-credentials-<uuid>.config
Real Worker	UNKNOWN STEP	2026-10-03T09:52:14.7541064Z [command]/usr/bin/git config --local --unset includeif.gitdir:/github/workspace/.git/worktrees/*.path \/github\/runner_temp\/git\-credentials\-<uuid>\.config
Real Worker	UNKNOWN STEP	2026-10-03T09:52:14.7578781Z [command]/usr/bin/git submodule foreach --recursive git config --local --show-origin --name-only --get-regexp remote.origin.url
Real Worker	UNKNOWN STEP	2026-10-03T09:52:14.7814654Z Removing credentials config '/home/runner/work/_temp/git-credentials-<uuid>.config'
Real Worker	UNKNOWN STEP	2026-10-03T09:52:14.7977164Z Cleaning up orphan processes
Docker E2E	UNKNOWN STEP	2026-10-03T09:51:45.5705113Z Current runner version: '2.337.0'
Docker E2E	UNKNOWN STEP	2026-10-03T09:51:45.5740678Z ##[group]Runner Image Provisioner
Docker E2E	UNKNOWN STEP	2026-10-03T09:51:45.5742218Z Hosted Compute Agent
Docker E2E	UNKNOWN STEP	2026-10-03T09:51:45.5743277Z Version: 20260901.588
Docker E2E	UNKNOWN STEP	2026-10-03T09:51:45.5744482Z Commit: <hex>
Docker E2E	UNKNOWN STEP	2026-10-03T09:51:45.5746150Z Build Date: 2026-09-01T19:56:44Z
Docker E2E	UNKNOWN STEP	2026-10-03T09:51:45.5747439Z Worker ID: {<uuid>}
Docker E2E	UNKNOWN STEP	2026-10-03T09:51:45.5748746Z Azure Region: westcentralus
Docker E2E	UNKNOWN STEP	2026-10-03T09:51:45.5750073Z ##[endgroup]
Docker E2E	UNKNOWN STEP	2026-10-03T09:51:45.5752521Z ##[group]Operating System
Docker E2E	UNKNOWN STEP	2026-10-03T09:51:45.5753901Z Ubuntu
Docker E2E	UNKNOWN STEP	2026-10-03T09:51:45.5754869Z 24.04.5
Docker E2E	UNKNOWN STEP	2026-10-03T09:51:45.5755905Z LTS
Docker E2E	UNKNOWN STEP	2026-10-03T09:51:45.5756828Z ##[endgroup]
Docker E2E	UNKNOWN STEP	2026-10-03T09:51:45.5757770Z ##[group]Runner Image
Docker E2E	UNKNOWN STEP	2026-10-03T09:51:45.5758977Z Image: ubuntu-24.04
Docker E2E	UNKNOWN STEP	2026-10-03T09:51:45.5760448Z Version: 20260927.320.1
Docker E2E	UNKNOWN STEP	2026-10-03T09:51:45.5763547Z Included Software: https://github.com/actions/runner-images/blob/ubuntu24/20260927.320/images/ubuntu/Ubuntu2404-Readme.md
Docker E2E	UNKNOWN STEP	2026-10-03T09:51:45.5766281Z Image Release: https://github.com/actions/runner-images/releases/tag/ubuntu24%2F20260927.320
Docker E2E	UNKNOWN STEP	2026-10-03T09:51:45.5768191Z ##[endgroup]
Docker E2E	UNKNOWN STEP	2026-10-03T09:51:45.5770597Z ##[group]GITHUB_TOKEN Permissions
Docker E2E	UNKNOWN STEP	2026-10-03T09:51:45.5773862Z Contents: read
Docker E2E	UNKNOWN STEP	2026-10-03T09:51:45.5774978Z Metadata: read
Docker E2E	UNKNOWN STEP	2026-10-03T09:51:45.5776186Z ##[endgroup]
Docker E2E	UNKNOWN STEP	2026-10-03T09:51:45.5779129Z Secret source: Actions
Docker E2E	UNKNOWN STEP	2026-10-03T09:51:45.5781110Z Cache mode: write
Docker E2E	UNKNOWN STEP	2026-10-03T09:51:45.5782882Z Prepare workflow directory
Docker E2E	UNKNOWN STEP	2026-10-03T09:51:45.6219149Z Prepare all required actions
Docker E2E	UNKNOWN STEP	2026-10-03T09:51:45.6292691Z Getting action download info
Docker E2E	UNKNOWN STEP	2026-10-03T09:51:45.9212476Z Download action repository 'actions/checkout@v7' (SHA:<hex>)
Docker E2E	UNKNOWN STEP	2026-10-03T09:51:46.0317268Z Download action repository 'actions/setup-node@v7' (SHA:<hex>)
Docker E2E	UNKNOWN STEP	2026-10-03T09:51:46.1211708Z Download action repository 'oven-sh/setup-bun@v2' (SHA:<hex>)
Docker E2E	UNKNOWN STEP	2026-10-03T09:51:46.7381537Z Download action repository 'actions/cache@v6' (SHA:<hex>)
Docker E2E	UNKNOWN STEP	2026-10-03T09:51:47.1104947Z Download action repository 'codecov/codecov-action@v7' (SHA:<hex>)
Docker E2E	UNKNOWN STEP	2026-10-03T09:51:47.5065494Z Getting action download info
Docker E2E	UNKNOWN STEP	2026-10-03T09:51:47.6285521Z Download action repository 'actions/github-script@<hex>' (SHA:<hex>)
Docker E2E	UNKNOWN STEP	2026-10-03T09:51:48.1181038Z Complete job name: Docker E2E
Docker E2E	UNKNOWN STEP	2026-10-03T09:51:48.1978639Z ##[group]Run actions/checkout@v7
Docker E2E	UNKNOWN STEP	2026-10-03T09:51:48.1979262Z with:
Docker E2E	UNKNOWN STEP	2026-10-03T09:51:48.1979738Z   repository: <org>/drangler
Docker E2E	UNKNOWN STEP	2026-10-03T09:51:48.1982143Z   token: ***
Docker E2E	UNKNOWN STEP	2026-10-03T09:51:48.1982376Z   ssh-strict: true
Docker E2E	UNKNOWN STEP	2026-10-03T09:51:48.1982605Z   ssh-user: git
Docker E2E	UNKNOWN STEP	2026-10-03T09:51:48.1982835Z   persist-credentials: true
Docker E2E	UNKNOWN STEP	2026-10-03T09:51:48.1983086Z   clean: true
Docker E2E	UNKNOWN STEP	2026-10-03T09:51:48.1983320Z   sparse-checkout-cone-mode: true
Docker E2E	UNKNOWN STEP	2026-10-03T09:51:48.1983603Z   fetch-depth: 1
Docker E2E	UNKNOWN STEP	2026-10-03T09:51:48.1983846Z   fetch-tags: false
Docker E2E	UNKNOWN STEP	2026-10-03T09:51:48.1984074Z   show-progress: true
Docker E2E	UNKNOWN STEP	2026-10-03T09:51:48.1984294Z   lfs: false
Docker E2E	UNKNOWN STEP	2026-10-03T09:51:48.1984501Z   submodules: false
Docker E2E	UNKNOWN STEP	2026-10-03T09:51:48.1984730Z   set-safe-directory: true
Docker E2E	UNKNOWN STEP	2026-10-03T09:51:48.1984989Z   allow-unsafe-pr-checkout: false
Docker E2E	UNKNOWN STEP	2026-10-03T09:51:48.1985502Z env:
Docker E2E	UNKNOWN STEP	2026-10-03T09:51:48.1985709Z   REQUIRE_DOCKER: 1
Docker E2E	UNKNOWN STEP	2026-10-03T09:51:48.1985935Z ##[endgroup]
Docker E2E	UNKNOWN STEP	2026-10-03T09:51:48.3003755Z Syncing repository: <org>/drangler
Docker E2E	UNKNOWN STEP	2026-10-03T09:51:48.3005859Z ##[group]Getting Git version info
Docker E2E	UNKNOWN STEP	2026-10-03T09:51:48.3006499Z Working directory is '/home/runner/work/drangler/drangler'
Docker E2E	UNKNOWN STEP	2026-10-03T09:51:48.3007416Z [command]/usr/bin/git version
Docker E2E	UNKNOWN STEP	2026-10-03T09:51:48.3103938Z git version 2.55.0
Docker E2E	UNKNOWN STEP	2026-10-03T09:51:48.3126492Z ##[endgroup]
Docker E2E	UNKNOWN STEP	2026-10-03T09:51:48.3140236Z Temporarily overriding HOME='/home/runner/work/_temp/<uuid>' before making global git config changes
Docker E2E	UNKNOWN STEP	2026-10-03T09:51:48.3141700Z Adding repository directory to the temporary git global config as a safe directory
Docker E2E	UNKNOWN STEP	2026-10-03T09:51:48.3146082Z [command]/usr/bin/git config --global --add safe.directory /home/runner/work/drangler/drangler
Docker E2E	UNKNOWN STEP	2026-10-03T09:51:48.3202521Z Deleting the contents of '/home/runner/work/drangler/drangler'
Docker E2E	UNKNOWN STEP	2026-10-03T09:51:48.3205971Z ##[group]Determining repository object format
Docker E2E	UNKNOWN STEP	2026-10-03T09:51:48.3207547Z ##[endgroup]
Docker E2E	UNKNOWN STEP	2026-10-03T09:51:48.3208284Z ##[group]Initializing the repository
Docker E2E	UNKNOWN STEP	2026-10-03T09:51:48.3212756Z [command]/usr/bin/git init /home/runner/work/drangler/drangler
Docker E2E	UNKNOWN STEP	2026-10-03T09:51:48.3325953Z hint: Using 'master' as the name for the initial branch. This default branch name
Docker E2E	UNKNOWN STEP	2026-10-03T09:51:48.3327070Z hint: will change to "main" in Git 3.0. To configure the initial branch name
Docker E2E	UNKNOWN STEP	2026-10-03T09:51:48.3328056Z hint: to use in all of your new repositories, which will suppress this warning,
Docker E2E	UNKNOWN STEP	2026-10-03T09:51:48.3328918Z hint: call:
Docker E2E	UNKNOWN STEP	2026-10-03T09:51:48.3329233Z hint:
Docker E2E	UNKNOWN STEP	2026-10-03T09:51:48.3329949Z hint: 	git config --global init.defaultBranch <name>
Docker E2E	UNKNOWN STEP	2026-10-03T09:51:48.3330671Z hint:
Docker E2E	UNKNOWN STEP	2026-10-03T09:51:48.3331175Z hint: Names commonly chosen instead of 'master' are 'main', 'trunk' and
Docker E2E	UNKNOWN STEP	2026-10-03T09:51:48.3332220Z hint: 'development'. The just-created branch can be renamed via this command:
Docker E2E	UNKNOWN STEP	2026-10-03T09:51:48.3333036Z hint:
Docker E2E	UNKNOWN STEP	2026-10-03T09:51:48.3333404Z hint: 	git branch -m <name>
Docker E2E	UNKNOWN STEP	2026-10-03T09:51:48.3333802Z hint:
Docker E2E	UNKNOWN STEP	2026-10-03T09:51:48.3334449Z hint: Disable this message with "git config set advice.defaultBranchName false"
Docker E2E	UNKNOWN STEP	2026-10-03T09:51:48.3335538Z Initialized empty Git repository in /home/runner/work/drangler/drangler/.git/
Docker E2E	UNKNOWN STEP	2026-10-03T09:51:48.3342403Z [command]/usr/bin/git remote add origin https://github.com/<org>/drangler
Docker E2E	UNKNOWN STEP	2026-10-03T09:51:48.3395394Z ##[endgroup]
Docker E2E	UNKNOWN STEP	2026-10-03T09:51:48.3396119Z ##[group]Disabling automatic garbage collection
Docker E2E	UNKNOWN STEP	2026-10-03T09:51:48.3400754Z [command]/usr/bin/git config --local gc.auto 0
Docker E2E	UNKNOWN STEP	2026-10-03T09:51:48.3434926Z ##[endgroup]
Docker E2E	UNKNOWN STEP	2026-10-03T09:51:48.3435541Z ##[group]Setting up auth
Docker E2E	UNKNOWN STEP	2026-10-03T09:51:48.3436137Z Removing SSH command configuration
Docker E2E	UNKNOWN STEP	2026-10-03T09:51:48.3442426Z [command]/usr/bin/git config --local --name-only --get-regexp core\.sshCommand
Docker E2E	UNKNOWN STEP	2026-10-03T09:51:48.3476633Z [command]/usr/bin/git submodule foreach --recursive sh -c "git config --local --name-only --get-regexp 'core\.sshCommand' && git config --local --unset-all 'core.sshCommand' || :"
Docker E2E	UNKNOWN STEP	2026-10-03T09:51:48.3874094Z Removing HTTP extra header
Docker E2E	UNKNOWN STEP	2026-10-03T09:51:48.3878725Z [command]/usr/bin/git config --local --name-only --get-regexp http\.https\:\/\/github\.com\/\.extraheader
Docker E2E	UNKNOWN STEP	2026-10-03T09:51:48.3920446Z [command]/usr/bin/git submodule foreach --recursive sh -c "git config --local --name-only --get-regexp 'http\.https\:\/\/github\.com\/\.extraheader' && git config --local --unset-all 'http.https://github.com/.extraheader' || :"
Docker E2E	UNKNOWN STEP	2026-10-03T09:51:48.4177280Z Removing includeIf entries pointing to credentials config files
Docker E2E	UNKNOWN STEP	2026-10-03T09:51:48.4182577Z [command]/usr/bin/git config --local --name-only --get-regexp ^includeIf\.gitdir:
Docker E2E	UNKNOWN STEP	2026-10-03T09:51:48.4219266Z [command]/usr/bin/git submodule foreach --recursive git config --local --show-origin --name-only --get-regexp remote.origin.url
Docker E2E	UNKNOWN STEP	2026-10-03T09:51:48.4459120Z [command]/usr/bin/git config --file /home/runner/work/_temp/git-credentials-<uuid>.config http.https://github.com/.extraheader AUTHORIZATION: basic ***
Docker E2E	UNKNOWN STEP	2026-10-03T09:51:48.4501794Z [command]/usr/bin/git config --local includeIf.gitdir:/home/runner/work/drangler/drangler/.git.path /home/runner/work/_temp/git-credentials-<uuid>.config
Docker E2E	UNKNOWN STEP	2026-10-03T09:51:48.4538920Z [command]/usr/bin/git config --local includeIf.gitdir:/home/runner/work/drangler/drangler/.git/worktrees/*.path /home/runner/work/_temp/git-credentials-<uuid>.config
Docker E2E	UNKNOWN STEP	2026-10-03T09:51:48.4581031Z [command]/usr/bin/git config --local includeIf.gitdir:/github/workspace/.git.path /github/runner_temp/git-credentials-<uuid>.config
Docker E2E	UNKNOWN STEP	2026-10-03T09:51:48.4619757Z [command]/usr/bin/git config --local includeIf.gitdir:/github/workspace/.git/worktrees/*.path /github/runner_temp/git-credentials-<uuid>.config
Docker E2E	UNKNOWN STEP	2026-10-03T09:51:48.4655253Z ##[endgroup]
Docker E2E	UNKNOWN STEP	2026-10-03T09:51:48.4656034Z ##[group]Fetching the repository
Docker E2E	UNKNOWN STEP	2026-10-03T09:51:48.4662681Z [command]/usr/bin/git -c protocol.version=2 fetch --no-tags --prune --no-recurse-submodules --depth=1 origin +df6dce4b00d66439e0c1258c862da36342a7488a:refs/remotes/origin/master
Docker E2E	UNKNOWN STEP	2026-10-03T09:51:49.1987913Z From https://github.com/<org>/drangler
Docker E2E	UNKNOWN STEP	2026-10-03T09:51:49.1988592Z  * [new ref]         df6dce4b00d66439e0c1258c862da36342a7488a -> origin/master
Docker E2E	UNKNOWN STEP	2026-10-03T09:51:49.1997551Z [command]/usr/bin/git branch --list --remote origin/master
Docker E2E	UNKNOWN STEP	2026-10-03T09:51:49.2026366Z   origin/master
Docker E2E	UNKNOWN STEP	2026-10-03T09:51:49.2034083Z [command]/usr/bin/git rev-parse refs/remotes/origin/master
Docker E2E	UNKNOWN STEP	2026-10-03T09:51:49.2060980Z df6dce4b00d66439e0c1258c862da36342a7488a
Docker E2E	UNKNOWN STEP	2026-10-03T09:51:49.2064581Z ##[endgroup]
Docker E2E	UNKNOWN STEP	2026-10-03T09:51:49.2065019Z ##[group]Determining the checkout info
Docker E2E	UNKNOWN STEP	2026-10-03T09:51:49.2065753Z ##[endgroup]
Docker E2E	UNKNOWN STEP	2026-10-03T09:51:49.2069948Z [command]/usr/bin/git sparse-checkout disable
Docker E2E	UNKNOWN STEP	2026-10-03T09:51:49.2124890Z [command]/usr/bin/git config --local --unset-all extensions.worktreeConfig
Docker E2E	UNKNOWN STEP	2026-10-03T09:51:49.2158328Z ##[group]Checking out the ref
Docker E2E	UNKNOWN STEP	2026-10-03T09:51:49.2162939Z [command]/usr/bin/git checkout --progress --force -B master refs/remotes/origin/master
Docker E2E	UNKNOWN STEP	2026-10-03T09:51:49.2373026Z Reset branch 'master'
Docker E2E	UNKNOWN STEP	2026-10-03T09:51:49.2378403Z branch 'master' set up to track 'origin/master'.
Docker E2E	UNKNOWN STEP	2026-10-03T09:51:49.2385971Z ##[endgroup]
Docker E2E	UNKNOWN STEP	2026-10-03T09:51:49.2435273Z [command]/usr/bin/git log -1 --format=%H
Docker E2E	UNKNOWN STEP	2026-10-03T09:51:49.2464904Z df6dce4b00d66439e0c1258c862da36342a7488a
Docker E2E	UNKNOWN STEP	2026-10-03T09:51:49.2717817Z ##[group]Run actions/setup-node@v7
Docker E2E	UNKNOWN STEP	2026-10-03T09:51:49.2718136Z with:
Docker E2E	UNKNOWN STEP	2026-10-03T09:51:49.2718344Z   node-version: 24
Docker E2E	UNKNOWN STEP	2026-10-03T09:51:49.2718577Z   check-latest: false
Docker E2E	UNKNOWN STEP	2026-10-03T09:51:49.2721276Z   token: ***
Docker E2E	UNKNOWN STEP	2026-10-03T09:51:49.2721524Z   package-manager-cache: true
Docker E2E	UNKNOWN STEP	2026-10-03T09:51:49.2721799Z env:
Docker E2E	UNKNOWN STEP	2026-10-03T09:51:49.2722002Z   REQUIRE_DOCKER: 1
Docker E2E	UNKNOWN STEP	2026-10-03T09:51:49.2722219Z ##[endgroup]
Docker E2E	UNKNOWN STEP	2026-10-03T09:51:49.4024643Z Found in cache @ /opt/hostedtoolcache/node/24.21.0/x64
Docker E2E	UNKNOWN STEP	2026-10-03T09:51:49.4027244Z ##[group]Environment details
Docker E2E	UNKNOWN STEP	2026-10-03T09:51:52.0989675Z node: v24.21.0
Docker E2E	UNKNOWN STEP	2026-10-03T09:51:52.0990505Z npm: 11.19.0
Docker E2E	UNKNOWN STEP	2026-10-03T09:51:52.0990892Z yarn: 1.22.22
Docker E2E	UNKNOWN STEP	2026-10-03T09:51:52.0992410Z ##[endgroup]
Docker E2E	UNKNOWN STEP	2026-10-03T09:51:52.1177271Z ##[group]Run oven-sh/setup-bun@v2
Docker E2E	UNKNOWN STEP	2026-10-03T09:51:52.1177594Z with:
Docker E2E	UNKNOWN STEP	2026-10-03T09:51:52.1177807Z   bun-version: latest
Docker E2E	UNKNOWN STEP	2026-10-03T09:51:52.1178052Z   no-cache: false
Docker E2E	UNKNOWN STEP	2026-10-03T09:51:52.1180521Z   token: ***
Docker E2E	UNKNOWN STEP	2026-10-03T09:51:52.1180737Z env:
Docker E2E	UNKNOWN STEP	2026-10-03T09:51:52.1180936Z   REQUIRE_DOCKER: 1
Docker E2E	UNKNOWN STEP	2026-10-03T09:51:52.1181160Z ##[endgroup]
Docker E2E	UNKNOWN STEP	2026-10-03T09:51:52.6971061Z Downloading a new version of Bun: https://github.com/oven-sh/bun/releases/download/bun-v1.4.2/bun-linux-x64.zip
Docker E2E	UNKNOWN STEP	2026-10-03T09:51:53.2626906Z [command]/usr/bin/unzip -o -q /home/runner/work/_temp/<uuid>.zip
Docker E2E	UNKNOWN STEP	2026-10-03T09:51:53.8782292Z [command]/home/runner/.bun/bin/bun --revision
Docker E2E	UNKNOWN STEP	2026-10-03T09:51:53.8838547Z 1.4.2+744846f84
Docker E2E	UNKNOWN STEP	2026-10-03T09:51:53.8993123Z ##[group]Run bun install --frozen-lockfile
Docker E2E	UNKNOWN STEP	2026-10-03T09:51:53.8993550Z ^[[36;1mbun install --frozen-lockfile^[[0m
Docker E2E	UNKNOWN STEP	2026-10-03T09:51:54.0318833Z shell: /usr/bin/bash -e {0}
Docker E2E	UNKNOWN STEP	2026-10-03T09:51:54.0319171Z env:
Docker E2E	UNKNOWN STEP	2026-10-03T09:51:54.0319657Z   REQUIRE_DOCKER: 1
Docker E2E	UNKNOWN STEP	2026-10-03T09:51:54.0319923Z ##[endgroup]
Docker E2E	UNKNOWN STEP	2026-10-03T09:51:54.0484307Z bun install v1.4.2 (744846f84)
Docker E2E	UNKNOWN STEP	2026-10-03T09:51:55.1779764Z 
Docker E2E	UNKNOWN STEP	2026-10-03T09:51:55.1780391Z $ husky
Docker E2E	UNKNOWN STEP	2026-10-03T09:51:55.2289071Z 
Docker E2E	UNKNOWN STEP	2026-10-03T09:51:55.2290379Z + @cloudflare/workers-types@5.20260815.1
Docker E2E	UNKNOWN STEP	2026-10-03T09:51:55.2291076Z + @types/node@26.2.0
Docker E2E	UNKNOWN STEP	2026-10-03T09:51:55.2291560Z + @vitest/coverage-v8@4.1.10
Docker E2E	UNKNOWN STEP	2026-10-03T09:51:55.2291948Z + husky@9.1.7
Docker E2E	UNKNOWN STEP	2026-10-03T09:51:55.2292286Z + lint-staged@17.3.0
Docker E2E	UNKNOWN STEP	2026-10-03T09:51:55.2292563Z + prettier@3.9.6
Docker E2E	UNKNOWN STEP	2026-10-03T09:51:55.2292986Z + prettier-plugin-organize-imports@4.3.0
Docker E2E	UNKNOWN STEP	2026-10-03T09:51:55.2293684Z + prettier-plugin-sh@0.20.2
Docker E2E	UNKNOWN STEP	2026-10-03T09:51:55.2294005Z + typedoc@0.28.20
Docker E2E	UNKNOWN STEP	2026-10-03T09:51:55.2294284Z + typescript@5.9.3
Docker E2E	UNKNOWN STEP	2026-10-03T09:51:55.2294600Z + vitest@4.1.10
Docker E2E	UNKNOWN STEP	2026-10-03T09:51:55.2294887Z + wrangler@4.146.0
Docker E2E	UNKNOWN STEP	2026-10-03T09:51:55.2295174Z + <private-pkg>@0.2.0
Docker E2E	UNKNOWN STEP	2026-10-03T09:51:55.2295687Z + @napi-rs/keyring@2.1.0
Docker E2E	UNKNOWN STEP	2026-10-03T09:51:55.2296105Z + commander@15.0.0
Docker E2E	UNKNOWN STEP	2026-10-03T09:51:55.2296372Z 
Docker E2E	UNKNOWN STEP	2026-10-03T09:51:55.2296635Z 137 packages installed [1179.00ms]
Docker E2E	UNKNOWN STEP	2026-10-03T09:51:55.2978512Z ##[group]Run actions/cache@v6
Docker E2E	UNKNOWN STEP	2026-10-03T09:51:55.2978830Z with:
Docker E2E	UNKNOWN STEP	2026-10-03T09:51:55.2979050Z   path: /tmp/docker-images
Docker E2E	UNKNOWN STEP	2026-10-03T09:51:55.2979869Z   key: <redacted>
Docker E2E	UNKNOWN STEP	2026-10-03T09:51:55.2980368Z   enableCrossOsArchive: false
Docker E2E	UNKNOWN STEP	2026-10-03T09:51:55.2980634Z   fail-on-cache-miss: false
Docker E2E	UNKNOWN STEP	2026-10-03T09:51:55.2980880Z   lookup-only: false
Docker E2E	UNKNOWN STEP	2026-10-03T09:51:55.2981107Z   save-always: false
Docker E2E	UNKNOWN STEP	2026-10-03T09:51:55.2981316Z env:
Docker E2E	UNKNOWN STEP	2026-10-03T09:51:55.2981525Z   REQUIRE_DOCKER: 1
Docker E2E	UNKNOWN STEP	2026-10-03T09:51:55.2981738Z ##[endgroup]
Docker E2E	UNKNOWN STEP	2026-10-03T09:51:55.5992912Z Cache not found for input keys: <redacted>
Docker E2E	UNKNOWN STEP	2026-10-03T09:51:55.6075143Z ##[group]Run if [ -f /tmp/docker-images/images.tar ]; then
Docker E2E	UNKNOWN STEP	2026-10-03T09:51:55.6075621Z ^[[36;1mif [ -f /tmp/docker-images/images.tar ]; then^[[0m
Docker E2E	UNKNOWN STEP	2026-10-03T09:51:55.6076009Z ^[[36;1m  docker load -i /tmp/docker-images/images.tar^[[0m
Docker E2E	UNKNOWN STEP	2026-10-03T09:51:55.6076335Z ^[[36;1melse^[[0m
Docker E2E	UNKNOWN STEP	2026-10-03T09:51:55.6076593Z ^[[36;1m  docker compose -f docker/compose.yml pull^[[0m
Docker E2E	UNKNOWN STEP	2026-10-03T09:51:55.6076926Z ^[[36;1m  mkdir -p /tmp/docker-images^[[0m
Docker E2E	UNKNOWN STEP	2026-10-03T09:51:55.6077474Z ^[[36;1m  docker compose -f docker/compose.yml config --images | sort -u | xargs docker save -o /tmp/docker-images/images.tar^[[0m
Docker E2E	UNKNOWN STEP	2026-10-03T09:51:55.6078006Z ^[[36;1mfi^[[0m
Docker E2E	UNKNOWN STEP	2026-10-03T09:51:55.6138940Z shell: /usr/bin/bash -e {0}
Docker E2E	UNKNOWN STEP	2026-10-03T09:51:55.6139194Z env:
Docker E2E	UNKNOWN STEP	2026-10-03T09:51:55.6139655Z   REQUIRE_DOCKER: 1
Docker E2E	UNKNOWN STEP	2026-10-03T09:51:55.6139908Z ##[endgroup]
Docker E2E	UNKNOWN STEP	2026-10-03T09:51:58.3557155Z  drupal Pulling 
Docker E2E	UNKNOWN STEP	2026-10-03T09:51:58.3560504Z  db Pulling 
Docker E2E	UNKNOWN STEP	2026-10-03T09:51:59.1309119Z  6b37362b3da7 Pulling fs layer 
Docker E2E	UNKNOWN STEP	2026-10-03T09:51:59.1310287Z  215869c9ffb9 Pulling fs layer 
Docker E2E	UNKNOWN STEP	2026-10-03T09:51:59.1310791Z  9b6866565b74 Pulling fs layer 
Docker E2E	UNKNOWN STEP	2026-10-03T09:51:59.1311224Z  6c771fe90ccb Pulling fs layer 
Docker E2E	UNKNOWN STEP	2026-10-03T09:51:59.1311654Z  28eb77c41f92 Pulling fs layer 
Docker E2E	UNKNOWN STEP	2026-10-03T09:51:59.1312204Z  3d65371285a9 Pulling fs layer 
Docker E2E	UNKNOWN STEP	2026-10-03T09:51:59.1312651Z  4d7d1f2229ea Pulling fs layer 
Docker E2E	UNKNOWN STEP	2026-10-03T09:51:59.1313095Z  9a9e523ba1c6 Pulling fs layer 
Docker E2E	UNKNOWN STEP	2026-10-03T09:51:59.1313533Z  345d40a81509 Pulling fs layer 
Docker E2E	UNKNOWN STEP	2026-10-03T09:51:59.1313985Z  82a7cee9903f Pulling fs layer 
Docker E2E	UNKNOWN STEP	2026-10-03T09:51:59.1314408Z  97b775105118 Pulling fs layer 
Docker E2E	UNKNOWN STEP	2026-10-03T09:51:59.1314868Z  8280252f5126 Pulling fs layer 
Docker E2E	UNKNOWN STEP	2026-10-03T09:51:59.1315344Z  51096eb23faa Pulling fs layer 
Docker E2E	UNKNOWN STEP	2026-10-03T09:51:59.1315854Z  4f4fb700ef54 Pulling fs layer 
Docker E2E	UNKNOWN STEP	2026-10-03T09:51:59.1316350Z  b4bfdaf16fb9 Pulling fs layer 
Docker E2E	UNKNOWN STEP	2026-10-03T09:51:59.1316860Z  ae322d0b4216 Pulling fs layer 
Docker E2E	UNKNOWN STEP	2026-10-03T09:51:59.1317354Z  fcdedffe8dcb Pulling fs layer 
Docker E2E	UNKNOWN STEP	2026-10-03T09:51:59.1317842Z  c7fe7819114b Pulling fs layer 
Docker E2E	UNKNOWN STEP	2026-10-03T09:51:59.1318337Z  119f7366a2e0 Pulling fs layer 
Docker E2E	UNKNOWN STEP	2026-10-03T09:51:59.1318818Z  ef4131a874b6 Pulling fs layer 
Docker E2E	UNKNOWN STEP	2026-10-03T09:51:59.1319281Z  6c771fe90ccb Waiting 
Docker E2E	UNKNOWN STEP	2026-10-03T09:51:59.1320012Z  28eb77c41f92 Waiting 
Docker E2E	UNKNOWN STEP	2026-10-03T09:51:59.1320451Z  3d65371285a9 Waiting 
Docker E2E	UNKNOWN STEP	2026-10-03T09:51:59.1320845Z  4d7d1f2229ea Waiting 
Docker E2E	UNKNOWN STEP	2026-10-03T09:51:59.1321291Z  9a9e523ba1c6 Waiting 
Docker E2E	UNKNOWN STEP	2026-10-03T09:51:59.1321681Z  345d40a81509 Waiting 
Docker E2E	UNKNOWN STEP	2026-10-03T09:51:59.1322072Z  82a7cee9903f Waiting 
Docker E2E	UNKNOWN STEP	2026-10-03T09:51:59.1322462Z  97b775105118 Waiting 
Docker E2E	UNKNOWN STEP	2026-10-03T09:51:59.1322830Z  8280252f5126 Waiting 
Docker E2E	UNKNOWN STEP	2026-10-03T09:51:59.1323205Z  51096eb23faa Waiting 
Docker E2E	UNKNOWN STEP	2026-10-03T09:51:59.1323580Z  4f4fb700ef54 Waiting 
Docker E2E	UNKNOWN STEP	2026-10-03T09:51:59.1323975Z  b4bfdaf16fb9 Waiting 
Docker E2E	UNKNOWN STEP	2026-10-03T09:51:59.1324404Z  ef4131a874b6 Waiting 
Docker E2E	UNKNOWN STEP	2026-10-03T09:51:59.1325159Z  ae322d0b4216 Waiting 
Docker E2E	UNKNOWN STEP	2026-10-03T09:51:59.1325551Z  fcdedffe8dcb Waiting 
Docker E2E	UNKNOWN STEP	2026-10-03T09:51:59.1325938Z  c7fe7819114b Waiting 
Docker E2E	UNKNOWN STEP	2026-10-03T09:51:59.1326312Z  119f7366a2e0 Waiting 
Docker E2E	UNKNOWN STEP	2026-10-03T09:51:59.1587143Z  09923199ca0e Pulling fs layer 
Docker E2E	UNKNOWN STEP	2026-10-03T09:51:59.1587798Z  d9b985643753 Pulling fs layer 
Docker E2E	UNKNOWN STEP	2026-10-03T09:51:59.1588307Z  2e22be087fd8 Pulling fs layer 
Docker E2E	UNKNOWN STEP	2026-10-03T09:51:59.1588788Z  29aea408d531 Pulling fs layer 
Docker E2E	UNKNOWN STEP	2026-10-03T09:51:59.1589277Z  06237a023be8 Pulling fs layer 
Docker E2E	UNKNOWN STEP	2026-10-03T09:51:59.1589990Z  be29340626a9 Pulling fs layer 
Docker E2E	UNKNOWN STEP	2026-10-03T09:51:59.1590495Z  35db766aaa46 Pulling fs layer 
Docker E2E	UNKNOWN STEP	2026-10-03T09:51:59.1590982Z  9fbe1c7b50ad Pulling fs layer 
Docker E2E	UNKNOWN STEP	2026-10-03T09:51:59.1591485Z  07aed2594a34 Pulling fs layer 
Docker E2E	UNKNOWN STEP	2026-10-03T09:51:59.1591843Z  09923199ca0e Waiting 
Docker E2E	UNKNOWN STEP	2026-10-03T09:51:59.1592083Z  d9b985643753 Waiting 
Docker E2E	UNKNOWN STEP	2026-10-03T09:51:59.1592312Z  2e22be087fd8 Waiting 
Docker E2E	UNKNOWN STEP	2026-10-03T09:51:59.1592537Z  35db766aaa46 Waiting 
Docker E2E	UNKNOWN STEP	2026-10-03T09:51:59.1592761Z  29aea408d531 Waiting 
Docker E2E	UNKNOWN STEP	2026-10-03T09:51:59.1592976Z  06237a023be8 Waiting 
Docker E2E	UNKNOWN STEP	2026-10-03T09:51:59.1593210Z  9fbe1c7b50ad Waiting 
Docker E2E	UNKNOWN STEP	2026-10-03T09:51:59.1593427Z  be29340626a9 Waiting 
Docker E2E	UNKNOWN STEP	2026-10-03T09:51:59.1593666Z  07aed2594a34 Waiting 
Docker E2E	UNKNOWN STEP	2026-10-03T09:51:59.3490227Z  215869c9ffb9 Downloading [==================================================>]     227B/227B
Docker E2E	UNKNOWN STEP	2026-10-03T09:51:59.3491491Z  215869c9ffb9 Verifying Checksum 
Docker E2E	UNKNOWN STEP	2026-10-03T09:51:59.3492660Z  215869c9ffb9 Download complete 
Docker E2E	UNKNOWN STEP	2026-10-03T09:51:59.4052515Z  6b37362b3da7 Downloading [>                                                  ]  310.7kB/29.83MB
Docker E2E	UNKNOWN STEP	2026-10-03T09:51:59.4274962Z  9b6866565b74 Downloading [>                                                  ]  534.1kB/117.8MB
Docker E2E	UNKNOWN STEP	2026-10-03T09:51:59.5059325Z  6b37362b3da7 Downloading [=====>                                             ]  3.112MB/29.83MB
Docker E2E	UNKNOWN STEP	2026-10-03T09:51:59.5277901Z  9b6866565b74 Downloading [==>                                                ]  4.822MB/117.8MB
Docker E2E	UNKNOWN STEP	2026-10-03T09:51:59.5411259Z  6c771fe90ccb Downloading [==================================================>]     227B/227B
Docker E2E	UNKNOWN STEP	2026-10-03T09:51:59.5416486Z  6c771fe90ccb Verifying Checksum 
Docker E2E	UNKNOWN STEP	2026-10-03T09:51:59.5417548Z  6c771fe90ccb Download complete 
Docker E2E	UNKNOWN STEP	2026-10-03T09:51:59.6088515Z  6b37362b3da7 Downloading [==================================>                ]  20.54MB/29.83MB
Docker E2E	UNKNOWN STEP	2026-10-03T09:51:59.6280886Z  9b6866565b74 Downloading [===========>                                       ]  28.23MB/117.8MB
Docker E2E	UNKNOWN STEP	2026-10-03T09:51:59.6350602Z  6b37362b3da7 Verifying Checksum 
Docker E2E	UNKNOWN STEP	2026-10-03T09:51:59.6354005Z  6b37362b3da7 Download complete 
Docker E2E	UNKNOWN STEP	2026-10-03T09:51:59.6777513Z  6b37362b3da7 Extracting [>                                                  ]  327.7kB/29.83MB
Docker E2E	UNKNOWN STEP	2026-10-03T09:51:59.7298244Z  9b6866565b74 Downloading [========================>                          ]  58.64MB/117.8MB
Docker E2E	UNKNOWN STEP	2026-10-03T09:51:59.7741238Z  28eb77c41f92 Downloading [>                                                  ]  48.55kB/4.239MB
Docker E2E	UNKNOWN STEP	2026-10-03T09:51:59.7801724Z  6b37362b3da7 Extracting [========>                                          ]  4.915MB/29.83MB
Docker E2E	UNKNOWN STEP	2026-10-03T09:51:59.8309761Z  9b6866565b74 Downloading [=====================================>             ]  87.45MB/117.8MB
Docker E2E	UNKNOWN STEP	2026-10-03T09:51:59.8478491Z  3d65371285a9 Downloading [==================================================>]     425B/425B
Docker E2E	UNKNOWN STEP	2026-10-03T09:51:59.8479765Z  3d65371285a9 Download complete 
Docker E2E	UNKNOWN STEP	2026-10-03T09:51:59.8750406Z  28eb77c41f92 Downloading [================>                                  ]  1.376MB/4.239MB
Docker E2E	UNKNOWN STEP	2026-10-03T09:51:59.8897284Z  6b37362b3da7 Extracting [===============>                                   ]  9.503MB/29.83MB
Docker E2E	UNKNOWN STEP	2026-10-03T09:51:59.9253149Z  28eb77c41f92 Verifying Checksum 
Docker E2E	UNKNOWN STEP	2026-10-03T09:51:59.9254928Z  28eb77c41f92 Download complete 
Docker E2E	UNKNOWN STEP	2026-10-03T09:51:59.9305796Z  9b6866565b74 Verifying Checksum 
Docker E2E	UNKNOWN STEP	2026-10-03T09:51:59.9310812Z  9b6866565b74 Download complete 
Docker E2E	UNKNOWN STEP	2026-10-03T09:51:59.9984965Z  6b37362b3da7 Extracting [====================>                              ]  12.12MB/29.83MB
Docker E2E	UNKNOWN STEP	2026-10-03T09:52:00.0413674Z  4d7d1f2229ea Downloading [==================================================>]     480B/480B
Docker E2E	UNKNOWN STEP	2026-10-03T09:52:00.0414844Z  4d7d1f2229ea Verifying Checksum 
Docker E2E	UNKNOWN STEP	2026-10-03T09:52:00.0415344Z  4d7d1f2229ea Download complete 
Docker E2E	UNKNOWN STEP	2026-10-03T09:52:00.0997480Z  6b37362b3da7 Extracting [==================================>                ]  20.64MB/29.83MB
Docker E2E	UNKNOWN STEP	2026-10-03T09:52:00.1265989Z  345d40a81509 Downloading [==================================================>]     488B/488B
Docker E2E	UNKNOWN STEP	2026-10-03T09:52:00.1268795Z  345d40a81509 Verifying Checksum 
Docker E2E	UNKNOWN STEP	2026-10-03T09:52:00.1269811Z  345d40a81509 Download complete 
Docker E2E	UNKNOWN STEP	2026-10-03T09:52:00.1611824Z  9a9e523ba1c6 Downloading [>                                                  ]  146.9kB/14.64MB
Docker E2E	UNKNOWN STEP	2026-10-03T09:52:00.2603541Z  82a7cee9903f Downloading [>                                                  ]  163.2kB/15.19MB
Docker E2E	UNKNOWN STEP	2026-10-03T09:52:00.2622328Z  9a9e523ba1c6 Downloading [=======>                                           ]  2.211MB/14.64MB
Docker E2E	UNKNOWN STEP	2026-10-03T09:52:00.3346343Z  97b775105118 Downloading [==================================================>]  2.459kB/2.459kB
Docker E2E	UNKNOWN STEP	2026-10-03T09:52:00.3347707Z  97b775105118 Verifying Checksum 
Docker E2E	UNKNOWN STEP	2026-10-03T09:52:00.3349233Z  97b775105118 Download complete 
Docker E2E	UNKNOWN STEP	2026-10-03T09:52:00.3429556Z  6b37362b3da7 Extracting [===========================================>       ]  26.21MB/29.83MB
Docker E2E	UNKNOWN STEP	2026-10-03T09:52:00.3525672Z  9a9e523ba1c6 Verifying Checksum 
Docker E2E	UNKNOWN STEP	2026-10-03T09:52:00.3526266Z  9a9e523ba1c6 Download complete 
Docker E2E	UNKNOWN STEP	2026-10-03T09:52:00.3621286Z  82a7cee9903f Downloading [========>                                          ]  2.457MB/15.19MB
Docker E2E	UNKNOWN STEP	2026-10-03T09:52:00.4512210Z  82a7cee9903f Verifying Checksum 
Docker E2E	UNKNOWN STEP	2026-10-03T09:52:00.4513198Z  82a7cee9903f Download complete 
Docker E2E	UNKNOWN STEP	2026-10-03T09:52:00.4582870Z  6b37362b3da7 Extracting [===============================================>   ]  28.51MB/29.83MB
Docker E2E	UNKNOWN STEP	2026-10-03T09:52:00.5259097Z  8280252f5126 Downloading [==================================================>]     245B/245B
Docker E2E	UNKNOWN STEP	2026-10-03T09:52:00.5260118Z  8280252f5126 Verifying Checksum 
Docker E2E	UNKNOWN STEP	2026-10-03T09:52:00.5262304Z  8280252f5126 Download complete 
Docker E2E	UNKNOWN STEP	2026-10-03T09:52:00.5310387Z  51096eb23faa Downloading [==================================================>]     890B/890B
Docker E2E	UNKNOWN STEP	2026-10-03T09:52:00.5311265Z  51096eb23faa Verifying Checksum 
Docker E2E	UNKNOWN STEP	2026-10-03T09:52:00.5313665Z  51096eb23faa Download complete 
Docker E2E	UNKNOWN STEP	2026-10-03T09:52:00.6282691Z  4f4fb700ef54 Downloading [==================================================>]      32B/32B
Docker E2E	UNKNOWN STEP	2026-10-03T09:52:00.6283457Z  4f4fb700ef54 Verifying Checksum 
Docker E2E	UNKNOWN STEP	2026-10-03T09:52:00.6283927Z  4f4fb700ef54 Download complete 
Docker E2E	UNKNOWN STEP	2026-10-03T09:52:00.6450185Z  6b37362b3da7 Extracting [================================================>  ]  29.16MB/29.83MB
Docker E2E	UNKNOWN STEP	2026-10-03T09:52:00.7220820Z  ae322d0b4216 Downloading [==================================================>]     312B/312B
Docker E2E	UNKNOWN STEP	2026-10-03T09:52:00.7221668Z  ae322d0b4216 Verifying Checksum 
Docker E2E	UNKNOWN STEP	2026-10-03T09:52:00.7222170Z  ae322d0b4216 Download complete 
Docker E2E	UNKNOWN STEP	2026-10-03T09:52:00.7375494Z  6b37362b3da7 Extracting [==================================================>]  29.83MB/29.83MB
Docker E2E	UNKNOWN STEP	2026-10-03T09:52:00.7472391Z  b4bfdaf16fb9 Downloading [>                                                  ]  114.7kB/10.82MB
Docker E2E	UNKNOWN STEP	2026-10-03T09:52:00.8130146Z  fcdedffe8dcb Downloading [==================================================>]     256B/256B
Docker E2E	UNKNOWN STEP	2026-10-03T09:52:00.8131270Z  fcdedffe8dcb Download complete 
Docker E2E	UNKNOWN STEP	2026-10-03T09:52:00.8594247Z  b4bfdaf16fb9 Downloading [==>                                                ]  458.8kB/10.82MB
Docker E2E	UNKNOWN STEP	2026-10-03T09:52:00.8616558Z  6b37362b3da7 Pull complete 
Docker E2E	UNKNOWN STEP	2026-10-03T09:52:00.8648762Z  215869c9ffb9 Extracting [==================================================>]     227B/227B
Docker E2E	UNKNOWN STEP	2026-10-03T09:52:00.8654123Z  215869c9ffb9 Extracting [==================================================>]     227B/227B
Docker E2E	UNKNOWN STEP	2026-10-03T09:52:00.9007898Z  c7fe7819114b Downloading [>                                                  ]  15.79kB/833kB
Docker E2E	UNKNOWN STEP	2026-10-03T09:52:00.9627816Z  b4bfdaf16fb9 Downloading [===================>                               ]  4.234MB/10.82MB
Docker E2E	UNKNOWN STEP	2026-10-03T09:52:01.0029879Z  119f7366a2e0 Downloading [==================================================>]     115B/115B
Docker E2E	UNKNOWN STEP	2026-10-03T09:52:01.0196481Z  119f7366a2e0 Verifying Checksum 
Docker E2E	UNKNOWN STEP	2026-10-03T09:52:01.0197132Z  119f7366a2e0 Download complete 
Docker E2E	UNKNOWN STEP	2026-10-03T09:52:01.0199860Z  c7fe7819114b Downloading [==========================>                        ]    436kB/833kB
Docker E2E	UNKNOWN STEP	2026-10-03T09:52:01.0358179Z  c7fe7819114b Verifying Checksum 
Docker E2E	UNKNOWN STEP	2026-10-03T09:52:01.0358856Z  c7fe7819114b Download complete 
Docker E2E	UNKNOWN STEP	2026-10-03T09:52:01.0568406Z  b4bfdaf16fb9 Verifying Checksum 
Docker E2E	UNKNOWN STEP	2026-10-03T09:52:01.0569149Z  b4bfdaf16fb9 Download complete 
Docker E2E	UNKNOWN STEP	2026-10-03T09:52:01.2453331Z  d9b985643753 Downloading [==================================================>]     391B/391B
Docker E2E	UNKNOWN STEP	2026-10-03T09:52:01.2454258Z  d9b985643753 Download complete 
Docker E2E	UNKNOWN STEP	2026-10-03T09:52:01.2615089Z  ef4131a874b6 Downloading [>                                                  ]  244.5kB/23.63MB
Docker E2E	UNKNOWN STEP	2026-10-03T09:52:01.2892449Z  09923199ca0e Downloading [>                                                  ]  425.4kB/41.57MB
Docker E2E	UNKNOWN STEP	2026-10-03T09:52:01.3640815Z  ef4131a874b6 Downloading [======>                                            ]  3.184MB/23.63MB
Docker E2E	UNKNOWN STEP	2026-10-03T09:52:01.3934292Z  09923199ca0e Downloading [=====>                                             ]  4.685MB/41.57MB
Docker E2E	UNKNOWN STEP	2026-10-03T09:52:01.4454815Z  2e22be087fd8 Downloading [==================================================>]  1.342kB/1.342kB
Docker E2E	UNKNOWN STEP	2026-10-03T09:52:01.4456126Z  2e22be087fd8 Verifying Checksum 
Docker E2E	UNKNOWN STEP	2026-10-03T09:52:01.4456992Z  2e22be087fd8 Download complete 
Docker E2E	UNKNOWN STEP	2026-10-03T09:52:01.4642884Z  ef4131a874b6 Downloading [============================================>      ]  20.97MB/23.63MB
Docker E2E	UNKNOWN STEP	2026-10-03T09:52:01.4720165Z  ef4131a874b6 Verifying Checksum 
Docker E2E	UNKNOWN STEP	2026-10-03T09:52:01.4721547Z  ef4131a874b6 Download complete 
Docker E2E	UNKNOWN STEP	2026-10-03T09:52:01.4943620Z  09923199ca0e Downloading [====================================>              ]  30.24MB/41.57MB
Docker E2E	UNKNOWN STEP	2026-10-03T09:52:01.5241033Z  09923199ca0e Verifying Checksum 
Docker E2E	UNKNOWN STEP	2026-10-03T09:52:01.5241793Z  09923199ca0e Download complete 
Docker E2E	UNKNOWN STEP	2026-10-03T09:52:01.6366662Z  09923199ca0e Extracting [>                                                  ]    426kB/41.57MB
Docker E2E	UNKNOWN STEP	2026-10-03T09:52:01.6497644Z  06237a023be8 Downloading [==================================================>]     116B/116B
Docker E2E	UNKNOWN STEP	2026-10-03T09:52:01.6501077Z  06237a023be8 Verifying Checksum 
Docker E2E	UNKNOWN STEP	2026-10-03T09:52:01.6505724Z  06237a023be8 Download complete 
Docker E2E	UNKNOWN STEP	2026-10-03T09:52:01.6637894Z  29aea408d531 Downloading [>                                                  ]  62.83kB/5.756MB
Docker E2E	UNKNOWN STEP	2026-10-03T09:52:01.7038044Z  be29340626a9 Downloading [==================================================>]     333B/333B
Docker E2E	UNKNOWN STEP	2026-10-03T09:52:01.7039113Z  be29340626a9 Verifying Checksum 
Docker E2E	UNKNOWN STEP	2026-10-03T09:52:01.7039916Z  be29340626a9 Download complete 
Docker E2E	UNKNOWN STEP	2026-10-03T09:52:01.7459619Z  09923199ca0e Extracting [=========>                                         ]  7.668MB/41.57MB
Docker E2E	UNKNOWN STEP	2026-10-03T09:52:01.7662450Z  29aea408d531 Downloading [==============>                                    ]  1.693MB/5.756MB
Docker E2E	UNKNOWN STEP	2026-10-03T09:52:01.8248253Z  29aea408d531 Verifying Checksum 
Docker E2E	UNKNOWN STEP	2026-10-03T09:52:01.8249185Z  29aea408d531 Download complete 
Docker E2E	UNKNOWN STEP	2026-10-03T09:52:01.8469852Z  09923199ca0e Extracting [==============>                                    ]  11.93MB/41.57MB
Docker E2E	UNKNOWN STEP	2026-10-03T09:52:01.9096624Z  35db766aaa46 Downloading [>                                                  ]  525.3kB/71.95MB
Docker E2E	UNKNOWN STEP	2026-10-03T09:52:01.9525475Z  9fbe1c7b50ad Downloading [===========================================>       ]  3.501kB/4.037kB
Docker E2E	UNKNOWN STEP	2026-10-03T09:52:01.9526637Z  9fbe1c7b50ad Downloading [==================================================>]  4.037kB/4.037kB
Docker E2E	UNKNOWN STEP	2026-10-03T09:52:01.9527452Z  9fbe1c7b50ad Verifying Checksum 
Docker E2E	UNKNOWN STEP	2026-10-03T09:52:01.9528030Z  9fbe1c7b50ad Download complete 
Docker E2E	UNKNOWN STEP	2026-10-03T09:52:01.9585471Z  09923199ca0e Extracting [=====================>                             ]  17.89MB/41.57MB
Docker E2E	UNKNOWN STEP	2026-10-03T09:52:02.0005692Z  07aed2594a34 Downloading [====================>                              ]  3.502kB/8.498kB
Docker E2E	UNKNOWN STEP	2026-10-03T09:52:02.0006730Z  07aed2594a34 Downloading [==================================================>]  8.498kB/8.498kB
Docker E2E	UNKNOWN STEP	2026-10-03T09:52:02.0007773Z  07aed2594a34 Verifying Checksum 
Docker E2E	UNKNOWN STEP	2026-10-03T09:52:02.0008103Z  07aed2594a34 Download complete 
Docker E2E	UNKNOWN STEP	2026-10-03T09:52:02.0172663Z  35db766aaa46 Downloading [===>                                               ]  5.351MB/71.95MB
Docker E2E	UNKNOWN STEP	2026-10-03T09:52:02.0615435Z  09923199ca0e Extracting [======================>                            ]  18.74MB/41.57MB
Docker E2E	UNKNOWN STEP	2026-10-03T09:52:02.1195301Z  35db766aaa46 Downloading [=====================>                             ]  30.37MB/71.95MB
Docker E2E	UNKNOWN STEP	2026-10-03T09:52:02.1702881Z  09923199ca0e Extracting [========================>                          ]  20.45MB/41.57MB
Docker E2E	UNKNOWN STEP	2026-10-03T09:52:02.2192477Z  35db766aaa46 Downloading [==========================================>        ]  60.81MB/71.95MB
Docker E2E	UNKNOWN STEP	2026-10-03T09:52:02.2535593Z  35db766aaa46 Verifying Checksum 
Docker E2E	UNKNOWN STEP	2026-10-03T09:52:02.2536695Z  35db766aaa46 Download complete 
Docker E2E	UNKNOWN STEP	2026-10-03T09:52:02.2704815Z  09923199ca0e Extracting [===============================>                   ]  26.41MB/41.57MB
Docker E2E	UNKNOWN STEP	2026-10-03T09:52:02.3742634Z  09923199ca0e Extracting [========================================>          ]  34.08MB/41.57MB
Docker E2E	UNKNOWN STEP	2026-10-03T09:52:02.4770073Z  09923199ca0e Extracting [===========================================>       ]  35.78MB/41.57MB
Docker E2E	UNKNOWN STEP	2026-10-03T09:52:02.6620658Z  09923199ca0e Extracting [===========================================>       ]  36.21MB/41.57MB
Docker E2E	UNKNOWN STEP	2026-10-03T09:52:02.9760230Z  09923199ca0e Extracting [==============================================>    ]  38.76MB/41.57MB
Docker E2E	UNKNOWN STEP	2026-10-03T09:52:03.4210660Z  09923199ca0e Extracting [===============================================>   ]  39.19MB/41.57MB
Docker E2E	UNKNOWN STEP	2026-10-03T09:52:03.6751345Z  09923199ca0e Extracting [===============================================>   ]  39.62MB/41.57MB
Docker E2E	UNKNOWN STEP	2026-10-03T09:52:03.7816653Z  09923199ca0e Extracting [================================================>  ]  40.47MB/41.57MB
Docker E2E	UNKNOWN STEP	2026-10-03T09:52:03.9032159Z  09923199ca0e Extracting [=================================================> ]  40.89MB/41.57MB
Docker E2E	UNKNOWN STEP	2026-10-03T09:52:04.0344646Z  09923199ca0e Extracting [=================================================> ]  41.32MB/41.57MB
Docker E2E	UNKNOWN STEP	2026-10-03T09:52:04.1320573Z  09923199ca0e Extracting [==================================================>]  41.57MB/41.57MB
Docker E2E	UNKNOWN STEP	2026-10-03T09:52:04.2213639Z  09923199ca0e Pull complete 
Docker E2E	UNKNOWN STEP	2026-10-03T09:52:04.2228864Z  d9b985643753 Extracting [==================================================>]     391B/391B
Docker E2E	UNKNOWN STEP	2026-10-03T09:52:04.2250679Z  215869c9ffb9 Pull complete 
Docker E2E	UNKNOWN STEP	2026-10-03T09:52:04.2251743Z  d9b985643753 Extracting [==================================================>]     391B/391B
Docker E2E	UNKNOWN STEP	2026-10-03T09:52:04.2402584Z  d9b985643753 Pull complete 
Docker E2E	UNKNOWN STEP	2026-10-03T09:52:04.2441915Z  2e22be087fd8 Extracting [==================================================>]  1.342kB/1.342kB
Docker E2E	UNKNOWN STEP	2026-10-03T09:52:04.2446095Z  2e22be087fd8 Extracting [==================================================>]  1.342kB/1.342kB
Docker E2E	UNKNOWN STEP	2026-10-03T09:52:04.3724289Z  9b6866565b74 Extracting [>                                                  ]  557.1kB/117.8MB
Docker E2E	UNKNOWN STEP	2026-10-03T09:52:04.4118963Z  2e22be087fd8 Pull complete 
Docker E2E	UNKNOWN STEP	2026-10-03T09:52:04.4134899Z  29aea408d531 Extracting [>                                                  ]  65.54kB/5.756MB
Docker E2E	UNKNOWN STEP	2026-10-03T09:52:04.4794613Z  9b6866565b74 Extracting [==>                                                ]  6.128MB/117.8MB
Docker E2E	UNKNOWN STEP	2026-10-03T09:52:04.5164576Z  29aea408d531 Extracting [=====================>                             ]   2.49MB/5.756MB
Docker E2E	UNKNOWN STEP	2026-10-03T09:52:04.5808817Z  9b6866565b74 Extracting [=====>                                             ]  12.81MB/117.8MB
Docker E2E	UNKNOWN STEP	2026-10-03T09:52:04.6167735Z  29aea408d531 Extracting [============================================>      ]  5.112MB/5.756MB
Docker E2E	UNKNOWN STEP	2026-10-03T09:52:04.6906363Z  9b6866565b74 Extracting [========>                                          ]  21.17MB/117.8MB
Docker E2E	UNKNOWN STEP	2026-10-03T09:52:04.7372161Z  29aea408d531 Extracting [=============================================>     ]  5.243MB/5.756MB
Docker E2E	UNKNOWN STEP	2026-10-03T09:52:04.7951402Z  29aea408d531 Extracting [==================================================>]  5.756MB/5.756MB
Docker E2E	UNKNOWN STEP	2026-10-03T09:52:04.8151522Z  9b6866565b74 Extracting [==========>                                        ]  23.95MB/117.8MB
Docker E2E	UNKNOWN STEP	2026-10-03T09:52:04.8666776Z  29aea408d531 Pull complete 
Docker E2E	UNKNOWN STEP	2026-10-03T09:52:04.8683669Z  06237a023be8 Extracting [==================================================>]     116B/116B
Docker E2E	UNKNOWN STEP	2026-10-03T09:52:04.8685077Z  06237a023be8 Extracting [==================================================>]     116B/116B
Docker E2E	UNKNOWN STEP	2026-10-03T09:52:04.8778146Z  06237a023be8 Pull complete 
Docker E2E	UNKNOWN STEP	2026-10-03T09:52:04.8790305Z  be29340626a9 Extracting [==================================================>]     333B/333B
Docker E2E	UNKNOWN STEP	2026-10-03T09:52:04.8797841Z  be29340626a9 Extracting [==================================================>]     333B/333B
Docker E2E	UNKNOWN STEP	2026-10-03T09:52:04.8901062Z  be29340626a9 Pull complete 
Docker E2E	UNKNOWN STEP	2026-10-03T09:52:04.9211664Z  35db766aaa46 Extracting [>                                                  ]  557.1kB/71.95MB
Docker E2E	UNKNOWN STEP	2026-10-03T09:52:05.0256662Z  9b6866565b74 Extracting [==========>                                        ]  25.07MB/117.8MB
Docker E2E	UNKNOWN STEP	2026-10-03T09:52:05.0268022Z  35db766aaa46 Extracting [====>                                              ]  6.128MB/71.95MB
Docker E2E	UNKNOWN STEP	2026-10-03T09:52:05.1311334Z  35db766aaa46 Extracting [========>                                          ]  12.81MB/71.95MB
Docker E2E	UNKNOWN STEP	2026-10-03T09:52:05.1956643Z  9b6866565b74 Extracting [===========>                                       ]  26.18MB/117.8MB
Docker E2E	UNKNOWN STEP	2026-10-03T09:52:05.2413731Z  35db766aaa46 Extracting [=============>                                     ]   19.5MB/71.95MB
Docker E2E	UNKNOWN STEP	2026-10-03T09:52:05.3336395Z  9b6866565b74 Extracting [===========>                                       ]  26.74MB/117.8MB
Docker E2E	UNKNOWN STEP	2026-10-03T09:52:05.3458055Z  35db766aaa46 Extracting [=================>                                 ]  25.07MB/71.95MB
Docker E2E	UNKNOWN STEP	2026-10-03T09:52:05.4525841Z  35db766aaa46 Extracting [=====================>                             ]  30.64MB/71.95MB
Docker E2E	UNKNOWN STEP	2026-10-03T09:52:05.5454137Z  9b6866565b74 Extracting [===========>                                       ]   27.3MB/117.8MB
Docker E2E	UNKNOWN STEP	2026-10-03T09:52:05.5528959Z  35db766aaa46 Extracting [==========================>                        ]  38.44MB/71.95MB
Docker E2E	UNKNOWN STEP	2026-10-03T09:52:05.6570364Z  35db766aaa46 Extracting [===============================>                   ]  45.12MB/71.95MB
Docker E2E	UNKNOWN STEP	2026-10-03T09:52:05.7108905Z  9b6866565b74 Extracting [===========>                                       ]  27.85MB/117.8MB
Docker E2E	UNKNOWN STEP	2026-10-03T09:52:05.7784784Z  35db766aaa46 Extracting [==================================>                ]  49.58MB/71.95MB
Docker E2E	UNKNOWN STEP	2026-10-03T09:52:05.8120316Z  9b6866565b74 Extracting [============>                                      ]  29.52MB/117.8MB
Docker E2E	UNKNOWN STEP	2026-10-03T09:52:05.8896467Z  35db766aaa46 Extracting [====================================>              ]  52.36MB/71.95MB
Docker E2E	UNKNOWN STEP	2026-10-03T09:52:05.9442186Z  9b6866565b74 Extracting [===============>                                   ]  35.65MB/117.8MB
Docker E2E	UNKNOWN STEP	2026-10-03T09:52:05.9978962Z  35db766aaa46 Extracting [=====================================>             ]  54.59MB/71.95MB
Docker E2E	UNKNOWN STEP	2026-10-03T09:52:06.0983461Z  35db766aaa46 Extracting [=========================================>         ]  60.16MB/71.95MB
Docker E2E	UNKNOWN STEP	2026-10-03T09:52:06.1106106Z  9b6866565b74 Extracting [===============>                                   ]  36.21MB/117.8MB
Docker E2E	UNKNOWN STEP	2026-10-03T09:52:06.2111837Z  9b6866565b74 Extracting [================>                                  ]  39.55MB/117.8MB
Docker E2E	UNKNOWN STEP	2026-10-03T09:52:06.2617655Z  35db766aaa46 Extracting [=============================================>     ]  65.73MB/71.95MB
Docker E2E	UNKNOWN STEP	2026-10-03T09:52:06.3150309Z  9b6866565b74 Extracting [===================>                               ]  46.24MB/117.8MB
Docker E2E	UNKNOWN STEP	2026-10-03T09:52:06.3881322Z  35db766aaa46 Extracting [===============================================>   ]  67.96MB/71.95MB
Docker E2E	UNKNOWN STEP	2026-10-03T09:52:06.4150921Z  9b6866565b74 Extracting [======================>                            ]  52.92MB/117.8MB
Docker E2E	UNKNOWN STEP	2026-10-03T09:52:06.4909894Z  35db766aaa46 Extracting [===============================================>   ]  69.07MB/71.95MB
Docker E2E	UNKNOWN STEP	2026-10-03T09:52:06.5201499Z  9b6866565b74 Extracting [=========================>                         ]  60.16MB/117.8MB
Docker E2E	UNKNOWN STEP	2026-10-03T09:52:06.6015211Z  35db766aaa46 Extracting [================================================>  ]  70.19MB/71.95MB
Docker E2E	UNKNOWN STEP	2026-10-03T09:52:06.6441310Z  9b6866565b74 Extracting [==========================>                        ]  62.95MB/117.8MB
Docker E2E	UNKNOWN STEP	2026-10-03T09:52:06.7651178Z  9b6866565b74 Extracting [============================>                      ]  66.85MB/117.8MB
Docker E2E	UNKNOWN STEP	2026-10-03T09:52:06.7763076Z  35db766aaa46 Extracting [=================================================> ]   71.3MB/71.95MB
Docker E2E	UNKNOWN STEP	2026-10-03T09:52:06.8689851Z  9b6866565b74 Extracting [===============================>                   ]   75.2MB/117.8MB
Docker E2E	UNKNOWN STEP	2026-10-03T09:52:06.8886823Z  35db766aaa46 Extracting [==================================================>]  71.95MB/71.95MB
Docker E2E	UNKNOWN STEP	2026-10-03T09:52:06.9742747Z  9b6866565b74 Extracting [==================================>                ]  81.89MB/117.8MB
Docker E2E	UNKNOWN STEP	2026-10-03T09:52:07.0785773Z  9b6866565b74 Extracting [======================================>            ]  91.36MB/117.8MB
Docker E2E	UNKNOWN STEP	2026-10-03T09:52:07.1795425Z  9b6866565b74 Extracting [========================================>          ]   94.7MB/117.8MB
Docker E2E	UNKNOWN STEP	2026-10-03T09:52:07.2857624Z  9b6866565b74 Extracting [===========================================>       ]  103.6MB/117.8MB
Docker E2E	UNKNOWN STEP	2026-10-03T09:52:07.4819308Z  9b6866565b74 Extracting [===============================================>   ]  111.4MB/117.8MB
Docker E2E	UNKNOWN STEP	2026-10-03T09:52:07.6770310Z  9b6866565b74 Extracting [===============================================>   ]  112.5MB/117.8MB
Docker E2E	UNKNOWN STEP	2026-10-03T09:52:07.7797421Z  9b6866565b74 Extracting [================================================>  ]  114.2MB/117.8MB
Docker E2E	UNKNOWN STEP	2026-10-03T09:52:07.8937419Z  9b6866565b74 Extracting [================================================>  ]  115.3MB/117.8MB
Docker E2E	UNKNOWN STEP	2026-10-03T09:52:07.9208513Z  35db766aaa46 Pull complete 
Docker E2E	UNKNOWN STEP	2026-10-03T09:52:07.9222919Z  9fbe1c7b50ad Extracting [==================================================>]  4.037kB/4.037kB
Docker E2E	UNKNOWN STEP	2026-10-03T09:52:07.9226472Z  9fbe1c7b50ad Extracting [==================================================>]  4.037kB/4.037kB
Docker E2E	UNKNOWN STEP	2026-10-03T09:52:08.0094796Z  9fbe1c7b50ad Pull complete 
Docker E2E	UNKNOWN STEP	2026-10-03T09:52:08.0106753Z  07aed2594a34 Extracting [==================================================>]  8.498kB/8.498kB
Docker E2E	UNKNOWN STEP	2026-10-03T09:52:08.0110720Z  07aed2594a34 Extracting [==================================================>]  8.498kB/8.498kB
Docker E2E	UNKNOWN STEP	2026-10-03T09:52:08.0238807Z  07aed2594a34 Pull complete 
Docker E2E	UNKNOWN STEP	2026-10-03T09:52:08.0328395Z  db Pulled 
Docker E2E	UNKNOWN STEP	2026-10-03T09:52:08.1165323Z  9b6866565b74 Extracting [=================================================> ]    117MB/117.8MB
Docker E2E	UNKNOWN STEP	2026-10-03T09:52:08.2240905Z  9b6866565b74 Extracting [==================================================>]  117.8MB/117.8MB
Docker E2E	UNKNOWN STEP	2026-10-03T09:52:08.2803424Z  9b6866565b74 Pull complete 
Docker E2E	UNKNOWN STEP	2026-10-03T09:52:08.2814687Z  6c771fe90ccb Extracting [==================================================>]     227B/227B
Docker E2E	UNKNOWN STEP	2026-10-03T09:52:08.2818889Z  6c771fe90ccb Extracting [==================================================>]     227B/227B
Docker E2E	UNKNOWN STEP	2026-10-03T09:52:08.2954998Z  6c771fe90ccb Pull complete 
Docker E2E	UNKNOWN STEP	2026-10-03T09:52:08.2970313Z  28eb77c41f92 Extracting [>                                                  ]  65.54kB/4.239MB
Docker E2E	UNKNOWN STEP	2026-10-03T09:52:08.3987757Z  28eb77c41f92 Extracting [======================>                            ]  1.901MB/4.239MB
Docker E2E	UNKNOWN STEP	2026-10-03T09:52:08.5166478Z  28eb77c41f92 Extracting [==================================================>]  4.239MB/4.239MB
Docker E2E	UNKNOWN STEP	2026-10-03T09:52:08.5331704Z  28eb77c41f92 Extracting [==================================================>]  4.239MB/4.239MB
Docker E2E	UNKNOWN STEP	2026-10-03T09:52:08.5663073Z  28eb77c41f92 Pull complete 
Docker E2E	UNKNOWN STEP	2026-10-03T09:52:08.5674490Z  3d65371285a9 Extracting [==================================================>]     425B/425B
Docker E2E	UNKNOWN STEP	2026-10-03T09:52:08.5677999Z  3d65371285a9 Extracting [==================================================>]     425B/425B
Docker E2E	UNKNOWN STEP	2026-10-03T09:52:08.5787290Z  3d65371285a9 Pull complete 
Docker E2E	UNKNOWN STEP	2026-10-03T09:52:08.5801477Z  4d7d1f2229ea Extracting [==================================================>]     480B/480B
Docker E2E	UNKNOWN STEP	2026-10-03T09:52:08.5808367Z  4d7d1f2229ea Extracting [==================================================>]     480B/480B
Docker E2E	UNKNOWN STEP	2026-10-03T09:52:08.5896066Z  4d7d1f2229ea Pull complete 
Docker E2E	UNKNOWN STEP	2026-10-03T09:52:08.5917828Z  9a9e523ba1c6 Extracting [>                                                  ]  163.8kB/14.64MB
Docker E2E	UNKNOWN STEP	2026-10-03T09:52:08.6516538Z  9a9e523ba1c6 Extracting [==================================================>]  14.64MB/14.64MB
Docker E2E	UNKNOWN STEP	2026-10-03T09:52:08.6712283Z  9a9e523ba1c6 Pull complete 
Docker E2E	UNKNOWN STEP	2026-10-03T09:52:08.6722821Z  345d40a81509 Extracting [==================================================>]     488B/488B
Docker E2E	UNKNOWN STEP	2026-10-03T09:52:08.6727202Z  345d40a81509 Extracting [==================================================>]     488B/488B
Docker E2E	UNKNOWN STEP	2026-10-03T09:52:08.6796466Z  345d40a81509 Pull complete 
Docker E2E	UNKNOWN STEP	2026-10-03T09:52:08.6815124Z  82a7cee9903f Extracting [>                                                  ]  163.8kB/15.19MB
Docker E2E	UNKNOWN STEP	2026-10-03T09:52:08.7821031Z  82a7cee9903f Extracting [==================>                                ]  5.734MB/15.19MB
Docker E2E	UNKNOWN STEP	2026-10-03T09:52:08.8905272Z  82a7cee9903f Extracting [=====================================>             ]   11.3MB/15.19MB
Docker E2E	UNKNOWN STEP	2026-10-03T09:52:08.9938598Z  82a7cee9903f Extracting [=============================================>     ]  13.93MB/15.19MB
Docker E2E	UNKNOWN STEP	2026-10-03T09:52:09.0960916Z  82a7cee9903f Extracting [=================================================> ]  14.91MB/15.19MB
Docker E2E	UNKNOWN STEP	2026-10-03T09:52:09.1010686Z  82a7cee9903f Extracting [==================================================>]  15.19MB/15.19MB
Docker E2E	UNKNOWN STEP	2026-10-03T09:52:09.1567534Z  82a7cee9903f Pull complete 
Docker E2E	UNKNOWN STEP	2026-10-03T09:52:09.1579638Z  97b775105118 Extracting [==================================================>]  2.459kB/2.459kB
Docker E2E	UNKNOWN STEP	2026-10-03T09:52:09.1585054Z  97b775105118 Extracting [==================================================>]  2.459kB/2.459kB
Docker E2E	UNKNOWN STEP	2026-10-03T09:52:09.1677063Z  97b775105118 Pull complete 
Docker E2E	UNKNOWN STEP	2026-10-03T09:52:09.1688855Z  8280252f5126 Extracting [==================================================>]     245B/245B
Docker E2E	UNKNOWN STEP	2026-10-03T09:52:09.1691410Z  8280252f5126 Extracting [==================================================>]     245B/245B
Docker E2E	UNKNOWN STEP	2026-10-03T09:52:09.1789170Z  8280252f5126 Pull complete 
Docker E2E	UNKNOWN STEP	2026-10-03T09:52:09.1800648Z  51096eb23faa Extracting [==================================================>]     890B/890B
Docker E2E	UNKNOWN STEP	2026-10-03T09:52:09.1803675Z  51096eb23faa Extracting [==================================================>]     890B/890B
Docker E2E	UNKNOWN STEP	2026-10-03T09:52:09.1886406Z  51096eb23faa Pull complete 
Docker E2E	UNKNOWN STEP	2026-10-03T09:52:09.1897741Z  4f4fb700ef54 Extracting [==================================================>]      32B/32B
Docker E2E	UNKNOWN STEP	2026-10-03T09:52:09.1901111Z  4f4fb700ef54 Extracting [==================================================>]      32B/32B
Docker E2E	UNKNOWN STEP	2026-10-03T09:52:09.1997418Z  4f4fb700ef54 Pull complete 
Docker E2E	UNKNOWN STEP	2026-10-03T09:52:09.2025226Z  b4bfdaf16fb9 Extracting [>                                                  ]  131.1kB/10.82MB
Docker E2E	UNKNOWN STEP	2026-10-03T09:52:09.3030220Z  b4bfdaf16fb9 Extracting [========================>                          ]  5.374MB/10.82MB
Docker E2E	UNKNOWN STEP	2026-10-03T09:52:09.4054330Z  b4bfdaf16fb9 Extracting [==================================================>]  10.82MB/10.82MB
Docker E2E	UNKNOWN STEP	2026-10-03T09:52:09.4278331Z  b4bfdaf16fb9 Pull complete 
Docker E2E	UNKNOWN STEP	2026-10-03T09:52:09.4289752Z  ae322d0b4216 Extracting [==================================================>]     312B/312B
Docker E2E	UNKNOWN STEP	2026-10-03T09:52:09.4298042Z  ae322d0b4216 Extracting [==================================================>]     312B/312B
Docker E2E	UNKNOWN STEP	2026-10-03T09:52:09.4366379Z  ae322d0b4216 Pull complete 
Docker E2E	UNKNOWN STEP	2026-10-03T09:52:09.4376520Z  fcdedffe8dcb Extracting [==================================================>]     256B/256B
Docker E2E	UNKNOWN STEP	2026-10-03T09:52:09.4381161Z  fcdedffe8dcb Extracting [==================================================>]     256B/256B
Docker E2E	UNKNOWN STEP	2026-10-03T09:52:09.4492160Z  fcdedffe8dcb Pull complete 
Docker E2E	UNKNOWN STEP	2026-10-03T09:52:09.4501372Z  c7fe7819114b Extracting [=>                                                 ]  32.77kB/833kB
Docker E2E	UNKNOWN STEP	2026-10-03T09:52:09.4643169Z  c7fe7819114b Extracting [==================================================>]    833kB/833kB
Docker E2E	UNKNOWN STEP	2026-10-03T09:52:09.4647303Z  c7fe7819114b Extracting [==================================================>]    833kB/833kB
Docker E2E	UNKNOWN STEP	2026-10-03T09:52:09.4728433Z  c7fe7819114b Pull complete 
Docker E2E	UNKNOWN STEP	2026-10-03T09:52:09.4732734Z  119f7366a2e0 Extracting [==================================================>]     115B/115B
Docker E2E	UNKNOWN STEP	2026-10-03T09:52:09.4733864Z  119f7366a2e0 Extracting [==================================================>]     115B/115B
Docker E2E	UNKNOWN STEP	2026-10-03T09:52:09.4798962Z  119f7366a2e0 Pull complete 
Docker E2E	UNKNOWN STEP	2026-10-03T09:52:09.5016903Z  ef4131a874b6 Extracting [>                                                  ]  262.1kB/23.63MB
Docker E2E	UNKNOWN STEP	2026-10-03T09:52:09.6430000Z  ef4131a874b6 Extracting [=>                                                 ]  786.4kB/23.63MB
Docker E2E	UNKNOWN STEP	2026-10-03T09:52:09.7983288Z  ef4131a874b6 Extracting [==>                                                ]  1.311MB/23.63MB
Docker E2E	UNKNOWN STEP	2026-10-03T09:52:09.9666091Z  ef4131a874b6 Extracting [===>                                               ]  1.835MB/23.63MB
Docker E2E	UNKNOWN STEP	2026-10-03T09:52:10.0814028Z  ef4131a874b6 Extracting [=====>                                             ]  2.621MB/23.63MB
Docker E2E	UNKNOWN STEP	2026-10-03T09:52:10.1886367Z  ef4131a874b6 Extracting [======>                                            ]  2.884MB/23.63MB
Docker E2E	UNKNOWN STEP	2026-10-03T09:52:10.3595615Z  ef4131a874b6 Extracting [=======>                                           ]   3.67MB/23.63MB
Docker E2E	UNKNOWN STEP	2026-10-03T09:52:10.4885140Z  ef4131a874b6 Extracting [========>                                          ]  3.932MB/23.63MB
Docker E2E	UNKNOWN STEP	2026-10-03T09:52:10.7624515Z  ef4131a874b6 Extracting [=========>                                         ]  4.456MB/23.63MB
Docker E2E	UNKNOWN STEP	2026-10-03T09:52:10.9034870Z  ef4131a874b6 Extracting [=========>                                         ]  4.719MB/23.63MB
Docker E2E	UNKNOWN STEP	2026-10-03T09:52:11.0460537Z  ef4131a874b6 Extracting [============>                                      ]  5.767MB/23.63MB
Docker E2E	UNKNOWN STEP	2026-10-03T09:52:11.2376727Z  ef4131a874b6 Extracting [=============>                                     ]  6.291MB/23.63MB
Docker E2E	UNKNOWN STEP	2026-10-03T09:52:11.3670984Z  ef4131a874b6 Extracting [==============>                                    ]  6.816MB/23.63MB
Docker E2E	UNKNOWN STEP	2026-10-03T09:52:11.5253877Z  ef4131a874b6 Extracting [===============>                                   ]   7.34MB/23.63MB
Docker E2E	UNKNOWN STEP	2026-10-03T09:52:11.6823466Z  ef4131a874b6 Extracting [================>                                  ]  7.864MB/23.63MB
Docker E2E	UNKNOWN STEP	2026-10-03T09:52:11.8096267Z  ef4131a874b6 Extracting [=================>                                 ]  8.126MB/23.63MB
Docker E2E	UNKNOWN STEP	2026-10-03T09:52:11.9717425Z  ef4131a874b6 Extracting [==================>                                ]  8.651MB/23.63MB
Docker E2E	UNKNOWN STEP	2026-10-03T09:52:12.1388819Z  ef4131a874b6 Extracting [==================>                                ]  8.913MB/23.63MB
Docker E2E	UNKNOWN STEP	2026-10-03T09:52:12.2956176Z  ef4131a874b6 Extracting [===================>                               ]  9.437MB/23.63MB
Docker E2E	UNKNOWN STEP	2026-10-03T09:52:12.4087186Z  ef4131a874b6 Extracting [====================>                              ]  9.699MB/23.63MB
Docker E2E	UNKNOWN STEP	2026-10-03T09:52:12.6031104Z  ef4131a874b6 Extracting [=====================>                             ]  10.22MB/23.63MB
Docker E2E	UNKNOWN STEP	2026-10-03T09:52:12.7374481Z  ef4131a874b6 Extracting [======================>                            ]  10.75MB/23.63MB
Docker E2E	UNKNOWN STEP	2026-10-03T09:52:12.8664582Z  ef4131a874b6 Extracting [=======================>                           ]  11.01MB/23.63MB
Docker E2E	UNKNOWN STEP	2026-10-03T09:52:13.0575678Z  ef4131a874b6 Extracting [========================>                          ]  11.53MB/23.63MB
Docker E2E	UNKNOWN STEP	2026-10-03T09:52:13.1832344Z  ef4131a874b6 Extracting [========================>                          ]   11.8MB/23.63MB
Docker E2E	UNKNOWN STEP	2026-10-03T09:52:13.2859823Z  ef4131a874b6 Extracting [==========================>                        ]  12.58MB/23.63MB
Docker E2E	UNKNOWN STEP	2026-10-03T09:52:13.4876427Z  ef4131a874b6 Extracting [===========================>                       ]  13.11MB/23.63MB
Docker E2E	UNKNOWN STEP	2026-10-03T09:52:13.6130780Z  ef4131a874b6 Extracting [============================>                      ]  13.37MB/23.63MB
Docker E2E	UNKNOWN STEP	2026-10-03T09:52:13.7224066Z  ef4131a874b6 Extracting [============================>                      ]  13.63MB/23.63MB
Docker E2E	UNKNOWN STEP	2026-10-03T09:52:13.8322159Z  ef4131a874b6 Extracting [=============================>                     ]  13.89MB/23.63MB
Docker E2E	UNKNOWN STEP	2026-10-03T09:52:14.2505661Z  ef4131a874b6 Extracting [=================================>                 ]  15.73MB/23.63MB
Docker E2E	UNKNOWN STEP	2026-10-03T09:52:14.3679865Z  ef4131a874b6 Extracting [=================================>                 ]  15.99MB/23.63MB
Docker E2E	UNKNOWN STEP	2026-10-03T09:52:14.5471658Z  ef4131a874b6 Extracting [==================================>                ]  16.25MB/23.63MB
Docker E2E	UNKNOWN STEP	2026-10-03T09:52:14.6668476Z  ef4131a874b6 Extracting [==================================>                ]  16.52MB/23.63MB
Docker E2E	UNKNOWN STEP	2026-10-03T09:52:14.7711794Z  ef4131a874b6 Extracting [===================================>               ]  16.78MB/23.63MB
Docker E2E	UNKNOWN STEP	2026-10-03T09:52:14.9615642Z  ef4131a874b6 Extracting [====================================>              ]   17.3MB/23.63MB
Docker E2E	UNKNOWN STEP	2026-10-03T09:52:15.1468617Z  ef4131a874b6 Extracting [=====================================>             ]  17.83MB/23.63MB
Docker E2E	UNKNOWN STEP	2026-10-03T09:52:15.3510126Z  ef4131a874b6 Extracting [==========================================>        ]  20.19MB/23.63MB
Docker E2E	UNKNOWN STEP	2026-10-03T09:52:15.5033594Z  ef4131a874b6 Extracting [===========================================>       ]  20.71MB/23.63MB
Docker E2E	UNKNOWN STEP	2026-10-03T09:52:15.7156006Z  ef4131a874b6 Extracting [============================================>      ]  21.23MB/23.63MB
Docker E2E	UNKNOWN STEP	2026-10-03T09:52:15.9030830Z  ef4131a874b6 Extracting [==============================================>    ]  21.76MB/23.63MB
Docker E2E	UNKNOWN STEP	2026-10-03T09:52:16.0576609Z  ef4131a874b6 Extracting [==============================================>    ]  22.02MB/23.63MB
Docker E2E	UNKNOWN STEP	2026-10-03T09:52:16.1853341Z  ef4131a874b6 Extracting [===============================================>   ]  22.54MB/23.63MB
Docker E2E	UNKNOWN STEP	2026-10-03T09:52:16.3031248Z  ef4131a874b6 Extracting [=================================================> ]  23.33MB/23.63MB
Docker E2E	UNKNOWN STEP	2026-10-03T09:52:16.4435377Z  ef4131a874b6 Extracting [==================================================>]  23.63MB/23.63MB
Docker E2E	UNKNOWN STEP	2026-10-03T09:52:16.9175407Z  ef4131a874b6 Pull complete 
Docker E2E	UNKNOWN STEP	2026-10-03T09:52:16.9228643Z  drupal Pulled 
Docker E2E	UNKNOWN STEP	2026-10-03T09:52:26.1066768Z ##[group]Run bun run test:e2e:coverage
Docker E2E	UNKNOWN STEP	2026-10-03T09:52:26.1067117Z ^[[36;1mbun run test:e2e:coverage^[[0m
Docker E2E	UNKNOWN STEP	2026-10-03T09:52:26.1128899Z shell: /usr/bin/bash -e {0}
Docker E2E	UNKNOWN STEP	2026-10-03T09:52:26.1129157Z env:
Docker E2E	UNKNOWN STEP	2026-10-03T09:52:26.1129616Z   REQUIRE_DOCKER: 1
Docker E2E	UNKNOWN STEP	2026-10-03T09:52:26.1129851Z ##[endgroup]
Docker E2E	UNKNOWN STEP	2026-10-03T09:52:26.1240951Z $ vitest run --project=e2e --coverage
Docker E2E	UNKNOWN STEP	2026-10-03T09:52:26.6499807Z 
Docker E2E	UNKNOWN STEP	2026-10-03T09:52:26.6504009Z ^[[1m^[[30m^[[46m RUN ^[[49m^[[39m^[[22m ^[[36mv4.1.10 ^[[39m^[[90m/home/runner/work/drangler/drangler^[[39m
Docker E2E	UNKNOWN STEP	2026-10-03T09:52:26.6505112Z       ^[[2mCoverage enabled with ^[[22m^[[33mv8^[[39m
Docker E2E	UNKNOWN STEP	2026-10-03T09:52:26.6505519Z 
Docker E2E	UNKNOWN STEP	2026-10-03T09:52:28.2268779Z Cloning into '/tmp/drangler-e2e-modify-IsDIXh/worker'...
Docker E2E	UNKNOWN STEP	2026-10-03T09:52:29.7350547Z bun install v1.4.2 (744846f84)
Docker E2E	UNKNOWN STEP	2026-10-03T09:52:31.0988720Z 
Docker E2E	UNKNOWN STEP	2026-10-03T09:52:31.0990801Z $ bun scripts/gen-lock-versions.ts && bun scripts/restore-artifacts.ts
Docker E2E	UNKNOWN STEP	2026-10-03T09:52:31.1101875Z {
Docker E2E	UNKNOWN STEP	2026-10-03T09:52:31.1102724Z   "packages": 76,
Docker E2E	UNKNOWN STEP	2026-10-03T09:52:31.1103501Z   "virtual": 37,
Docker E2E	UNKNOWN STEP	2026-10-03T09:52:31.1103898Z   "core": "11.4.7",
Docker E2E	UNKNOWN STEP	2026-10-03T09:52:31.1104259Z   "bytes": 4562
Docker E2E	UNKNOWN STEP	2026-10-03T09:52:31.1104601Z }
Docker E2E	UNKNOWN STEP	2026-10-03T09:52:31.5631312Z restore-artifacts: .interp/php8.5.wasm (13401742 bytes, sha256 verified)
Docker E2E	UNKNOWN STEP	2026-10-03T09:52:31.6589833Z restore-artifacts: .interp/php8.5-worker.mjs (876467 bytes, sha256 verified)
Docker E2E	UNKNOWN STEP	2026-10-03T09:52:31.9750992Z restore-artifacts: tuned glue -> /tmp/drangler-e2e-modify-IsDIXh/worker/.interp/php8.5-worker.tuned.mjs
Docker E2E	UNKNOWN STEP	2026-10-03T09:52:32.0036312Z restore-artifacts: tuned interpreter -> /tmp/drangler-e2e-modify-IsDIXh/worker/.interp/php8.5.tuned.wasm (64 MiB)
Docker E2E	UNKNOWN STEP	2026-10-03T09:52:32.0037200Z restore-artifacts: 2 downloaded, 0 already current
Docker E2E	UNKNOWN STEP	2026-10-03T09:52:32.0087143Z $ husky
Docker E2E	UNKNOWN STEP	2026-10-03T09:52:32.0490497Z 
Docker E2E	UNKNOWN STEP	2026-10-03T09:52:32.0511023Z + @cloudflare/containers@0.3.7
Docker E2E	UNKNOWN STEP	2026-10-03T09:52:32.0530550Z + @cloudflare/vitest-pool-workers@0.22.0
Docker E2E	UNKNOWN STEP	2026-10-03T09:52:32.0531709Z + @cloudflare/workers-types@5.20260829.1
Docker E2E	UNKNOWN STEP	2026-10-03T09:52:32.0532256Z + @playwright/test@1.62.1
Docker E2E	UNKNOWN STEP	2026-10-03T09:52:32.0532806Z + @prettier/plugin-php@0.25.0
Docker E2E	UNKNOWN STEP	2026-10-03T09:52:32.0533350Z + @types/bun@1.4.0
Docker E2E	UNKNOWN STEP	2026-10-03T09:52:32.0533811Z + @types/pg@8.23.1
Docker E2E	UNKNOWN STEP	2026-10-03T09:52:32.0534337Z + @vitest/coverage-istanbul@4.1.11
Docker E2E	UNKNOWN STEP	2026-10-03T09:52:32.0534854Z + husky@9.1.7
Docker E2E	UNKNOWN STEP	2026-10-03T09:52:32.0535299Z + lint-staged@17.4.1
Docker E2E	UNKNOWN STEP	2026-10-03T09:52:32.0535740Z + marked@18.0.14
Docker E2E	UNKNOWN STEP	2026-10-03T09:52:32.0536219Z + marked-gfm-heading-id@4.1.4
Docker E2E	UNKNOWN STEP	2026-10-03T09:52:32.0536718Z + prettier@3.9.6
Docker E2E	UNKNOWN STEP	2026-10-03T09:52:32.0537290Z + prettier-plugin-organize-imports@4.3.0
Docker E2E	UNKNOWN STEP	2026-10-03T09:52:32.0537905Z + prettier-plugin-sh@0.20.2
Docker E2E	UNKNOWN STEP	2026-10-03T09:52:32.0538396Z + shiki@4.4.3
Docker E2E	UNKNOWN STEP	2026-10-03T09:52:32.0538827Z + typedoc@0.28.20
Docker E2E	UNKNOWN STEP	2026-10-03T09:52:32.0539282Z + typescript@5.9.3
Docker E2E	UNKNOWN STEP	2026-10-03T09:52:32.0540025Z + vitest@4.1.11
Docker E2E	UNKNOWN STEP	2026-10-03T09:52:32.0540484Z + wrangler@4.127.1
Docker E2E	UNKNOWN STEP	2026-10-03T09:52:32.0540921Z + yaml@2.9.1
Docker E2E	UNKNOWN STEP	2026-10-03T09:52:32.0541432Z + <private-pkg>@1.1.1
Docker E2E	UNKNOWN STEP	2026-10-03T09:52:32.0541980Z + <private-pkg>@0.3.1
Docker E2E	UNKNOWN STEP	2026-10-03T09:52:32.0542636Z + <private-pkg>@0.1.4
Docker E2E	UNKNOWN STEP	2026-10-03T09:52:32.0543215Z + <private-pkg>@0.1.0
Docker E2E	UNKNOWN STEP	2026-10-03T09:52:32.0543774Z + @<user>/tinyimg@1.1.0
Docker E2E	UNKNOWN STEP	2026-10-03T09:52:32.0544345Z + @noble/ciphers@2.4.0
Docker E2E	UNKNOWN STEP	2026-10-03T09:52:32.0544875Z + @noble/hashes@2.4.0
Docker E2E	UNKNOWN STEP	2026-10-03T09:52:32.0545457Z + blakejs@1.2.1
Docker E2E	UNKNOWN STEP	2026-10-03T09:52:32.0545893Z + edgeport@1.0.6
Docker E2E	UNKNOWN STEP	2026-10-03T09:52:32.0546344Z + fflate@0.8.3
Docker E2E	UNKNOWN STEP	2026-10-03T09:52:32.0547059Z + fzstd@0.1.1
Docker E2E	UNKNOWN STEP	2026-10-03T09:52:32.0547755Z + mysql2@3.24.4
Docker E2E	UNKNOWN STEP	2026-10-03T09:52:32.0548478Z + pg@8.23.0
Docker E2E	UNKNOWN STEP	2026-10-03T09:52:32.0549048Z + php-wasm@0.1.0
Docker E2E	UNKNOWN STEP	2026-10-03T09:52:32.0549274Z 
Docker E2E	UNKNOWN STEP	2026-10-03T09:52:32.0549735Z 260 packages installed [2.32s]
Docker E2E	UNKNOWN STEP	2026-10-03T09:52:32.0571287Z $ bun scripts/hydrate.ts
Docker E2E	UNKNOWN STEP	2026-10-03T09:52:32.3468021Z fetching https://<host>/payloads/v1.0.3/<org>-worker-1.0.3.tar.gz (cdn)
Docker E2E	UNKNOWN STEP	2026-10-03T09:52:32.8390057Z tarball sha256 <hex> matches SHA256SUMS
Docker E2E	UNKNOWN STEP	2026-10-03T09:52:33.8552453Z hydrate: kept 2 tracked file(s) the repository owns: assets/robots.txt, assets/driver.json
Docker E2E	UNKNOWN STEP	2026-10-03T09:52:33.8553450Z hydrated 4583 files, 52473986 bytes, from 1.0.3 (d633a47)
Docker E2E	UNKNOWN STEP	2026-10-03T09:52:33.8554333Z interpreter: .interp/php8.5-worker.tuned.mjs, .interp/php8.5.tuned.wasm
Docker E2E	UNKNOWN STEP	2026-10-03T09:52:33.8555341Z the tree is deployable now: bunx wrangler deploy -c wrangler.jsonc
Docker E2E	UNKNOWN STEP	2026-10-03T09:53:39.2322662Z ^[[90mstderr^[[2m | tests/e2e/modify.spec.ts^[[2m > ^[[22m^[[2mdrangler modify against a real dev site^[[2m > ^[[22m^[[2mpinned production modules^[[2m > ^[[22m^[[2mreports a module whose enable is refused and leaves the site serving
Docker E2E	UNKNOWN STEP	2026-10-03T09:53:39.2340959Z ^[[22m^[[39ma case failed; the wrangler dev log is at /tmp/drangler-e2e-dev-mus7shav.log
Docker E2E	UNKNOWN STEP	2026-10-03T09:53:39.2356224Z un hydrate
Docker E2E	UNKNOWN STEP	2026-10-03T09:53:39.2374259Z [custom build] $ bun scripts/hydrate.ts
Docker E2E	UNKNOWN STEP	2026-10-03T09:53:39.2375350Z [custom build] 
Docker E2E	UNKNOWN STEP	2026-10-03T09:53:39.2376014Z [custom build] the tree is already hydrated; nothing to do.
Docker E2E	UNKNOWN STEP	2026-10-03T09:53:39.2377256Z [custom build] pass --force to replace it with the published payload anyway.
Docker E2E	UNKNOWN STEP	2026-10-03T09:53:39.2378154Z [custom build] 
Docker E2E	UNKNOWN STEP	2026-10-03T09:53:39.2380199Z local dev variables file not found at ".dev.vars". Continuing... For more details, refer to https://developers.cloudflare.com/workers/wrangler/system-environment-variables/
Docker E2E	UNKNOWN STEP	2026-10-03T09:53:39.2383471Z .env file not found at "/tmp/drangler-e2e-modify-IsDIXh/worker/.env". Continuing... For more details, refer to https://developers.cloudflare.com/workers/wrangler/system-environment-variables/
Docker E2E	UNKNOWN STEP	2026-10-03T09:53:39.2386670Z .env file not found at "/tmp/drangler-e2e-modify-IsDIXh/worker/.env.local". Continuing... For more details, refer to https://developers.cloudflare.com/workers/wrangler/system-environment-variables/
Docker E2E	UNKNOWN STEP	2026-10-03T09:53:39.2388770Z Your Worker has access to the following bindings:
Docker E2E	UNKNOWN STEP	2026-10-03T09:53:39.2389815Z Binding                                              Resource                     Mode
Docker E2E	UNKNOWN STEP	2026-10-03T09:53:39.2391753Z env.SITE (SitePhpDurableObject)                      Durable Object               local
Docker E2E	UNKNOWN STEP	2026-10-03T09:53:39.2393170Z env.RENDER_LANES (RenderLane)                        Durable Object               local
Docker E2E	UNKNOWN STEP	2026-10-03T09:53:39.2394489Z env.CONFIG_KV                                        KV Namespace                 local
Docker E2E	UNKNOWN STEP	2026-10-03T09:53:39.2396128Z env.PAGE_KV                                          KV Namespace                 local
Docker E2E	UNKNOWN STEP	2026-10-03T09:53:39.2397508Z env.FLEET_DB (<org>-fleet)                       D1 Database                  local
Docker E2E	UNKNOWN STEP	2026-10-03T09:53:39.2398381Z env.ASSETS                                           Assets                       local
Docker E2E	UNKNOWN STEP	2026-10-03T09:53:39.2398995Z env.CF_VERSION_METADATA                              Worker Version Metadata      local
Docker E2E	UNKNOWN STEP	2026-10-03T09:53:39.2400430Z env.CMS ("drupal")                                   Environment Variable         local
Docker E2E	UNKNOWN STEP	2026-10-03T09:53:39.2401297Z env.LAZY_MOUNT ("1")                                 Environment Variable         local
Docker E2E	UNKNOWN STEP	2026-10-03T09:53:39.2402224Z env.LAZY_FS_BUDGET_BYTES ("4194304")                 Environment Variable         local
Docker E2E	UNKNOWN STEP	2026-10-03T09:53:39.2403166Z env.GEN_BUCKET_MS ("5000")                           Environment Variable         local
Docker E2E	UNKNOWN STEP	2026-10-03T09:53:39.2404179Z env.PLAN ("free")                                    Environment Variable         local
Docker E2E	UNKNOWN STEP	2026-10-03T09:53:39.2405162Z env.ASSET_AGGREGATES ("1")                           Environment Variable         local
Docker E2E	UNKNOWN STEP	2026-10-03T09:53:39.2405645Z 
Docker E2E	UNKNOWN STEP	2026-10-03T09:53:39.2407534Z ^[[33m▲ ^[[43;33m[^[[43;30mWARNING^[[43;33m]^[[0m ^[[1mScheduled Workers are not automatically triggered during local development.^[[0m
Docker E2E	UNKNOWN STEP	2026-10-03T09:53:39.2408376Z 
Docker E2E	UNKNOWN STEP	2026-10-03T09:53:39.2408696Z   To manually trigger a scheduled event, run:
Docker E2E	UNKNOWN STEP	2026-10-03T09:53:39.2410028Z     curl "http://localhost:8902/cdn-cgi/local/scheduled"
Docker E2E	UNKNOWN STEP	2026-10-03T09:53:39.2411614Z   For more details, see ^[[4mhttps://developers.cloudflare.com/workers/configuration/cron-triggers/#test-cron-triggers-locally^[[0m
Docker E2E	UNKNOWN STEP	2026-10-03T09:53:39.2412595Z 
Docker E2E	UNKNOWN STEP	2026-10-03T09:53:39.2412605Z 
Docker E2E	UNKNOWN STEP	2026-10-03T09:53:39.2413226Z The file src changed, restarting build...
Docker E2E	UNKNOWN STEP	2026-10-03T09:53:39.2413892Z [custom build] Running: bun run hydrate
Docker E2E	UNKNOWN STEP	2026-10-03T09:53:39.2414955Z [wrangler-ProxyWorker:info] GET /cdn-cgi/ProxyWorker/pause 204 No Content (3ms)
Docker E2E	UNKNOWN STEP	2026-10-03T09:53:39.2415750Z [custom build] $ bun scripts/hydrate.ts
Docker E2E	UNKNOWN STEP	2026-10-03T09:53:39.2416243Z [custom build] 
Docker E2E	UNKNOWN STEP	2026-10-03T09:53:39.2416899Z [custom build] the tree is already hydrated; nothing to do.
Docker E2E	UNKNOWN STEP	2026-10-03T09:53:39.2417973Z [custom build] pass --force to replace it with the published payload anyway.
Docker E2E	UNKNOWN STEP	2026-10-03T09:53:39.2418647Z [custom build] 
Docker E2E	UNKNOWN STEP	2026-10-03T09:53:39.2419857Z [wrangler-ProxyWorker:info] GET /cdn-cgi/ProxyWorker/pause 204 No Content (1ms)
Docker E2E	UNKNOWN STEP	2026-10-03T09:53:39.2421492Z Writing additional module to output /tmp/drangler-e2e-modify-IsDIXh/worker/.wrangler/tmp/dev-txIkC9/<hex>-wasm3.wasm
Docker E2E	UNKNOWN STEP	2026-10-03T09:53:39.2423630Z Writing additional module to output /tmp/drangler-e2e-modify-IsDIXh/worker/.wrangler/tmp/dev-txIkC9/<hex>-tinyimg.wasm
Docker E2E	UNKNOWN STEP	2026-10-03T09:53:39.2425781Z Writing additional module to output /tmp/drangler-e2e-modify-IsDIXh/worker/.wrangler/tmp/dev-txIkC9/<hex>-php8.5.tuned.wasm
Docker E2E	UNKNOWN STEP	2026-10-03T09:53:39.2427173Z RemoteRuntimeController teardown beginning...
Docker E2E	UNKNOWN STEP	2026-10-03T09:53:39.2428062Z RemoteRuntimeController teardown complete
Docker E2E	UNKNOWN STEP	2026-10-03T09:53:39.2428801Z ⎔ Starting local server...
Docker E2E	UNKNOWN STEP	2026-10-03T09:53:39.2431913Z [InspectorProxyWorker] handleProxyControllerIncomingMessage {"type":"reloadStart"}
Docker E2E	UNKNOWN STEP	2026-10-03T09:53:39.2433133Z [wrangler-ProxyWorker:info] GET /cdn-cgi/ProxyWorker/pause 204 No Content (1ms)
Docker E2E	UNKNOWN STEP	2026-10-03T09:53:39.2433864Z Inspector is listening
Docker E2E	UNKNOWN STEP	2026-10-03T09:53:39.2434506Z [wrangler-ProxyWorker:info] Ready on http://localhost:8902
Docker E2E	UNKNOWN STEP	2026-10-03T09:53:39.2438525Z [InspectorProxyWorker] handleProxyControllerIncomingMessage {"type":"reloadComplete","proxyData":{"userWorkerUrl":{"protocol":"http:","hostname":"<loopback>","port":"36327"},"userWorkerInspectorUrl":{"protocol":"ws:","hostname":"<loopback>","port":"33017","pathname":"/core:user:<org>"},"userWorkerInnerUrlOverrides":{"protocol":"http:"},"headers":{"MF-Proxy-Shared-Secret":"<uuid>"},"liveReload":false,"proxyLogsToController":false}}
Docker E2E	UNKNOWN STEP	2026-10-03T09:53:39.2442228Z [InspectorProxyWorker] reconnectRuntimeWebSocket
Docker E2E	UNKNOWN STEP	2026-10-03T09:53:39.2443236Z [InspectorProxyWorker] NEW RUNTIME WEBSOCKET http://<loopback>:33017/core:user:<org>
Docker E2E	UNKNOWN STEP	2026-10-03T09:53:39.2444161Z Inspector client attaching [core:user:<org>]
Docker E2E	UNKNOWN STEP	2026-10-03T09:53:39.2445128Z [InspectorProxyWorker] SEND TO DEVTOOLS {"method":"Runtime.executionContextsCleared"}
Docker E2E	UNKNOWN STEP	2026-10-03T09:53:39.2446052Z [InspectorProxyWorker] RUNTIME INCOMING MESSAGE {
Docker E2E	UNKNOWN STEP	2026-10-03T09:53:39.2446686Z   method: 'Runtime.executionContextCreated',
Docker E2E	UNKNOWN STEP	2026-10-03T09:53:39.2447190Z   params: {
Docker E2E	UNKNOWN STEP	2026-10-03T09:53:39.2447508Z     context: {
Docker E2E	UNKNOWN STEP	2026-10-03T09:53:39.2447857Z       id: 382399521,
Docker E2E	UNKNOWN STEP	2026-10-03T09:53:39.2448227Z       origin: '',
Docker E2E	UNKNOWN STEP	2026-10-03T09:53:39.2448566Z       name: 'Worker',
Docker E2E	UNKNOWN STEP	2026-10-03T09:53:39.2449065Z       uniqueId: '4204207457001747878.3101671663526961721'
Docker E2E	UNKNOWN STEP	2026-10-03T09:53:39.2449717Z     }
Docker E2E	UNKNOWN STEP	2026-10-03T09:53:39.2450028Z   }
Docker E2E	UNKNOWN STEP	2026-10-03T09:53:39.2450338Z }
Docker E2E	UNKNOWN STEP	2026-10-03T09:53:39.2450927Z [InspectorProxyWorker] RUNTIME WEBSOCKET OPENED
Docker E2E	UNKNOWN STEP	2026-10-03T09:53:39.2451889Z [InspectorProxyWorker] SEND TO RUNTIME {"method":"Runtime.enable","id":100000001}
Docker E2E	UNKNOWN STEP	2026-10-03T09:53:39.2452967Z [InspectorProxyWorker] RUNTIME INCOMING MESSAGE { id: 100000001, result: {} }
Docker E2E	UNKNOWN STEP	2026-10-03T09:53:39.2454039Z [wrangler-ProxyWorker:info] GET /cdn-cgi/ProxyWorker/play 204 No Content (1ms)
Docker E2E	UNKNOWN STEP	2026-10-03T09:53:39.2455051Z [wrangler-ProxyWorker:info] GET /serve 503 Service Unavailable (57ms)
Docker E2E	UNKNOWN STEP	2026-10-03T09:53:39.2456052Z [wrangler-ProxyWorker:info] GET /serve 503 Service Unavailable (167ms)
Docker E2E	UNKNOWN STEP	2026-10-03T09:53:39.2456950Z [wrangler-ProxyWorker:info] GET /serve 200 OK (12ms)
Docker E2E	UNKNOWN STEP	2026-10-03T09:53:39.2458969Z {"cfw":"php","level":"info","severity":6,"channel":"system","message":"cfw_do_sqlite module installed.","uid":0,"request_uri":"http://localhost/","referer":"","ip":"<loopback>","timestamp":"1791021192"}
Docker E2E	UNKNOWN STEP	2026-10-03T09:53:39.2460724Z [InspectorProxyWorker] RUNTIME INCOMING MESSAGE {
Docker E2E	UNKNOWN STEP	2026-10-03T09:53:39.2461402Z   method: 'Runtime.consoleAPICalled',
Docker E2E	UNKNOWN STEP	2026-10-03T09:53:39.2461872Z   params: {
Docker E2E	UNKNOWN STEP	2026-10-03T09:53:39.2462224Z     type: 'log',
Docker E2E	UNKNOWN STEP	2026-10-03T09:53:39.2462582Z     args: [ [Object] ],
Docker E2E	UNKNOWN STEP	2026-10-03T09:53:39.2463030Z     executionContextId: 382399521,
Docker E2E	UNKNOWN STEP	2026-10-03T09:53:39.2463491Z     timestamp: 1791021192997,
Docker E2E	UNKNOWN STEP	2026-10-03T09:53:39.2463998Z     stackTrace: { callFrames: [Array] }
Docker E2E	UNKNOWN STEP	2026-10-03T09:53:39.2464463Z   }
Docker E2E	UNKNOWN STEP	2026-10-03T09:53:39.2464772Z }
Docker E2E	UNKNOWN STEP	2026-10-03T09:53:39.2465546Z [InspectorProxyWorker] SEND TO RUNTIME {"method":"Runtime.getIsolateId","id":100000002}
Docker E2E	UNKNOWN STEP	2026-10-03T09:53:39.2466543Z [wrangler-ProxyWorker:info] POST /firstrun 200 OK (8288ms)
Docker E2E	UNKNOWN STEP	2026-10-03T09:53:39.2467685Z [InspectorProxyWorker] RUNTIME INCOMING MESSAGE { id: 100000002, result: { id: '983028b74c3be687' } }
Docker E2E	UNKNOWN STEP	2026-10-03T09:53:39.2468772Z [wrangler-ProxyWorker:info] GET /installable 200 OK (112ms)
Docker E2E	UNKNOWN STEP	2026-10-03T09:53:39.2469784Z [wrangler-ProxyWorker:info] POST /install 200 OK (3823ms)
Docker E2E	UNKNOWN STEP	2026-10-03T09:53:39.2470527Z [InspectorProxyWorker] RUNTIME INCOMING MESSAGE {
Docker E2E	UNKNOWN STEP	2026-10-03T09:53:39.2471338Z   method: 'Runtime.consoleAPICalled',
Docker E2E	UNKNOWN STEP	2026-10-03T09:53:39.2471825Z   params: {
Docker E2E	UNKNOWN STEP	2026-10-03T09:53:39.2472160Z     type: 'info',
Docker E2E	UNKNOWN STEP	2026-10-03T09:53:39.2472559Z     args: [ [Object], [Object] ],
Docker E2E	UNKNOWN STEP	2026-10-03T09:53:39.2473068Z     executionContextId: 382399521,
Docker E2E	UNKNOWN STEP	2026-10-03T09:53:39.2473508Z     timestamp: 1791021204897,
Docker E2E	UNKNOWN STEP	2026-10-03T09:53:39.2473967Z     stackTrace: { callFrames: [Array] }
Docker E2E	UNKNOWN STEP	2026-10-03T09:53:39.2474392Z   }
Docker E2E	UNKNOWN STEP	2026-10-03T09:53:39.2474672Z }
Docker E2E	UNKNOWN STEP	2026-10-03T09:53:39.2475020Z cfw-demand {
Docker E2E	UNKNOWN STEP	2026-10-03T09:53:39.2475381Z   path: '(alarm reconcile)',
Docker E2E	UNKNOWN STEP	2026-10-03T09:53:39.2475784Z   method: 'ALARM',
Docker E2E	UNKNOWN STEP	2026-10-03T09:53:39.2476120Z   before: 0,
Docker E2E	UNKNOWN STEP	2026-10-03T09:53:39.2476436Z   after: 97976320,
Docker E2E	UNKNOWN STEP	2026-10-03T09:53:39.2476991Z   in: 592794,
Docker E2E	UNKNOWN STEP	2026-10-03T09:53:39.2477304Z   out: 5338,
Docker E2E	UNKNOWN STEP	2026-10-03T09:53:39.2477617Z   maxIn: 535540,
Docker E2E	UNKNOWN STEP	2026-10-03T09:53:39.2477953Z   maxOut: 1225,
Docker E2E	UNKNOWN STEP	2026-10-03T09:53:39.2478304Z   maxName: 'cfwSqlExec'
Docker E2E	UNKNOWN STEP	2026-10-03T09:53:39.2478655Z }
Docker E2E	UNKNOWN STEP	2026-10-03T09:53:39.2479178Z [wrangler-ProxyWorker:info] POST /modify 200 OK (2166ms)
Docker E2E	UNKNOWN STEP	2026-10-03T09:53:39.2480186Z [wrangler-ProxyWorker:info] POST /modify 200 OK (32ms)
Docker E2E	UNKNOWN STEP	2026-10-03T09:53:39.2480956Z [wrangler-ProxyWorker:info] POST /modify 200 OK (437ms)
Docker E2E	UNKNOWN STEP	2026-10-03T09:53:39.2481952Z [InspectorProxyWorker] SEND TO RUNTIME {"method":"Runtime.getIsolateId","id":100000003}
Docker E2E	UNKNOWN STEP	2026-10-03T09:53:39.2484778Z {"cfw":"php","level":"warn","severity":4,"channel":"page not found","message":"/admin/config/people/simple_oauth/oauth-21?e2e=oauth-before","uid":0,"request_uri":"http://localhost:8902/admin/config/people/simple_oauth/oauth-21?<query>","referer":"","ip":"<loopback>","timestamp":"1791021207"}
Docker E2E	UNKNOWN STEP	2026-10-03T09:53:39.2486839Z [InspectorProxyWorker] RUNTIME INCOMING MESSAGE {
Docker E2E	UNKNOWN STEP	2026-10-03T09:53:39.2487469Z   method: 'Runtime.consoleAPICalled',
Docker E2E	UNKNOWN STEP	2026-10-03T09:53:39.2487928Z   params: {
Docker E2E	UNKNOWN STEP	2026-10-03T09:53:39.2488265Z     type: 'log',
Docker E2E	UNKNOWN STEP	2026-10-03T09:53:39.2488625Z     args: [ [Object] ],
Docker E2E	UNKNOWN STEP	2026-10-03T09:53:39.2489070Z     executionContextId: 382399521,
Docker E2E	UNKNOWN STEP	2026-10-03T09:53:39.2489737Z     timestamp: 1791021207887,
Docker E2E	UNKNOWN STEP	2026-10-03T09:53:39.2490224Z     stackTrace: { callFrames: [Array] }
Docker E2E	UNKNOWN STEP	2026-10-03T09:53:39.2490668Z   }
Docker E2E	UNKNOWN STEP	2026-10-03T09:53:39.2490968Z }
Docker E2E	UNKNOWN STEP	2026-10-03T09:53:39.2491842Z [wrangler-ProxyWorker:info] GET /admin/config/people/simple_oauth/oauth-21 404 Not Found (4150ms)
Docker E2E	UNKNOWN STEP	2026-10-03T09:53:39.2493190Z [InspectorProxyWorker] RUNTIME INCOMING MESSAGE { id: 100000003, result: { id: '983028b74c3be687' } }
Docker E2E	UNKNOWN STEP	2026-10-03T09:53:39.2495277Z {"cfw":"php","level":"info","severity":6,"channel":"system","message":"serialization module installed.","uid":0,"request_uri":"http://localhost/","referer":"","ip":"<loopback>","timestamp":"1791021213"}
Docker E2E	UNKNOWN STEP	2026-10-03T09:53:39.2496830Z [InspectorProxyWorker] RUNTIME INCOMING MESSAGE {
Docker E2E	UNKNOWN STEP	2026-10-03T09:53:39.2497476Z   method: 'Runtime.consoleAPICalled',
Docker E2E	UNKNOWN STEP	2026-10-03T09:53:39.2497940Z   params: {
Docker E2E	UNKNOWN STEP	2026-10-03T09:53:39.2498465Z     type: 'log',
Docker E2E	UNKNOWN STEP	2026-10-03T09:53:39.2498883Z     args: [ [Object] ],
Docker E2E	UNKNOWN STEP	2026-10-03T09:53:39.2499591Z     executionContextId: 382399521,
Docker E2E	UNKNOWN STEP	2026-10-03T09:53:39.2500063Z     timestamp: 1791021213173,
Docker E2E	UNKNOWN STEP	2026-10-03T09:53:39.2500548Z     stackTrace: { callFrames: [Array] }
Docker E2E	UNKNOWN STEP	2026-10-03T09:53:39.2500986Z   }
Docker E2E	UNKNOWN STEP	2026-10-03T09:53:39.2501290Z }
Docker E2E	UNKNOWN STEP	2026-10-03T09:53:39.2502815Z {"cfw":"php","level":"info","severity":6,"channel":"system","message":"consumers module installed.","uid":0,"request_uri":"http://localhost/","referer":"","ip":"<loopback>","timestamp":"1791021214"}
Docker E2E	UNKNOWN STEP	2026-10-03T09:53:39.2504250Z [InspectorProxyWorker] RUNTIME INCOMING MESSAGE {
Docker E2E	UNKNOWN STEP	2026-10-03T09:53:39.2504862Z   method: 'Runtime.consoleAPICalled',
Docker E2E	UNKNOWN STEP	2026-10-03T09:53:39.2505326Z   params: {
Docker E2E	UNKNOWN STEP	2026-10-03T09:53:39.2505654Z     type: 'log',
Docker E2E	UNKNOWN STEP	2026-10-03T09:53:39.2506016Z     args: [ [Object] ],
Docker E2E	UNKNOWN STEP	2026-10-03T09:53:39.2506458Z     executionContextId: 382399521,
Docker E2E	UNKNOWN STEP	2026-10-03T09:53:39.2506925Z     timestamp: 1791021214945,
Docker E2E	UNKNOWN STEP	2026-10-03T09:53:39.2507419Z     stackTrace: { callFrames: [Array] }
Docker E2E	UNKNOWN STEP	2026-10-03T09:53:39.2507866Z   }
Docker E2E	UNKNOWN STEP	2026-10-03T09:53:39.2508158Z }
Docker E2E	UNKNOWN STEP	2026-10-03T09:53:39.2508975Z [InspectorProxyWorker] SEND TO RUNTIME {"method":"Runtime.getIsolateId","id":100000004}
Docker E2E	UNKNOWN STEP	2026-10-03T09:53:39.2511223Z {"cfw":"php","level":"info","severity":6,"channel":"system","message":"simple_oauth module installed.","uid":0,"request_uri":"http://localhost/","referer":"","ip":"<loopback>","timestamp":"1791021217"}
Docker E2E	UNKNOWN STEP	2026-10-03T09:53:39.2512702Z [InspectorProxyWorker] RUNTIME INCOMING MESSAGE {
Docker E2E	UNKNOWN STEP	2026-10-03T09:53:39.2513318Z   method: 'Runtime.consoleAPICalled',
Docker E2E	UNKNOWN STEP	2026-10-03T09:53:39.2513776Z   params: {
Docker E2E	UNKNOWN STEP	2026-10-03T09:53:39.2514119Z     type: 'log',
Docker E2E	UNKNOWN STEP	2026-10-03T09:53:39.2514481Z     args: [ [Object] ],
Docker E2E	UNKNOWN STEP	2026-10-03T09:53:39.2514927Z     executionContextId: 382399521,
Docker E2E	UNKNOWN STEP	2026-10-03T09:53:39.2515383Z     timestamp: 1791021217641,
Docker E2E	UNKNOWN STEP	2026-10-03T09:53:39.2515865Z     stackTrace: { callFrames: [Array] }
Docker E2E	UNKNOWN STEP	2026-10-03T09:53:39.2516531Z   }
Docker E2E	UNKNOWN STEP	2026-10-03T09:53:39.2516850Z }
Docker E2E	UNKNOWN STEP	2026-10-03T09:53:39.2518473Z {"cfw":"php","level":"info","severity":6,"channel":"system","message":"simple_oauth_21 module installed.","uid":0,"request_uri":"http://localhost/","referer":"","ip":"<loopback>","timestamp":"1791021217"}
Docker E2E	UNKNOWN STEP	2026-10-03T09:53:39.2520159Z [InspectorProxyWorker] RUNTIME INCOMING MESSAGE {
Docker E2E	UNKNOWN STEP	2026-10-03T09:53:39.2520782Z   method: 'Runtime.consoleAPICalled',
Docker E2E	UNKNOWN STEP	2026-10-03T09:53:39.2521241Z   params: {
Docker E2E	UNKNOWN STEP	2026-10-03T09:53:39.2521572Z     type: 'log',
Docker E2E	UNKNOWN STEP	2026-10-03T09:53:39.2521939Z     args: [ [Object] ],
Docker E2E	UNKNOWN STEP	2026-10-03T09:53:39.2522405Z     executionContextId: 382399521,
Docker E2E	UNKNOWN STEP	2026-10-03T09:53:39.2522915Z     timestamp: 1791021217642,
Docker E2E	UNKNOWN STEP	2026-10-03T09:53:39.2523415Z     stackTrace: { callFrames: [Array] }
Docker E2E	UNKNOWN STEP	2026-10-03T09:53:39.2523855Z   }
Docker E2E	UNKNOWN STEP	2026-10-03T09:53:39.2524165Z }
Docker E2E	UNKNOWN STEP	2026-10-03T09:53:39.2524725Z [wrangler-ProxyWorker:info] POST /enable 200 OK (9637ms)
Docker E2E	UNKNOWN STEP	2026-10-03T09:53:39.2525664Z exception = kj/async-io.c++:60: disconnected: stream disconnected prematurely
Docker E2E	UNKNOWN STEP	2026-10-03T09:53:39.2536266Z <<removed: line of 1218 characters>>
Docker E2E	UNKNOWN STEP	2026-10-03T09:53:39.2544938Z uncaught exception; source = Uncaught (in promise); stack = Error: Network connection lost.
Docker E2E	UNKNOWN STEP	2026-10-03T09:53:39.2546601Z uncaught exception; exception = workerd/jsg/_virtual_includes/iterator/workerd/jsg/value.h:1477: disconnected: jsg.Error: Network connection lost.
Docker E2E	UNKNOWN STEP	2026-10-03T09:53:39.2550900Z stack: /tmp/drangler-e2e-modify-IsDIXh/worker/node_modules/@cloudflare/workerd-linux-64/bin/workerd@33a3bd0 /tmp/drangler-e2e-modify-IsDIXh/worker/node_modules/@cloudflare/workerd-linux-64/bin/workerd@33a486c /tmp/drangler-e2e-modify-IsDIXh/worker/node_modules/@cloudflare/workerd-linux-64/bin/workerd@5998b48 /tmp/drangler-e2e-modify-IsDIXh/worker/node_modules/@cloudflare/workerd-linux-64/bin/workerd@31108fb
Docker E2E	UNKNOWN STEP	2026-10-03T09:53:39.2554271Z uncaught exception; source = Uncaught (in promise); stack = Error: Network connection lost.
Docker E2E	UNKNOWN STEP	2026-10-03T09:53:39.2556218Z uncaught exception; exception = workerd/jsg/_virtual_includes/iterator/workerd/jsg/value.h:1477: disconnected: jsg.Error: Network connection lost.
Docker E2E	UNKNOWN STEP	2026-10-03T09:53:39.2560659Z stack: /tmp/drangler-e2e-modify-IsDIXh/worker/node_modules/@cloudflare/workerd-linux-64/bin/workerd@33a3bd0 /tmp/drangler-e2e-modify-IsDIXh/worker/node_modules/@cloudflare/workerd-linux-64/bin/workerd@33a486c /tmp/drangler-e2e-modify-IsDIXh/worker/node_modules/@cloudflare/workerd-linux-64/bin/workerd@5998b48 /tmp/drangler-e2e-modify-IsDIXh/worker/node_modules/@cloudflare/workerd-linux-64/bin/workerd@31108fb
Docker E2E	UNKNOWN STEP	2026-10-03T09:53:39.2563290Z 
Docker E2E	UNKNOWN STEP	2026-10-03T09:53:39.2563300Z 
Docker E2E	UNKNOWN STEP	2026-10-03T09:54:02.0994233Z  ^[[31m❯^[[39m ^[[30m^[[45m e2e ^[[49m^[[39m tests/e2e/modify.spec.ts ^[[2m(^[[22m^[[2m8 tests^[[22m^[[2m | ^[[22m^[[31m1 failed^[[39m^[[2m)^[[22m^[[33m 93856^[[2mms^[[22m^[[39m
Docker E2E	UNKNOWN STEP	2026-10-03T09:54:02.0996214Z        ^[[32m✓^[[39m detects the project and mounts it where Drupal looks for a custom module^[[32m 3^[[2mms^[[22m^[[39m
Docker E2E	UNKNOWN STEP	2026-10-03T09:54:02.0998442Z        ^[[33m^[[2m✓^[[22m^[[39m uploads it, and the revision drangler computed is the one the site stored ^[[33m 479^[[2mms^[[22m^[[39m
Docker E2E	UNKNOWN STEP	2026-10-03T09:54:02.1000419Z        ^[[33m^[[2m✓^[[22m^[[39m serves its route only once it is enabled ^[[33m 9465^[[2mms^[[22m^[[39m
Docker E2E	UNKNOWN STEP	2026-10-03T09:54:02.1002194Z        ^[[33m^[[2m✓^[[22m^[[39m sends only the changed file, and the site serves the new code ^[[33m 945^[[2mms^[[22m^[[39m
Docker E2E	UNKNOWN STEP	2026-10-03T09:54:02.1003691Z        ^[[33m^[[2m✓^[[22m^[[39m refuses a revision that breaks the boot and keeps the previous one serving ^[[33m 3459^[[2mms^[[22m^[[39m
Docker E2E	UNKNOWN STEP	2026-10-03T09:54:02.1005037Z        ^[[33m^[[2m✓^[[22m^[[39m lists both good revisions and rolls back to the first ^[[33m 949^[[2mms^[[22m^[[39m
Docker E2E	UNKNOWN STEP	2026-10-03T09:54:02.1006629Z ^[[31m       ^[[31m×^[[31m requires simple_oauth, uploads simple_oauth_21 and enables it^[[39m^[[33m 35362^[[2mms^[[22m^[[39m
Docker E2E	UNKNOWN STEP	2026-10-03T09:54:02.1008100Z        ^[[33m^[[2m✓^[[22m^[[39m reports a module whose enable is refused and leaves the site serving ^[[33m 22172^[[2mms^[[22m^[[39m
Docker E2E	UNKNOWN STEP	2026-10-03T09:54:03.6616931Z Cloning into '/tmp/drangler-e2e-clone-ih1iiT/worker'...
Docker E2E	UNKNOWN STEP	2026-10-03T09:54:05.1261815Z bun install v1.4.2 (744846f84)
Docker E2E	UNKNOWN STEP	2026-10-03T09:54:05.4359323Z 
Docker E2E	UNKNOWN STEP	2026-10-03T09:54:05.4360418Z $ bun scripts/gen-lock-versions.ts && bun scripts/restore-artifacts.ts
Docker E2E	UNKNOWN STEP	2026-10-03T09:54:05.4480038Z {
Docker E2E	UNKNOWN STEP	2026-10-03T09:54:05.4480317Z   "packages": 76,
Docker E2E	UNKNOWN STEP	2026-10-03T09:54:05.4480569Z   "virtual": 37,
Docker E2E	UNKNOWN STEP	2026-10-03T09:54:05.4480796Z   "core": "11.4.7",
Docker E2E	UNKNOWN STEP	2026-10-03T09:54:05.4481018Z   "bytes": 4562
Docker E2E	UNKNOWN STEP	2026-10-03T09:54:05.4481223Z }
Docker E2E	UNKNOWN STEP	2026-10-03T09:54:05.9520874Z restore-artifacts: .interp/php8.5.wasm (13401742 bytes, sha256 verified)
Docker E2E	UNKNOWN STEP	2026-10-03T09:54:06.0384785Z restore-artifacts: .interp/php8.5-worker.mjs (876467 bytes, sha256 verified)
Docker E2E	UNKNOWN STEP	2026-10-03T09:54:06.3533873Z restore-artifacts: tuned glue -> /tmp/drangler-e2e-clone-ih1iiT/worker/.interp/php8.5-worker.tuned.mjs
Docker E2E	UNKNOWN STEP	2026-10-03T09:54:06.3784162Z restore-artifacts: tuned interpreter -> /tmp/drangler-e2e-clone-ih1iiT/worker/.interp/php8.5.tuned.wasm (64 MiB)
Docker E2E	UNKNOWN STEP	2026-10-03T09:54:06.3790521Z restore-artifacts: 2 downloaded, 0 already current
Docker E2E	UNKNOWN STEP	2026-10-03T09:54:06.3839624Z $ husky
Docker E2E	UNKNOWN STEP	2026-10-03T09:54:06.4222199Z 
Docker E2E	UNKNOWN STEP	2026-10-03T09:54:06.4222879Z + @cloudflare/containers@0.3.7
Docker E2E	UNKNOWN STEP	2026-10-03T09:54:06.4223656Z + @cloudflare/vitest-pool-workers@0.22.0
Docker E2E	UNKNOWN STEP	2026-10-03T09:54:06.4226115Z + @cloudflare/workers-types@5.20260829.1
Docker E2E	UNKNOWN STEP	2026-10-03T09:54:06.4226484Z + @playwright/test@1.62.1
Docker E2E	UNKNOWN STEP	2026-10-03T09:54:06.4226774Z + @prettier/plugin-php@0.25.0
Docker E2E	UNKNOWN STEP	2026-10-03T09:54:06.4227040Z + @types/bun@1.4.0
Docker E2E	UNKNOWN STEP	2026-10-03T09:54:06.4227272Z + @types/pg@8.23.1
Docker E2E	UNKNOWN STEP	2026-10-03T09:54:06.4227548Z + @vitest/coverage-istanbul@4.1.11
Docker E2E	UNKNOWN STEP	2026-10-03T09:54:06.4227815Z + husky@9.1.7
Docker E2E	UNKNOWN STEP	2026-10-03T09:54:06.4228039Z + lint-staged@17.4.1
Docker E2E	UNKNOWN STEP	2026-10-03T09:54:06.4228266Z + marked@18.0.14
Docker E2E	UNKNOWN STEP	2026-10-03T09:54:06.4228512Z + marked-gfm-heading-id@4.1.4
Docker E2E	UNKNOWN STEP	2026-10-03T09:54:06.4228763Z + prettier@3.9.6
Docker E2E	UNKNOWN STEP	2026-10-03T09:54:06.4229053Z + prettier-plugin-organize-imports@4.3.0
Docker E2E	UNKNOWN STEP	2026-10-03T09:54:06.4229671Z + prettier-plugin-sh@0.20.2
Docker E2E	UNKNOWN STEP	2026-10-03T09:54:06.4230088Z + shiki@4.4.3
Docker E2E	UNKNOWN STEP	2026-10-03T09:54:06.4230308Z + typedoc@0.28.20
Docker E2E	UNKNOWN STEP	2026-10-03T09:54:06.4230547Z + typescript@5.9.3
Docker E2E	UNKNOWN STEP	2026-10-03T09:54:06.4230760Z + vitest@4.1.11
Docker E2E	UNKNOWN STEP	2026-10-03T09:54:06.4230974Z + wrangler@4.127.1
Docker E2E	UNKNOWN STEP	2026-10-03T09:54:06.4231184Z + yaml@2.9.1
Docker E2E	UNKNOWN STEP	2026-10-03T09:54:06.4231411Z + <private-pkg>@1.1.1
Docker E2E	UNKNOWN STEP	2026-10-03T09:54:06.4231676Z + <private-pkg>@0.3.1
Docker E2E	UNKNOWN STEP	2026-10-03T09:54:06.4231943Z + <private-pkg>@0.1.4
Docker E2E	UNKNOWN STEP	2026-10-03T09:54:06.4232212Z + <private-pkg>@0.1.0
Docker E2E	UNKNOWN STEP	2026-10-03T09:54:06.4232465Z + @<user>/tinyimg@1.1.0
Docker E2E	UNKNOWN STEP	2026-10-03T09:54:06.4232712Z + @noble/ciphers@2.4.0
Docker E2E	UNKNOWN STEP	2026-10-03T09:54:06.4232951Z + @noble/hashes@2.4.0
Docker E2E	UNKNOWN STEP	2026-10-03T09:54:06.4233174Z + blakejs@1.2.1
Docker E2E	UNKNOWN STEP	2026-10-03T09:54:06.4233393Z + edgeport@1.0.6
Docker E2E	UNKNOWN STEP	2026-10-03T09:54:06.4233603Z + fflate@0.8.3
Docker E2E	UNKNOWN STEP	2026-10-03T09:54:06.4233803Z + fzstd@0.1.1
Docker E2E	UNKNOWN STEP	2026-10-03T09:54:06.4233997Z + mysql2@3.24.4
Docker E2E	UNKNOWN STEP	2026-10-03T09:54:06.4234194Z + pg@8.23.0
Docker E2E	UNKNOWN STEP	2026-10-03T09:54:06.4234398Z + php-wasm@0.1.0
Docker E2E	UNKNOWN STEP	2026-10-03T09:54:06.4234528Z 
Docker E2E	UNKNOWN STEP	2026-10-03T09:54:06.4234991Z 260 packages installed [1296.00ms]
Docker E2E	UNKNOWN STEP	2026-10-03T09:54:06.4526499Z $ bun scripts/hydrate.ts
Docker E2E	UNKNOWN STEP	2026-10-03T09:54:06.7651198Z fetching https://<host>/payloads/v1.0.3/<org>-worker-1.0.3.tar.gz (cdn)
Docker E2E	UNKNOWN STEP	2026-10-03T09:54:07.0845334Z tarball sha256 <hex> matches SHA256SUMS
Docker E2E	UNKNOWN STEP	2026-10-03T09:54:08.1228940Z hydrate: kept 2 tracked file(s) the repository owns: assets/robots.txt, assets/driver.json
Docker E2E	UNKNOWN STEP	2026-10-03T09:54:08.1230265Z hydrated 4583 files, 52473986 bytes, from 1.0.3 (d633a47)
Docker E2E	UNKNOWN STEP	2026-10-03T09:54:08.1231352Z interpreter: .interp/php8.5-worker.tuned.mjs, .interp/php8.5.tuned.wasm
Docker E2E	UNKNOWN STEP	2026-10-03T09:54:08.1232072Z the tree is deployable now: bunx wrangler deploy -c wrangler.jsonc
Docker E2E	UNKNOWN STEP	2026-10-03T09:54:16.2580764Z  ^[[32m✓^[[39m ^[[30m^[[45m e2e ^[[49m^[[39m tests/e2e/workspace-clone.spec.ts ^[[2m(^[[22m^[[2m10 tests^[[22m^[[2m | ^[[22m^[[33m1 skipped^[[39m^[[2m)^[[22m^[[33m 12578^[[2mms^[[22m^[[39m
Docker E2E	UNKNOWN STEP	2026-10-03T09:54:16.2582871Z      ^[[33m^[[2m✓^[[22m^[[39m clones the published repository and installs it from npm ^[[33m 2769^[[2mms^[[22m^[[39m
Docker E2E	UNKNOWN STEP	2026-10-03T09:54:16.2584013Z      ^[[33m^[[2m✓^[[22m^[[39m hydrates from the <org>/worker release v1.0.3 ^[[33m 1782^[[2mms^[[22m^[[39m
Docker E2E	UNKNOWN STEP	2026-10-03T09:54:16.2585023Z      ^[[33m^[[2m✓^[[22m^[[39m runs every check, and none of them reports "not run" ^[[33m 3943^[[2mms^[[22m^[[39m
Docker E2E	UNKNOWN STEP	2026-10-03T09:54:16.2585897Z      ^[[33m^[[2m✓^[[22m^[[39m a published payload deploys clean ^[[33m 3779^[[2mms^[[22m^[[39m
Docker E2E	UNKNOWN STEP	2026-10-03T09:54:38.2541477Z  ^[[32m✓^[[39m ^[[30m^[[45m e2e ^[[49m^[[39m tests/e2e/detector.spec.ts ^[[2m(^[[22m^[[2m9 tests^[[22m^[[2m)^[[22m^[[33m 21780^[[2mms^[[22m^[[39m
Docker E2E	UNKNOWN STEP	2026-10-03T09:54:38.2544838Z      ^[[33m^[[2m✓^[[22m^[[39m catches a multi-byte value mangled by the wrong connection charset ^[[33m 414^[[2mms^[[22m^[[39m
Docker E2E	UNKNOWN STEP	2026-10-03T09:54:50.0047472Z Cloning into '/tmp/drangler-e2e-pv-CALP3O/worker'...
Docker E2E	UNKNOWN STEP	2026-10-03T09:54:51.4028778Z Note: switching to '<hex>'.
Docker E2E	UNKNOWN STEP	2026-10-03T09:54:51.4029101Z 
Docker E2E	UNKNOWN STEP	2026-10-03T09:54:51.4029716Z You are in 'detached HEAD' state. You can look around, make experimental
Docker E2E	UNKNOWN STEP	2026-10-03T09:54:51.4030708Z changes and commit them, and you can discard any commits you make in this
Docker E2E	UNKNOWN STEP	2026-10-03T09:54:51.4031278Z state without impacting any branches by switching back to a branch.
Docker E2E	UNKNOWN STEP	2026-10-03T09:54:51.4031562Z 
Docker E2E	UNKNOWN STEP	2026-10-03T09:54:51.4031825Z If you want to create a new branch to retain commits you create, you may
Docker E2E	UNKNOWN STEP	2026-10-03T09:54:51.4032349Z do so (now or later) by using -c with the switch command. Example:
Docker E2E	UNKNOWN STEP	2026-10-03T09:54:51.4032598Z 
Docker E2E	UNKNOWN STEP	2026-10-03T09:54:51.4032735Z   git switch -c <new-branch-name>
Docker E2E	UNKNOWN STEP	2026-10-03T09:54:51.4032908Z 
Docker E2E	UNKNOWN STEP	2026-10-03T09:54:51.4033033Z Or undo this operation with:
Docker E2E	UNKNOWN STEP	2026-10-03T09:54:51.4033207Z 
Docker E2E	UNKNOWN STEP	2026-10-03T09:54:51.4033299Z   git switch -
Docker E2E	UNKNOWN STEP	2026-10-03T09:54:51.4033428Z 
Docker E2E	UNKNOWN STEP	2026-10-03T09:54:51.4033732Z Turn off this advice by setting config variable advice.detachedHead to false
Docker E2E	UNKNOWN STEP	2026-10-03T09:54:51.4034042Z 
Docker E2E	UNKNOWN STEP	2026-10-03T09:54:51.5187927Z bun install v1.4.2 (744846f84)
Docker E2E	UNKNOWN STEP	2026-10-03T09:54:51.8365969Z 
Docker E2E	UNKNOWN STEP	2026-10-03T09:54:51.8367007Z $ bun scripts/gen-lock-versions.ts && bun scripts/restore-artifacts.ts
Docker E2E	UNKNOWN STEP	2026-10-03T09:54:51.8479674Z {
Docker E2E	UNKNOWN STEP	2026-10-03T09:54:51.8480003Z   "packages": 76,
Docker E2E	UNKNOWN STEP	2026-10-03T09:54:51.8480264Z   "virtual": 37,
Docker E2E	UNKNOWN STEP	2026-10-03T09:54:51.8480486Z   "core": "11.4.7",
Docker E2E	UNKNOWN STEP	2026-10-03T09:54:51.8480703Z   "bytes": 4562
Docker E2E	UNKNOWN STEP	2026-10-03T09:54:51.8480905Z }
Docker E2E	UNKNOWN STEP	2026-10-03T09:54:52.2488677Z restore-artifacts: .interp/php8.5.wasm (13401742 bytes, sha256 verified)
Docker E2E	UNKNOWN STEP	2026-10-03T09:54:52.3372714Z restore-artifacts: .interp/php8.5-worker.mjs (876467 bytes, sha256 verified)
Docker E2E	UNKNOWN STEP	2026-10-03T09:54:52.6621289Z restore-artifacts: tuned glue -> /tmp/drangler-e2e-pv-CALP3O/worker/.interp/php8.5-worker.tuned.mjs
Docker E2E	UNKNOWN STEP	2026-10-03T09:54:52.6878656Z restore-artifacts: tuned interpreter -> /tmp/drangler-e2e-pv-CALP3O/worker/.interp/php8.5.tuned.wasm (64 MiB)
Docker E2E	UNKNOWN STEP	2026-10-03T09:54:52.6890656Z restore-artifacts: 2 downloaded, 0 already current
Docker E2E	UNKNOWN STEP	2026-10-03T09:54:52.6928303Z $ husky
Docker E2E	UNKNOWN STEP	2026-10-03T09:54:52.7322093Z 
Docker E2E	UNKNOWN STEP	2026-10-03T09:54:52.7322528Z + @cloudflare/containers@0.3.7
Docker E2E	UNKNOWN STEP	2026-10-03T09:54:52.7322935Z + @cloudflare/vitest-pool-workers@0.22.0
Docker E2E	UNKNOWN STEP	2026-10-03T09:54:52.7323596Z + @cloudflare/workers-types@5.20260829.1
Docker E2E	UNKNOWN STEP	2026-10-03T09:54:52.7323955Z + @playwright/test@1.62.1
Docker E2E	UNKNOWN STEP	2026-10-03T09:54:52.7324240Z + @prettier/plugin-php@0.25.0
Docker E2E	UNKNOWN STEP	2026-10-03T09:54:52.7324500Z + @types/bun@1.4.0
Docker E2E	UNKNOWN STEP	2026-10-03T09:54:52.7324724Z + @types/pg@8.23.1
Docker E2E	UNKNOWN STEP	2026-10-03T09:54:52.7324990Z + @vitest/coverage-istanbul@4.1.11
Docker E2E	UNKNOWN STEP	2026-10-03T09:54:52.7325251Z + husky@9.1.7
Docker E2E	UNKNOWN STEP	2026-10-03T09:54:52.7325476Z + lint-staged@17.4.1
Docker E2E	UNKNOWN STEP	2026-10-03T09:54:52.7325695Z + marked@18.0.14
Docker E2E	UNKNOWN STEP	2026-10-03T09:54:52.7325937Z + marked-gfm-heading-id@4.1.4
Docker E2E	UNKNOWN STEP	2026-10-03T09:54:52.7326183Z + prettier@3.9.6
Docker E2E	UNKNOWN STEP	2026-10-03T09:54:52.7326474Z + prettier-plugin-organize-imports@4.3.0
Docker E2E	UNKNOWN STEP	2026-10-03T09:54:52.7326789Z + prettier-plugin-sh@0.20.2
Docker E2E	UNKNOWN STEP	2026-10-03T09:54:52.7327026Z + shiki@4.4.3
Docker E2E	UNKNOWN STEP	2026-10-03T09:54:52.7327235Z + typedoc@0.28.20
Docker E2E	UNKNOWN STEP	2026-10-03T09:54:52.7327455Z + typescript@5.9.3
Docker E2E	UNKNOWN STEP	2026-10-03T09:54:52.7327664Z + vitest@4.1.11
Docker E2E	UNKNOWN STEP	2026-10-03T09:54:52.7327875Z + wrangler@4.127.1
Docker E2E	UNKNOWN STEP	2026-10-03T09:54:52.7328082Z + yaml@2.9.1
Docker E2E	UNKNOWN STEP	2026-10-03T09:54:52.7328306Z + <private-pkg>@1.1.1
Docker E2E	UNKNOWN STEP	2026-10-03T09:54:52.7328563Z + <private-pkg>@0.3.1
Docker E2E	UNKNOWN STEP	2026-10-03T09:54:52.7328837Z + <private-pkg>@0.1.4
Docker E2E	UNKNOWN STEP	2026-10-03T09:54:52.7329096Z + <private-pkg>@0.1.0
Docker E2E	UNKNOWN STEP	2026-10-03T09:54:52.7329602Z + @<user>/tinyimg@1.1.0
Docker E2E	UNKNOWN STEP	2026-10-03T09:54:52.7329898Z + @noble/ciphers@2.4.0
Docker E2E	UNKNOWN STEP	2026-10-03T09:54:52.7330152Z + @noble/hashes@2.4.0
Docker E2E	UNKNOWN STEP	2026-10-03T09:54:52.7330383Z + blakejs@1.2.1
Docker E2E	UNKNOWN STEP	2026-10-03T09:54:52.7330597Z + edgeport@1.0.6
Docker E2E	UNKNOWN STEP	2026-10-03T09:54:52.7330802Z + fflate@0.8.3
Docker E2E	UNKNOWN STEP	2026-10-03T09:54:52.7330997Z + fzstd@0.1.1
Docker E2E	UNKNOWN STEP	2026-10-03T09:54:52.7331197Z + mysql2@3.24.4
Docker E2E	UNKNOWN STEP	2026-10-03T09:54:52.7331395Z + pg@8.23.0
Docker E2E	UNKNOWN STEP	2026-10-03T09:54:52.7331589Z + php-wasm@0.1.0
Docker E2E	UNKNOWN STEP	2026-10-03T09:54:52.7331719Z 
Docker E2E	UNKNOWN STEP	2026-10-03T09:54:52.7331867Z 260 packages installed [1214.00ms]
Docker E2E	UNKNOWN STEP	2026-10-03T09:54:52.7364690Z $ bun scripts/hydrate.ts
Docker E2E	UNKNOWN STEP	2026-10-03T09:54:53.0047645Z fetching https://<host>/payloads/v1.0.3/<org>-worker-1.0.3.tar.gz (cdn)
Docker E2E	UNKNOWN STEP	2026-10-03T09:54:53.3229753Z tarball sha256 <hex> matches SHA256SUMS
Docker E2E	UNKNOWN STEP	2026-10-03T09:54:54.3633259Z hydrate: kept 2 tracked file(s) the repository owns: assets/robots.txt, assets/driver.json
Docker E2E	UNKNOWN STEP	2026-10-03T09:54:54.3634583Z hydrated 4583 files, 52473986 bytes, from 1.0.3 (d633a47)
Docker E2E	UNKNOWN STEP	2026-10-03T09:54:54.3635550Z interpreter: .interp/php8.5-worker.tuned.mjs, .interp/php8.5.tuned.wasm
Docker E2E	UNKNOWN STEP	2026-10-03T09:54:54.3636251Z the tree is deployable now: bunx wrangler deploy -c wrangler.jsonc
Docker E2E	UNKNOWN STEP	2026-10-03T09:54:54.5623564Z $ node scripts/pack-sql.ts assets/drupal/site.sqlite assets/drupal-sql
Docker E2E	UNKNOWN STEP	2026-10-03T09:54:54.7319177Z source          /tmp/drangler-e2e-pv-CALP3O/worker/assets/drupal/site.sqlite
Docker E2E	UNKNOWN STEP	2026-10-03T09:54:54.7440390Z                 2,379,776 bytes on disk
Docker E2E	UNKNOWN STEP	2026-10-03T09:54:54.7441549Z tables          52 (+1 synthesised: sessions), 9 WITHOUT ROWID
Docker E2E	UNKNOWN STEP	2026-10-03T09:54:54.7442500Z rows            926
Docker E2E	UNKNOWN STEP	2026-10-03T09:54:54.7443331Z statements      1,104 (53 table DDL, 926 inserts, 125 index DDL)
Docker E2E	UNKNOWN STEP	2026-10-03T09:54:54.7444308Z chunks          33 at <=200 statements / <=64 KiB
Docker E2E	UNKNOWN STEP	2026-10-03T09:54:54.7445081Z chunk bytes     1,727,828 total, largest 120,344
Docker E2E	UNKNOWN STEP	2026-10-03T09:54:54.7445533Z vs .sqlite      -651,948 bytes
Docker E2E	UNKNOWN STEP	2026-10-03T09:54:54.7446213Z encoding        1158 base64 values, 0 wide integers, 0 collations rewritten
Docker E2E	UNKNOWN STEP	2026-10-03T09:54:54.7447126Z bake history    39 watchdog rows and 1 state keys dropped
Docker E2E	UNKNOWN STEP	2026-10-03T09:54:54.7447789Z generation      79a0b63423220c63
Docker E2E	UNKNOWN STEP	2026-10-03T09:54:54.7448515Z out             /tmp/drangler-e2e-pv-CALP3O/worker/assets/drupal-sql
Docker E2E	UNKNOWN STEP	2026-10-03T09:54:54.7451186Z largest chunks  0013.json:118K/120st  0004.json:96K/135st  0007.json:94K/104st  0014.json:93K/60st  0021.json:93K/54st
Docker E2E	UNKNOWN STEP	2026-10-03T09:54:55.8918380Z 🪵  Writing logs to "/home/runner/.config/.wrangler/logs/wrangler-2026-10-03_09-54-55_486.log"
Docker E2E	UNKNOWN STEP	2026-10-03T09:54:55.8925730Z .env file not found at "/tmp/drangler-e2e-pv-CALP3O/worker/.env". Continuing... For more details, refer to https://developers.cloudflare.com/workers/wrangler/system-environment-variables/
Docker E2E	UNKNOWN STEP	2026-10-03T09:54:55.8928902Z .env file not found at "/tmp/drangler-e2e-pv-CALP3O/worker/.env.local". Continuing... For more details, refer to https://developers.cloudflare.com/workers/wrangler/system-environment-variables/
Docker E2E	UNKNOWN STEP	2026-10-03T09:54:55.9036129Z 
Docker E2E	UNKNOWN STEP	2026-10-03T09:54:55.9037111Z  ⛅️ wrangler 4.127.1 (update available 4.147.0)
Docker E2E	UNKNOWN STEP	2026-10-03T09:54:55.9037923Z ───────────────────────────────────────────────
Docker E2E	UNKNOWN STEP	2026-10-03T09:54:55.9049698Z 
Docker E2E	UNKNOWN STEP	2026-10-03T09:54:55.9051159Z Cloudflare collects anonymous telemetry about your usage of Wrangler. Learn more at https://github.com/cloudflare/workers-sdk/tree/main/packages/wrangler/telemetry.md
Docker E2E	UNKNOWN STEP	2026-10-03T09:54:55.9187655Z setting config
Docker E2E	UNKNOWN STEP	2026-10-03T09:54:55.9192319Z Updating config... undefined undefined
Docker E2E	UNKNOWN STEP	2026-10-03T09:54:55.9268513Z <<removed: line of 740 characters>>
Docker E2E	UNKNOWN STEP	2026-10-03T09:54:55.9428580Z [custom build] Running: bun run hydrate
Docker E2E	UNKNOWN STEP	2026-10-03T09:54:55.9572190Z [custom build] $ bun scripts/hydrate.ts
Docker E2E	UNKNOWN STEP	2026-10-03T09:54:55.9573054Z [custom build] 
Docker E2E	UNKNOWN STEP	2026-10-03T09:54:55.9748754Z [custom build] the tree is already hydrated; nothing to do.
Docker E2E	UNKNOWN STEP	2026-10-03T09:54:55.9750512Z [custom build] pass --force to replace it with the published payload anyway.
Docker E2E	UNKNOWN STEP	2026-10-03T09:54:55.9751490Z [custom build] 
Docker E2E	UNKNOWN STEP	2026-10-03T09:54:55.9950153Z local dev variables file not found at ".dev.vars". Continuing... For more details, refer to https://developers.cloudflare.com/workers/wrangler/system-environment-variables/
Docker E2E	UNKNOWN STEP	2026-10-03T09:54:55.9953048Z .env file not found at "/tmp/drangler-e2e-pv-CALP3O/worker/.env". Continuing... For more details, refer to https://developers.cloudflare.com/workers/wrangler/system-environment-variables/
Docker E2E	UNKNOWN STEP	2026-10-03T09:54:55.9955378Z .env file not found at "/tmp/drangler-e2e-pv-CALP3O/worker/.env.local". Continuing... For more details, refer to https://developers.cloudflare.com/workers/wrangler/system-environment-variables/
Docker E2E	UNKNOWN STEP	2026-10-03T09:54:55.9970399Z Your Worker has access to the following bindings:
Docker E2E	UNKNOWN STEP	2026-10-03T09:54:55.9973588Z Binding                                              Resource                     Mode
Docker E2E	UNKNOWN STEP	2026-10-03T09:54:55.9974970Z env.SITE (SitePhpDurableObject)                      Durable Object               local
Docker E2E	UNKNOWN STEP	2026-10-03T09:54:55.9976836Z env.RENDER_LANES (RenderLane)                        Durable Object               local
Docker E2E	UNKNOWN STEP	2026-10-03T09:54:55.9977673Z env.CONFIG_KV                                        KV Namespace                 local
Docker E2E	UNKNOWN STEP	2026-10-03T09:54:55.9978546Z env.PAGE_KV                                          KV Namespace                 local
Docker E2E	UNKNOWN STEP	2026-10-03T09:54:55.9979817Z env.FLEET_DB (<org>-fleet)                       D1 Database                  local
Docker E2E	UNKNOWN STEP	2026-10-03T09:54:55.9980827Z env.ASSETS                                           Assets                       local
Docker E2E	UNKNOWN STEP	2026-10-03T09:54:55.9984944Z env.CF_VERSION_METADATA                              Worker Version Metadata      local
Docker E2E	UNKNOWN STEP	2026-10-03T09:54:55.9985952Z env.CMS ("drupal")                                   Environment Variable         local
Docker E2E	UNKNOWN STEP	2026-10-03T09:54:55.9986907Z env.LAZY_MOUNT ("1")                                 Environment Variable         local
Docker E2E	UNKNOWN STEP	2026-10-03T09:54:55.9987909Z env.LAZY_FS_BUDGET_BYTES ("4194304")                 Environment Variable         local
Docker E2E	UNKNOWN STEP	2026-10-03T09:54:55.9988912Z env.GEN_BUCKET_MS ("5000")                           Environment Variable         local
Docker E2E	UNKNOWN STEP	2026-10-03T09:54:55.9990072Z env.PLAN ("free")                                    Environment Variable         local
Docker E2E	UNKNOWN STEP	2026-10-03T09:54:55.9991332Z env.ASSET_AGGREGATES ("1")                           Environment Variable         local
Docker E2E	UNKNOWN STEP	2026-10-03T09:54:55.9991837Z 
Docker E2E	UNKNOWN STEP	2026-10-03T09:54:56.2450066Z ^[[33m▲ ^[[43;33m[^[[43;30mWARNING^[[43;33m]^[[0m ^[[1mScheduled Workers are not automatically triggered during local development.^[[0m
Docker E2E	UNKNOWN STEP	2026-10-03T09:54:56.2450751Z 
Docker E2E	UNKNOWN STEP	2026-10-03T09:54:56.2450931Z   To manually trigger a scheduled event, run:
Docker E2E	UNKNOWN STEP	2026-10-03T09:54:56.2451467Z     curl "http://localhost:8799/cdn-cgi/local/scheduled"
Docker E2E	UNKNOWN STEP	2026-10-03T09:54:56.2452445Z   For more details, see ^[[4mhttps://developers.cloudflare.com/workers/configuration/cron-triggers/#test-cron-triggers-locally^[[0m
Docker E2E	UNKNOWN STEP	2026-10-03T09:54:56.2453189Z 
Docker E2E	UNKNOWN STEP	2026-10-03T09:54:56.2453196Z 
Docker E2E	UNKNOWN STEP	2026-10-03T09:54:56.3440305Z [wrangler-ProxyWorker:info] GET /cdn-cgi/ProxyWorker/pause 204 No Content (2ms)
Docker E2E	UNKNOWN STEP	2026-10-03T09:54:56.3454919Z The file src changed, restarting build...
Docker E2E	UNKNOWN STEP	2026-10-03T09:54:56.3457925Z [custom build] Running: bun run hydrate
Docker E2E	UNKNOWN STEP	2026-10-03T09:54:56.3865903Z [custom build] $ bun scripts/hydrate.ts
Docker E2E	UNKNOWN STEP	2026-10-03T09:54:56.3866523Z [custom build] 
Docker E2E	UNKNOWN STEP	2026-10-03T09:54:56.4369216Z [custom build] the tree is already hydrated; nothing to do.
Docker E2E	UNKNOWN STEP	2026-10-03T09:54:56.4370513Z [custom build] pass --force to replace it with the published payload anyway.
Docker E2E	UNKNOWN STEP	2026-10-03T09:54:56.4371200Z [custom build] 
Docker E2E	UNKNOWN STEP	2026-10-03T09:54:56.4761055Z [wrangler-ProxyWorker:info] GET /cdn-cgi/ProxyWorker/pause 204 No Content (1ms)
Docker E2E	UNKNOWN STEP	2026-10-03T09:54:57.0642417Z Writing additional module to output /tmp/drangler-e2e-pv-CALP3O/worker/.wrangler/tmp/dev-qv9SQp/<hex>-wasm3.wasm
Docker E2E	UNKNOWN STEP	2026-10-03T09:54:57.0647361Z Writing additional module to output /tmp/drangler-e2e-pv-CALP3O/worker/.wrangler/tmp/dev-qv9SQp/<hex>-tinyimg.wasm
Docker E2E	UNKNOWN STEP	2026-10-03T09:54:57.0654097Z Writing additional module to output /tmp/drangler-e2e-pv-CALP3O/worker/.wrangler/tmp/dev-qv9SQp/<hex>-php8.5.tuned.wasm
Docker E2E	UNKNOWN STEP	2026-10-03T09:54:57.0733152Z RemoteRuntimeController teardown beginning...
Docker E2E	UNKNOWN STEP	2026-10-03T09:54:57.0734525Z RemoteRuntimeController teardown complete
Docker E2E	UNKNOWN STEP	2026-10-03T09:54:57.0784874Z ⎔ Starting local server...
Docker E2E	UNKNOWN STEP	2026-10-03T09:54:57.0856316Z [InspectorProxyWorker] handleProxyControllerIncomingMessage {"type":"reloadStart"}
Docker E2E	UNKNOWN STEP	2026-10-03T09:54:57.0877603Z [wrangler-ProxyWorker:info] GET /cdn-cgi/ProxyWorker/pause 204 No Content (0ms)
Docker E2E	UNKNOWN STEP	2026-10-03T09:54:57.6902648Z Inspector is listening
Docker E2E	UNKNOWN STEP	2026-10-03T09:54:58.0002113Z [wrangler-ProxyWorker:info] Ready on http://localhost:8799
Docker E2E	UNKNOWN STEP	2026-10-03T09:54:58.0035190Z [InspectorProxyWorker] handleProxyControllerIncomingMessage {"type":"reloadComplete","proxyData":{"userWorkerUrl":{"protocol":"http:","hostname":"<loopback>","port":"44799"},"userWorkerInspectorUrl":{"protocol":"ws:","hostname":"<loopback>","port":"37369","pathname":"/core:user:<org>"},"userWorkerInnerUrlOverrides":{"protocol":"http:"},"headers":{"MF-Proxy-Shared-Secret":"<uuid>"},"liveReload":false,"proxyLogsToController":false}}
Docker E2E	UNKNOWN STEP	2026-10-03T09:54:58.0039715Z [InspectorProxyWorker] reconnectRuntimeWebSocket
Docker E2E	UNKNOWN STEP	2026-10-03T09:54:58.0053865Z [InspectorProxyWorker] NEW RUNTIME WEBSOCKET http://<loopback>:37369/core:user:<org>
Docker E2E	UNKNOWN STEP	2026-10-03T09:54:58.0061979Z Inspector client attaching [core:user:<org>]
Docker E2E	UNKNOWN STEP	2026-10-03T09:54:58.0068475Z [InspectorProxyWorker] SEND TO DEVTOOLS {"method":"Runtime.executionContextsCleared"}
Docker E2E	UNKNOWN STEP	2026-10-03T09:54:58.0083460Z [wrangler-ProxyWorker:info] GET /cdn-cgi/ProxyWorker/play 204 No Content (2ms)
Docker E2E	UNKNOWN STEP	2026-10-03T09:54:58.0096997Z [InspectorProxyWorker] RUNTIME WEBSOCKET OPENED
Docker E2E	UNKNOWN STEP	2026-10-03T09:54:58.0105200Z [InspectorProxyWorker] SEND TO RUNTIME {"method":"Runtime.enable","id":100000001}
Docker E2E	UNKNOWN STEP	2026-10-03T09:54:58.0112697Z [InspectorProxyWorker] RUNTIME INCOMING MESSAGE {
Docker E2E	UNKNOWN STEP	2026-10-03T09:54:58.0115406Z   method: 'Runtime.executionContextCreated',
Docker E2E	UNKNOWN STEP	2026-10-03T09:54:58.0116230Z   params: {
Docker E2E	UNKNOWN STEP	2026-10-03T09:54:58.0116629Z     context: {
Docker E2E	UNKNOWN STEP	2026-10-03T09:54:58.0117027Z       id: 264414529,
Docker E2E	UNKNOWN STEP	2026-10-03T09:54:58.0117887Z       origin: '',
Docker E2E	UNKNOWN STEP	2026-10-03T09:54:58.0118289Z       name: 'Worker',
Docker E2E	UNKNOWN STEP	2026-10-03T09:54:58.0118884Z       uniqueId: '7462521433957290483.-217925690627172824'
Docker E2E	UNKNOWN STEP	2026-10-03T09:54:58.0119738Z     }
Docker E2E	UNKNOWN STEP	2026-10-03T09:54:58.0120081Z   }
Docker E2E	UNKNOWN STEP	2026-10-03T09:54:58.0120418Z }
Docker E2E	UNKNOWN STEP	2026-10-03T09:54:58.0121179Z [InspectorProxyWorker] RUNTIME INCOMING MESSAGE { id: 100000001, result: {} }
Docker E2E	UNKNOWN STEP	2026-10-03T09:54:58.0640970Z [wrangler-ProxyWorker:info] GET / 503 Service Unavailable (1237ms)
Docker E2E	UNKNOWN STEP	2026-10-03T09:55:05.2145365Z [wrangler-ProxyWorker:info] GET / 200 OK (5136ms)
Docker E2E	UNKNOWN STEP	2026-10-03T09:55:05.2245522Z exception = kj/async-io.c++:60: disconnected: stream disconnected prematurely
Docker E2E	UNKNOWN STEP	2026-10-03T09:55:05.2256611Z <<removed: line of 1170 characters>>
Docker E2E	UNKNOWN STEP	2026-10-03T09:55:05.2271783Z uncaught exception; source = Uncaught (in promise); stack = Error: Network connection lost.
Docker E2E	UNKNOWN STEP	2026-10-03T09:55:05.2273722Z uncaught exception; exception = workerd/jsg/_virtual_includes/iterator/workerd/jsg/value.h:1477: disconnected: jsg.Error: Network connection lost.
Docker E2E	UNKNOWN STEP	2026-10-03T09:55:05.2278251Z stack: /tmp/drangler-e2e-pv-CALP3O/worker/node_modules/@cloudflare/workerd-linux-64/bin/workerd@33a3bd0 /tmp/drangler-e2e-pv-CALP3O/worker/node_modules/@cloudflare/workerd-linux-64/bin/workerd@33a486c /tmp/drangler-e2e-pv-CALP3O/worker/node_modules/@cloudflare/workerd-linux-64/bin/workerd@5998b48 /tmp/drangler-e2e-pv-CALP3O/worker/node_modules/@cloudflare/workerd-linux-64/bin/workerd@31108fb
Docker E2E	UNKNOWN STEP	2026-10-03T09:55:05.2281878Z uncaught exception; source = Uncaught (in promise); stack = Error: Network connection lost.
Docker E2E	UNKNOWN STEP	2026-10-03T09:55:05.2283722Z uncaught exception; exception = workerd/jsg/_virtual_includes/iterator/workerd/jsg/value.h:1477: disconnected: jsg.Error: Network connection lost.
Docker E2E	UNKNOWN STEP	2026-10-03T09:55:05.2289169Z stack: /tmp/drangler-e2e-pv-CALP3O/worker/node_modules/@cloudflare/workerd-linux-64/bin/workerd@33a3bd0 /tmp/drangler-e2e-pv-CALP3O/worker/node_modules/@cloudflare/workerd-linux-64/bin/workerd@33a486c /tmp/drangler-e2e-pv-CALP3O/worker/node_modules/@cloudflare/workerd-linux-64/bin/workerd@5998b48 /tmp/drangler-e2e-pv-CALP3O/worker/node_modules/@cloudflare/workerd-linux-64/bin/workerd@31108fb
Docker E2E	UNKNOWN STEP	2026-10-03T09:55:05.2391251Z Error in ProxyController: Error inside ProxyWorker
Docker E2E	UNKNOWN STEP	2026-10-03T09:55:05.2392829Z  Error
Docker E2E	UNKNOWN STEP	2026-10-03T09:55:05.2393963Z     at castErrorCause (/tmp/drangler-e2e-pv-CALP3O/worker/node_modules/wrangler/wrangler-dist/cli.js:180603:20)
Docker E2E	UNKNOWN STEP	2026-10-03T09:55:05.2395750Z     at ProxyController2.emitErrorEvent (/tmp/drangler-e2e-pv-CALP3O/worker/node_modules/wrangler/wrangler-dist/cli.js:326752:20)
Docker E2E	UNKNOWN STEP	2026-10-03T09:55:05.2397664Z     at ProxyController2.onProxyWorkerMessage (/tmp/drangler-e2e-pv-CALP3O/worker/node_modules/wrangler/wrangler-dist/cli.js:326629:18)
Docker E2E	UNKNOWN STEP	2026-10-03T09:55:05.2399665Z     at PROXY_CONTROLLER (/tmp/drangler-e2e-pv-CALP3O/worker/node_modules/wrangler/wrangler-dist/cli.js:326356:24)
Docker E2E	UNKNOWN STEP	2026-10-03T09:55:05.2401186Z     at process.processTicksAndRejections (node:internal/process/task_queues:104:5)
Docker E2E	UNKNOWN STEP	2026-10-03T09:55:05.2403495Z     at async #handleLoopbackCustomFetchService (/tmp/drangler-e2e-pv-CALP3O/worker/node_modules/wrangler/node_modules/miniflare/dist/src/index.js:112345:22)
Docker E2E	UNKNOWN STEP	2026-10-03T09:55:05.2405814Z     at async #handleLoopback (/tmp/drangler-e2e-pv-CALP3O/worker/node_modules/wrangler/node_modules/miniflare/dist/src/index.js:112728:20) {
Docker E2E	UNKNOWN STEP	2026-10-03T09:55:05.2407048Z   cause: {
Docker E2E	UNKNOWN STEP	2026-10-03T09:55:05.2407551Z     name: 'Error',
Docker E2E	UNKNOWN STEP	2026-10-03T09:55:05.2408153Z     message: 'Network connection lost.',
Docker E2E	UNKNOWN STEP	2026-10-03T09:55:05.2408890Z     stack: 'Error: Network connection lost.'
Docker E2E	UNKNOWN STEP	2026-10-03T09:55:05.2409911Z   }
Docker E2E	UNKNOWN STEP	2026-10-03T09:55:05.2410398Z }
Docker E2E	UNKNOWN STEP	2026-10-03T09:55:05.3042948Z <<removed: object dump, 576 lines>>
Docker E2E	UNKNOWN STEP	2026-10-03T09:55:05.3043117Z 
Docker E2E	UNKNOWN STEP	2026-10-03T09:55:05.3043251Z Error
Docker E2E	UNKNOWN STEP	2026-10-03T09:55:05.3044137Z     at castErrorCause (/tmp/drangler-e2e-pv-CALP3O/worker/node_modules/wrangler/wrangler-dist/cli.js:180603:20)
Docker E2E	UNKNOWN STEP	2026-10-03T09:55:05.3045710Z     at ProxyController2.emitErrorEvent (/tmp/drangler-e2e-pv-CALP3O/worker/node_modules/wrangler/wrangler-dist/cli.js:326752:20)
Docker E2E	UNKNOWN STEP	2026-10-03T09:55:05.3047612Z     at ProxyController2.onProxyWorkerMessage (/tmp/drangler-e2e-pv-CALP3O/worker/node_modules/wrangler/wrangler-dist/cli.js:326629:18)
Docker E2E	UNKNOWN STEP	2026-10-03T09:55:05.3049212Z     at PROXY_CONTROLLER (/tmp/drangler-e2e-pv-CALP3O/worker/node_modules/wrangler/wrangler-dist/cli.js:326356:24)
Docker E2E	UNKNOWN STEP	2026-10-03T09:55:05.3050789Z     at process.processTicksAndRejections (node:internal/process/task_queues:104:5)
Docker E2E	UNKNOWN STEP	2026-10-03T09:55:05.3052393Z     at async #handleLoopbackCustomFetchService (/tmp/drangler-e2e-pv-CALP3O/worker/node_modules/wrangler/node_modules/miniflare/dist/src/index.js:112345:22)
Docker E2E	UNKNOWN STEP	2026-10-03T09:55:05.3054291Z     at async #handleLoopback (/tmp/drangler-e2e-pv-CALP3O/worker/node_modules/wrangler/node_modules/miniflare/dist/src/index.js:112728:20)
Docker E2E	UNKNOWN STEP	2026-10-03T09:55:05.3056400Z ^[[32mIf you think this is a bug then please create an issue at https://github.com/cloudflare/workers-sdk/issues/new/choose^[[0m
Docker E2E	UNKNOWN STEP	2026-10-03T09:55:05.3058041Z Note that there is a newer version of Wrangler available (4.147.0). Consider checking whether upgrading resolves this error.
Docker E2E	UNKNOWN STEP	2026-10-03T09:55:05.3064752Z <<removed: line of 758 characters>>
Docker E2E	UNKNOWN STEP	2026-10-03T09:55:05.3069664Z Sentry: Reporting disabled - would have sent Error.
Docker E2E	UNKNOWN STEP	2026-10-03T09:55:05.3070672Z uncaught exception; source = Uncaught (in promise); stack = Error: Network connection lost.
Docker E2E	UNKNOWN STEP	2026-10-03T09:55:05.3072547Z uncaught exception; exception = workerd/jsg/_virtual_includes/iterator/workerd/jsg/value.h:1477: disconnected: jsg.Error: Network connection lost.
Docker E2E	UNKNOWN STEP	2026-10-03T09:55:05.3076610Z stack: /tmp/drangler-e2e-pv-CALP3O/worker/node_modules/@cloudflare/workerd-linux-64/bin/workerd@33a3bd0 /tmp/drangler-e2e-pv-CALP3O/worker/node_modules/@cloudflare/workerd-linux-64/bin/workerd@33a486c /tmp/drangler-e2e-pv-CALP3O/worker/node_modules/@cloudflare/workerd-linux-64/bin/workerd@5998b48 /tmp/drangler-e2e-pv-CALP3O/worker/node_modules/@cloudflare/workerd-linux-64/bin/workerd@31108fb
Docker E2E	UNKNOWN STEP	2026-10-03T09:55:05.3880419Z ^[[90mstdout^[[2m | tests/e2e/preview.spec.ts^[[2m > ^[[22m^[[2mpreview
Docker E2E	UNKNOWN STEP	2026-10-03T09:55:05.3881707Z ^[[22m^[[39mwrangler dev closed code=1 signal=null
Docker E2E	UNKNOWN STEP	2026-10-03T09:55:05.3882112Z 
Docker E2E	UNKNOWN STEP	2026-10-03T09:55:06.6009894Z ^[[90mstdout^[[2m | tests/e2e/preview.spec.ts^[[2m > ^[[22m^[[2mpreview
Docker E2E	UNKNOWN STEP	2026-10-03T09:55:06.6010795Z ^[[22m^[[39mMigration plan: VPS to Worker
Docker E2E	UNKNOWN STEP	2026-10-03T09:55:06.6011575Z Source: tester@<loopback>:2222 (/opt/drupal/web)
Docker E2E	UNKNOWN STEP	2026-10-03T09:55:06.6012251Z Target: PHP 8.5 (assumed)
Docker E2E	UNKNOWN STEP	2026-10-03T09:55:06.6012622Z 
Docker E2E	UNKNOWN STEP	2026-10-03T09:55:06.6012872Z WARNINGS (1)
Docker E2E	UNKNOWN STEP	2026-10-03T09:55:06.6013404Z   ext-archive: the source loads Phar and zip
Docker E2E	UNKNOWN STEP	2026-10-03T09:55:06.6014632Z     the wasm interpreter has no ext-phar, so code that opens a Phar must move to a host-side path; `ZipArchive` is served by a stand-in
Docker E2E	UNKNOWN STEP	2026-10-03T09:55:06.6015567Z 
Docker E2E	UNKNOWN STEP	2026-10-03T09:55:06.6015794Z NOTES (4)
Docker E2E	UNKNOWN STEP	2026-10-03T09:55:06.6016279Z   db-driver: mysql converts to SQLite
Docker E2E	UNKNOWN STEP	2026-10-03T09:55:06.6017308Z     `drangler migrate convert --from mysql --to sqlite` reads a `drush sql:dump`; the worker has no MySQL
Docker E2E	UNKNOWN STEP	2026-10-03T09:55:06.6018369Z   drupal-version: the source is pinned to Drupal 11.4.8
Docker E2E	UNKNOWN STEP	2026-10-03T09:55:06.6019654Z     the worker ships Drupal 11.4.7; the drupal/core constraint is rewritten to that version and reported
Docker E2E	UNKNOWN STEP	2026-10-03T09:55:06.6020962Z   shellout-undetectable: a module calling exec() cannot be detected from a survey
Docker E2E	UNKNOWN STEP	2026-10-03T09:55:06.6022747Z     38 enabled modules were listed by name only; the worker cannot spawn a process, and finding the callers needs a grep of the source tree
Docker E2E	UNKNOWN STEP	2026-10-03T09:55:06.6028608Z   cron: system cron becomes a Cron Trigger
Docker E2E	UNKNOWN STEP	2026-10-03T09:55:06.6030461Z     the worker runs a `*/5 * * * *` trigger that drives the fill window; a crontab entry calling drush has no equivalent and its work has to move into hook_cron or a queue
Docker E2E	UNKNOWN STEP	2026-10-03T09:55:06.6031603Z 
Docker E2E	UNKNOWN STEP	2026-10-03T09:55:06.6031833Z STEPS
Docker E2E	UNKNOWN STEP	2026-10-03T09:55:06.6032287Z   1. Dump the Source Database
Docker E2E	UNKNOWN STEP	2026-10-03T09:55:06.6033235Z      $ ssh tester@<loopback>:2222 'cd /opt/drupal/web && drush sql:dump --result-file=/tmp/site.sql --gzip'
Docker E2E	UNKNOWN STEP	2026-10-03T09:55:06.6034295Z      a plain mysqldump; drangler reads the uncompressed form
Docker E2E	UNKNOWN STEP	2026-10-03T09:55:06.6035000Z   2. Scan the Dump for Credentials
Docker E2E	UNKNOWN STEP	2026-10-03T09:55:06.6035753Z      $ drangler secrets scan /tmp/site.sql sites/default/settings.php
Docker E2E	UNKNOWN STEP	2026-10-03T09:55:06.6037294Z      a dump carries user password hashes and settings.php carries the database password; both would otherwise travel into an asset that Workers serves publicly
Docker E2E	UNKNOWN STEP	2026-10-03T09:55:06.6038588Z   3. Convert the Dump to SQLite
Docker E2E	UNKNOWN STEP	2026-10-03T09:55:06.6039713Z      $ drangler migrate convert --from mysql --to sqlite --in /tmp/site.sql --out site.sqlite.sql
Docker E2E	UNKNOWN STEP	2026-10-03T09:55:06.6041030Z      refuses on any construct it will not guess at, rather than emitting SQL that replays wrong
Docker E2E	UNKNOWN STEP	2026-10-03T09:55:06.6041883Z   4. Copy the Managed Files
Docker E2E	UNKNOWN STEP	2026-10-03T09:55:06.6042653Z      $ rsync -a tester@<loopback>:2222:/opt/drupal/web/sites/default/files/ ./files/
Docker E2E	UNKNOWN STEP	2026-10-03T09:55:06.6043633Z      user uploads are not in the database and are not in the Drupal pack
Docker E2E	UNKNOWN STEP	2026-10-03T09:55:06.6044343Z   5. Build the Site Assets
Docker E2E	UNKNOWN STEP	2026-10-03T09:55:06.6045899Z      in `<org>/worker`: the packs are generated there and `assets/drupal/site.sqlite` is hand-trimmed, so the converted rows are inserted into it surgically and `bun run assets:sql` is re-run
Docker E2E	UNKNOWN STEP	2026-10-03T09:55:06.6047310Z   6. Deploy and Verify
Docker E2E	UNKNOWN STEP	2026-10-03T09:55:06.6048157Z      $ drangler health <worker-url> --skip-edge
Docker E2E	UNKNOWN STEP	2026-10-03T09:55:06.6049238Z      reads the x-cfw-* headers on /serve and reports which tier answered and whether the interpreter is booted
Docker E2E	UNKNOWN STEP	2026-10-03T09:55:06.6050799Z NOTE extensions-declared: 1 extension requirement(s) are declared and never called
Docker E2E	UNKNOWN STEP	2026-10-03T09:55:06.6052510Z   ext-gd by drupal/core. No call site was found in the code tree, so the requirement alone does not stop the move; a call made through a variable or an alias would not be seen
Docker E2E	UNKNOWN STEP	2026-10-03T09:55:06.6053975Z workspace  /tmp/drangler-e2e-pv-CALP3O/worker (flag)
Docker E2E	UNKNOWN STEP	2026-10-03T09:55:06.6054902Z source     https://github.com/<org>/worker.git @ v1.0.3 (default)
Docker E2E	UNKNOWN STEP	2026-10-03T09:55:06.6055465Z 
Docker E2E	UNKNOWN STEP	2026-10-03T09:55:06.6055720Z step     ran   reason
Docker E2E	UNKNOWN STEP	2026-10-03T09:55:06.6056418Z -------  ----  ---------------------------------------------------------
Docker E2E	UNKNOWN STEP	2026-10-03T09:55:06.6057388Z clone    yes   cloning https://github.com/<org>/worker.git at v1.0.3
Docker E2E	UNKNOWN STEP	2026-10-03T09:55:06.6058394Z refresh  skip  not asked for; pass --refresh to fetch and fast-forward
Docker E2E	UNKNOWN STEP	2026-10-03T09:55:06.6059207Z install  yes   node_modules is empty
Docker E2E	UNKNOWN STEP	2026-10-03T09:55:06.6060143Z hydrate  yes   generated artifacts are missing
Docker E2E	UNKNOWN STEP	2026-10-03T09:55:06.6060609Z 
Docker E2E	UNKNOWN STEP	2026-10-03T09:55:06.6061013Z built. next: drangler validate, then drangler dev
Docker E2E	UNKNOWN STEP	2026-10-03T09:55:06.6061813Z /tmp/drangler-e2e-pv-CALP3O/worker$ bun run assets:sql
Docker E2E	UNKNOWN STEP	2026-10-03T09:55:06.6062611Z workspace       /tmp/drangler-e2e-pv-CALP3O/worker
Docker E2E	UNKNOWN STEP	2026-10-03T09:55:06.6063230Z files           1
Docker E2E	UNKNOWN STEP	2026-10-03T09:55:06.6063679Z backups needed  1
Docker E2E	UNKNOWN STEP	2026-10-03T09:55:06.6063976Z 
Docker E2E	UNKNOWN STEP	2026-10-03T09:55:06.6064283Z action     size    destination
Docker E2E	UNKNOWN STEP	2026-10-03T09:55:06.6065067Z ---------  ------  ------------------------------------------------------------
Docker E2E	UNKNOWN STEP	2026-10-03T09:55:06.6066109Z overwrite  4.1 MB  /tmp/drangler-e2e-pv-CALP3O/worker/assets/drupal/site.sqlite
Docker E2E	UNKNOWN STEP	2026-10-03T09:55:06.6066726Z 
Docker E2E	UNKNOWN STEP	2026-10-03T09:55:06.6067433Z 1 file(s) backed up to /tmp/drangler-e2e-pv-CALP3O/worker/.drangler-backup/20261003T095454483Z
Docker E2E	UNKNOWN STEP	2026-10-03T09:55:06.6069096Z   put them back with: drangler migrate restore --backup /tmp/drangler-e2e-pv-CALP3O/worker/.drangler-backup/20261003T095454483Z
Docker E2E	UNKNOWN STEP	2026-10-03T09:55:06.6070328Z 
Docker E2E	UNKNOWN STEP	2026-10-03T09:55:06.6070983Z the database is in place and the chunks the worker replays are not; regenerate them:
Docker E2E	UNKNOWN STEP	2026-10-03T09:55:06.6071957Z   cd /tmp/drangler-e2e-pv-CALP3O/worker && bun run assets:sql
Docker E2E	UNKNOWN STEP	2026-10-03T09:55:06.6073045Z /tmp/drangler-e2e-pv-CALP3O/worker$ bunx wrangler dev -c wrangler.jsonc --port 8799
Docker E2E	UNKNOWN STEP	2026-10-03T09:55:06.6073714Z 
Docker E2E	UNKNOWN STEP	2026-10-03T09:55:06.6073949Z step      result
Docker E2E	UNKNOWN STEP	2026-10-03T09:55:06.6075536Z --------  -------------------------------------------------------------------------------------------------------------------------------------------------------------------------------------------------------------
Docker E2E	UNKNOWN STEP	2026-10-03T09:55:06.6076939Z survey    Drupal 11.4.8 on mysql, 38 modules, 1 nodes
Docker E2E	UNKNOWN STEP	2026-10-03T09:55:06.6077624Z plan      1 warning(s), 4 note(s)
Docker E2E	UNKNOWN STEP	2026-10-03T09:55:06.6078168Z dump      5.6 MB of mysql
Docker E2E	UNKNOWN STEP	2026-10-03T09:55:06.6079899Z files     1 file(s), 10.2 kB streamed; 1 protected directory left out (<token>/sync)
Docker E2E	UNKNOWN STEP	2026-10-03T09:55:06.6081282Z code      3 file(s), no libraries/
Docker E2E	UNKNOWN STEP	2026-10-03T09:55:06.6083167Z settings  0 config override(s) carried as DRUPAL_CONFIG, 1 root file(s), 0 redirect(s) and 0 header(s) from .htaccess, 3 hostname(s) from trusted_host_patterns (domains.txt), 1 finding(s) from the source's own files
Docker E2E	UNKNOWN STEP	2026-10-03T09:55:06.6084854Z convert   53 tables, 1 file(s) and 3 code file(s) stored
Docker E2E	UNKNOWN STEP	2026-10-03T09:55:06.6085643Z install   /tmp/drangler-e2e-pv-CALP3O/worker
Docker E2E	UNKNOWN STEP	2026-10-03T09:55:06.6086322Z up        http://localhost:8799
Docker E2E	UNKNOWN STEP	2026-10-03T09:55:06.6087269Z up        not claimed: this worker has no migrated claim, so database updates were not run
Docker E2E	UNKNOWN STEP	2026-10-03T09:55:06.6088163Z verify    2 of 6 checks passed
Docker E2E	UNKNOWN STEP	2026-10-03T09:55:06.6089514Z clone: git clone --depth 1 --branch v1.0.3 https://github.com/<org>/worker.git /tmp/drangler-e2e-pv-CALP3O/worker
Docker E2E	UNKNOWN STEP	2026-10-03T09:55:06.6090807Z install: bun install
Docker E2E	UNKNOWN STEP	2026-10-03T09:55:06.6091303Z hydrate: bun run hydrate
Docker E2E	UNKNOWN STEP	2026-10-03T09:55:06.6092028Z emptied 90 row(s) across 9 cache bin(s); Drupal rebuilds them
Docker E2E	UNKNOWN STEP	2026-10-03T09:55:06.6093075Z stopped publishing prefill.json, the shipped site's pages; the site starts cold
Docker E2E	UNKNOWN STEP	2026-10-03T09:55:06.6093980Z nodes                                   1 of 1
Docker E2E	UNKNOWN STEP	2026-10-03T09:55:06.6094663Z file rows                               0 of 0
Docker E2E	UNKNOWN STEP	2026-10-03T09:55:06.6095431Z /                                       no answer (source 200)  MISMATCH
Docker E2E	UNKNOWN STEP	2026-10-03T09:55:06.6096296Z /user/login                             no answer (source 200)  MISMATCH
Docker E2E	UNKNOWN STEP	2026-10-03T09:55:06.6097171Z /node/1                                 no answer (source 200)  MISMATCH
Docker E2E	UNKNOWN STEP	2026-10-03T09:55:06.6098132Z /sites/default/files/preview-probe.txt  no answer (source 200)  MISMATCH
Docker E2E	UNKNOWN STEP	2026-10-03T09:55:06.6099197Z the duplicate is running at http://<host> stop it with Ctrl-C
Docker E2E	UNKNOWN STEP	2026-10-03T09:55:06.6100161Z 
Docker E2E	UNKNOWN STEP	2026-10-03T09:55:06.9386129Z  ^[[31m❯^[[39m ^[[30m^[[45m e2e ^[[49m^[[39m tests/e2e/preview.spec.ts ^[[2m(^[[22m^[[2m3 tests^[[22m^[[2m | ^[[22m^[[33m3 skipped^[[39m^[[2m)^[[22m^[[33m 28405^[[2mms^[[22m^[[39m
Docker E2E	UNKNOWN STEP	2026-10-03T09:55:06.9387907Z      ^[[2m^[[90m↓^[[39m^[[22m sent the host only commands the allow-list passes
Docker E2E	UNKNOWN STEP	2026-10-03T09:55:06.9401450Z      ^[[2m^[[90m↓^[[39m^[[22m brought the duplicate up and every check passed
Docker E2E	UNKNOWN STEP	2026-10-03T09:55:06.9402442Z      ^[[2m^[[90m↓^[[39m^[[22m left the source byte-identical
Docker E2E	UNKNOWN STEP	2026-10-03T09:55:19.2923915Z  ^[[31m❯^[[39m ^[[30m^[[45m e2e ^[[49m^[[39m tests/e2e/to-worker.spec.ts ^[[2m(^[[22m^[[2m8 tests^[[22m^[[2m | ^[[22m^[[31m2 failed^[[39m^[[2m)^[[22m^[[33m 12105^[[2mms^[[22m^[[39m
Docker E2E	UNKNOWN STEP	2026-10-03T09:55:19.2925437Z      ^[[32m✓^[[39m dumped a real Drupal database, not just the corpus^[[32m 22^[[2mms^[[22m^[[39m
Docker E2E	UNKNOWN STEP	2026-10-03T09:55:19.2926576Z      ^[[32m✓^[[39m the source database holds exactly the bytes the seed declares^[[32m 156^[[2mms^[[22m^[[39m
Docker E2E	UNKNOWN STEP	2026-10-03T09:55:19.2927898Z      ^[[33m^[[2m✓^[[22m^[[39m converts the whole dump without refusing a statement ^[[33m 4270^[[2mms^[[22m^[[39m
Docker E2E	UNKNOWN STEP	2026-10-03T09:55:19.2929899Z      ^[[33m^[[2m✓^[[22m^[[39m the converted dump replays into a plain SQLite with the bytes intact ^[[33m 1576^[[2mms^[[22m^[[39m
Docker E2E	UNKNOWN STEP	2026-10-03T09:55:19.2931399Z ^[[31m     ^[[31m×^[[31m the converted dump loads into a real Durable Object with the bytes intact^[[39m^[[33m 370^[[2mms^[[22m^[[39m
Docker E2E	UNKNOWN STEP	2026-10-03T09:55:19.2932341Z ^[[31m     ^[[31m×^[[31m what the migration REPORTED matches what actually moved^[[39m^[[33m 2532^[[2mms^[[22m^[[39m
Docker E2E	UNKNOWN STEP	2026-10-03T09:55:19.2933116Z      ^[[32m✓^[[39m the object serves, and reports the header contract version^[[32m 7^[[2mms^[[22m^[[39m
Docker E2E	UNKNOWN STEP	2026-10-03T09:55:19.2933889Z      ^[[32m✓^[[39m names what the corpus covered, so a gap is visible rather than assumed^[[32m 1^[[2mms^[[22m^[[39m
Docker E2E	UNKNOWN STEP	2026-10-03T09:55:22.8026707Z  ^[[32m✓^[[39m ^[[30m^[[45m e2e ^[[49m^[[39m tests/e2e/to-vps.spec.ts ^[[2m(^[[22m^[[2m7 tests^[[22m^[[2m)^[[22m^[[33m 3273^[[2mms^[[22m^[[39m
Docker E2E	UNKNOWN STEP	2026-10-03T09:55:24.8971635Z  ^[[32m✓^[[39m ^[[30m^[[45m e2e ^[[49m^[[39m tests/e2e/heal.spec.ts ^[[2m(^[[22m^[[2m7 tests^[[22m^[[2m)^[[22m^[[33m 1873^[[2mms^[[22m^[[39m
Docker E2E	UNKNOWN STEP	2026-10-03T09:55:32.9309102Z  ^[[32m✓^[[39m ^[[30m^[[45m e2e ^[[49m^[[39m tests/e2e/survey.spec.ts ^[[2m(^[[22m^[[2m6 tests^[[22m^[[2m)^[[22m^[[33m 7811^[[2mms^[[22m^[[39m
Docker E2E	UNKNOWN STEP	2026-10-03T09:55:32.9310622Z      ^[[33m^[[2m✓^[[22m^[[39m reads a real Drupal over a real ssh connection ^[[33m 3809^[[2mms^[[22m^[[39m
Docker E2E	UNKNOWN STEP	2026-10-03T09:55:32.9311429Z      ^[[33m^[[2m✓^[[22m^[[39m fails without a usable key rather than hanging on a prompt ^[[33m 2905^[[2mms^[[22m^[[39m
Docker E2E	UNKNOWN STEP	2026-10-03T09:55:33.2083597Z  ^[[2m^[[90m↓^[[39m^[[22m ^[[30m^[[45m e2e ^[[49m^[[39m tests/e2e/doctor-source.spec.ts ^[[2m(^[[22m^[[2m5 tests^[[22m^[[2m | ^[[22m^[[33m5 skipped^[[39m^[[2m)^[[22m
Docker E2E	UNKNOWN STEP	2026-10-03T09:55:34.4502298Z Cloning into '/tmp/drangler-e2e-heal-0PYeVG/worker'...
Docker E2E	UNKNOWN STEP	2026-10-03T09:55:36.1577006Z bun install v1.4.2 (744846f84)
Docker E2E	UNKNOWN STEP	2026-10-03T09:55:36.4791016Z 
Docker E2E	UNKNOWN STEP	2026-10-03T09:55:36.4792105Z $ bun scripts/gen-lock-versions.ts && bun scripts/restore-artifacts.ts
Docker E2E	UNKNOWN STEP	2026-10-03T09:55:36.4909194Z {
Docker E2E	UNKNOWN STEP	2026-10-03T09:55:36.4909858Z   "packages": 76,
Docker E2E	UNKNOWN STEP	2026-10-03T09:55:36.4910413Z   "virtual": 37,
Docker E2E	UNKNOWN STEP	2026-10-03T09:55:36.4910650Z   "core": "11.4.7",
Docker E2E	UNKNOWN STEP	2026-10-03T09:55:36.4910873Z   "bytes": 4562
Docker E2E	UNKNOWN STEP	2026-10-03T09:55:36.4911091Z }
Docker E2E	UNKNOWN STEP	2026-10-03T09:55:36.8784973Z restore-artifacts: .interp/php8.5.wasm (13401742 bytes, sha256 verified)
Docker E2E	UNKNOWN STEP	2026-10-03T09:55:36.9667866Z restore-artifacts: .interp/php8.5-worker.mjs (876467 bytes, sha256 verified)
Docker E2E	UNKNOWN STEP	2026-10-03T09:55:37.2823255Z restore-artifacts: tuned glue -> /tmp/drangler-e2e-heal-0PYeVG/worker/.interp/php8.5-worker.tuned.mjs
Docker E2E	UNKNOWN STEP	2026-10-03T09:55:37.3085073Z restore-artifacts: tuned interpreter -> /tmp/drangler-e2e-heal-0PYeVG/worker/.interp/php8.5.tuned.wasm (64 MiB)
Docker E2E	UNKNOWN STEP	2026-10-03T09:55:37.3085789Z restore-artifacts: 2 downloaded, 0 already current
Docker E2E	UNKNOWN STEP	2026-10-03T09:55:37.3147366Z $ husky
Docker E2E	UNKNOWN STEP	2026-10-03T09:55:37.3531508Z 
Docker E2E	UNKNOWN STEP	2026-10-03T09:55:37.3535774Z + @cloudflare/containers@0.3.7
Docker E2E	UNKNOWN STEP	2026-10-03T09:55:37.3536382Z + @cloudflare/vitest-pool-workers@0.22.0
Docker E2E	UNKNOWN STEP	2026-10-03T09:55:37.3536982Z + @cloudflare/workers-types@5.20260829.1
Docker E2E	UNKNOWN STEP	2026-10-03T09:55:37.3537445Z + @playwright/test@1.62.1
Docker E2E	UNKNOWN STEP	2026-10-03T09:55:37.3537916Z + @prettier/plugin-php@0.25.0
Docker E2E	UNKNOWN STEP	2026-10-03T09:55:37.3538343Z + @types/bun@1.4.0
Docker E2E	UNKNOWN STEP	2026-10-03T09:55:37.3538724Z + @types/pg@8.23.1
Docker E2E	UNKNOWN STEP	2026-10-03T09:55:37.3539252Z + @vitest/coverage-istanbul@4.1.11
Docker E2E	UNKNOWN STEP	2026-10-03T09:55:37.3539972Z + husky@9.1.7
Docker E2E	UNKNOWN STEP	2026-10-03T09:55:37.3540350Z + lint-staged@17.4.1
Docker E2E	UNKNOWN STEP	2026-10-03T09:55:37.3540736Z + marked@18.0.14
Docker E2E	UNKNOWN STEP	2026-10-03T09:55:37.3541165Z + marked-gfm-heading-id@4.1.4
Docker E2E	UNKNOWN STEP	2026-10-03T09:55:37.3541571Z + prettier@3.9.6
Docker E2E	UNKNOWN STEP	2026-10-03T09:55:37.3542045Z + prettier-plugin-organize-imports@4.3.0
Docker E2E	UNKNOWN STEP	2026-10-03T09:55:37.3542675Z + prettier-plugin-sh@0.20.2
Docker E2E	UNKNOWN STEP	2026-10-03T09:55:37.3543136Z + shiki@4.4.3
Docker E2E	UNKNOWN STEP	2026-10-03T09:55:37.3543564Z + typedoc@0.28.20
Docker E2E	UNKNOWN STEP	2026-10-03T09:55:37.3543982Z + typescript@5.9.3
Docker E2E	UNKNOWN STEP	2026-10-03T09:55:37.3544402Z + vitest@4.1.11
Docker E2E	UNKNOWN STEP	2026-10-03T09:55:37.3544769Z + wrangler@4.127.1
Docker E2E	UNKNOWN STEP	2026-10-03T09:55:37.3545152Z + yaml@2.9.1
Docker E2E	UNKNOWN STEP	2026-10-03T09:55:37.3545555Z + <private-pkg>@1.1.1
Docker E2E	UNKNOWN STEP	2026-10-03T09:55:37.3546022Z + <private-pkg>@0.3.1
Docker E2E	UNKNOWN STEP	2026-10-03T09:55:37.3546457Z + <private-pkg>@0.1.4
Docker E2E	UNKNOWN STEP	2026-10-03T09:55:37.3546867Z + <private-pkg>@0.1.0
Docker E2E	UNKNOWN STEP	2026-10-03T09:55:37.3547557Z + @<user>/tinyimg@1.1.0
Docker E2E	UNKNOWN STEP	2026-10-03T09:55:37.3547943Z + @noble/ciphers@2.4.0
Docker E2E	UNKNOWN STEP	2026-10-03T09:55:37.3548333Z + @noble/hashes@2.4.0
Docker E2E	UNKNOWN STEP	2026-10-03T09:55:37.3548684Z + blakejs@1.2.1
Docker E2E	UNKNOWN STEP	2026-10-03T09:55:37.3549012Z + edgeport@1.0.6
Docker E2E	UNKNOWN STEP	2026-10-03T09:55:37.3549352Z + fflate@0.8.3
Docker E2E	UNKNOWN STEP	2026-10-03T09:55:37.3549899Z + fzstd@0.1.1
Docker E2E	UNKNOWN STEP	2026-10-03T09:55:37.3550221Z + mysql2@3.24.4
Docker E2E	UNKNOWN STEP	2026-10-03T09:55:37.3550548Z + pg@8.23.0
Docker E2E	UNKNOWN STEP	2026-10-03T09:55:37.3550872Z + php-wasm@0.1.0
Docker E2E	UNKNOWN STEP	2026-10-03T09:55:37.3551078Z 
Docker E2E	UNKNOWN STEP	2026-10-03T09:55:37.3551325Z 260 packages installed [1196.00ms]
Docker E2E	UNKNOWN STEP	2026-10-03T09:55:37.3594346Z $ bun scripts/hydrate.ts
Docker E2E	UNKNOWN STEP	2026-10-03T09:55:37.6448370Z fetching https://<host>/payloads/v1.0.3/<org>-worker-1.0.3.tar.gz (cdn)
Docker E2E	UNKNOWN STEP	2026-10-03T09:55:37.9664317Z tarball sha256 <hex> matches SHA256SUMS
Docker E2E	UNKNOWN STEP	2026-10-03T09:55:39.0110846Z hydrate: kept 2 tracked file(s) the repository owns: assets/robots.txt, assets/driver.json
Docker E2E	UNKNOWN STEP	2026-10-03T09:55:39.0112144Z hydrated 4583 files, 52473986 bytes, from 1.0.3 (d633a47)
Docker E2E	UNKNOWN STEP	2026-10-03T09:55:39.0113287Z interpreter: .interp/php8.5-worker.tuned.mjs, .interp/php8.5.tuned.wasm
Docker E2E	UNKNOWN STEP	2026-10-03T09:55:39.0114489Z the tree is deployable now: bunx wrangler deploy -c wrangler.jsonc
Docker E2E	UNKNOWN STEP	2026-10-03T09:55:55.6204170Z  ^[[32m✓^[[39m ^[[30m^[[45m e2e ^[[49m^[[39m tests/e2e/heal-real.spec.ts ^[[2m(^[[22m^[[2m4 tests^[[22m^[[2m)^[[22m^[[33m 21154^[[2mms^[[22m^[[39m
Docker E2E	UNKNOWN STEP	2026-10-03T09:55:55.6205416Z      ^[[33m^[[2m✓^[[22m^[[39m sets no degradation headers on a site that is not shedding load ^[[33m 2284^[[2mms^[[22m^[[39m
Docker E2E	UNKNOWN STEP	2026-10-03T09:55:56.0707748Z 
Docker E2E	UNKNOWN STEP	2026-10-03T09:55:56.0708645Z ^[[31m⎯⎯⎯⎯⎯⎯^[[39m^[[1m^[[41m Failed Suites 1 ^[[49m^[[22m^[[31m⎯⎯⎯⎯⎯⎯⎯^[[39m
Docker E2E	UNKNOWN STEP	2026-10-03T09:55:56.0708979Z 
Docker E2E	UNKNOWN STEP	2026-10-03T09:55:56.0711183Z ^[[41m^[[1m FAIL ^[[22m^[[49m ^[[30m^[[45m e2e ^[[49m^[[39m tests/e2e/preview.spec.ts^[[2m > ^[[22mpreview
Docker E2E	UNKNOWN STEP	2026-10-03T09:55:56.0719929Z ^[[31m^[[1mFindingError^[[22m: /, /user/login, /node/1, /sites/default/files/preview-probe.txt did not match the source^[[39m
Docker E2E	UNKNOWN STEP	2026-10-03T09:55:56.0721956Z ^[[36m ^[[2m❯^[[22m verify src/commands/preview.ts:^[[2m746:7^[[22m^[[39m
Docker E2E	UNKNOWN STEP	2026-10-03T09:55:56.0824877Z     ^[[90m744|^[[39m    bad^[[33m.^[[39mlength ^[[33m===^[[39m ^[[34m0^[[39m
Docker E2E	UNKNOWN STEP	2026-10-03T09:55:56.0826101Z     ^[[90m745|^[[39m     ^[[33m?^[[39m ^[[35mnull^[[39m
Docker E2E	UNKNOWN STEP	2026-10-03T09:55:56.0827474Z     ^[[90m746|^[[39m     ^[[33m:^[[39m ^[[35mnew^[[39m ^[[33mFindingError^[[39m(
Docker E2E	UNKNOWN STEP	2026-10-03T09:55:56.0828627Z     ^[[90m   |^[[39m       ^[[31m^^[[39m
Docker E2E	UNKNOWN STEP	2026-10-03T09:55:56.0829852Z     ^[[90m747|^[[39m       ^[[32m'mismatch'^[[39m^[[33m,^[[39m
Docker E2E	UNKNOWN STEP	2026-10-03T09:55:56.0831749Z     ^[[90m748|^[[39m       ^[[32m`^[[39m^[[36m${^[[39mbad^[[33m.^[[39m^[[34mmap^[[39m(([n]) ^[[33m=>^[[39m n)^[[33m.^[[39m^[[34mjoin^[[39m(^[[32m', '^[[39m)^[[36m}^[[39m^[[32m did not match the source`^[[39m
Docker E2E	UNKNOWN STEP	2026-10-03T09:55:56.0833723Z ^[[90m ^[[2m❯^[[22m runPreviewCommand src/commands/preview.ts:^[[2m601:22^[[22m^[[39m
Docker E2E	UNKNOWN STEP	2026-10-03T09:55:56.0834999Z ^[[90m ^[[2m❯^[[22m tests/e2e/preview.spec.ts:^[[2m135:4^[[22m^[[39m
Docker E2E	UNKNOWN STEP	2026-10-03T09:55:56.0835646Z 
Docker E2E	UNKNOWN STEP	2026-10-03T09:55:56.0836317Z ^[[31m^[[2m⎯⎯⎯⎯⎯⎯⎯⎯⎯⎯⎯⎯⎯⎯⎯⎯⎯⎯⎯⎯⎯⎯⎯⎯[1/4]⎯^[[22m^[[39m
Docker E2E	UNKNOWN STEP	2026-10-03T09:55:56.0836876Z 
Docker E2E	UNKNOWN STEP	2026-10-03T09:55:56.0837098Z 
Docker E2E	UNKNOWN STEP	2026-10-03T09:55:56.0837839Z ^[[31m⎯⎯⎯⎯⎯⎯⎯^[[39m^[[1m^[[41m Failed Tests 3 ^[[49m^[[22m^[[31m⎯⎯⎯⎯⎯⎯⎯^[[39m
Docker E2E	UNKNOWN STEP	2026-10-03T09:55:56.0838481Z 
Docker E2E	UNKNOWN STEP	2026-10-03T09:55:56.0840876Z ^[[41m^[[1m FAIL ^[[22m^[[49m ^[[30m^[[45m e2e ^[[49m^[[39m tests/e2e/modify.spec.ts^[[2m > ^[[22mdrangler modify against a real dev site^[[2m > ^[[22mpinned production modules^[[2m > ^[[22mrequires simple_oauth, uploads simple_oauth_21 and enables it
Docker E2E	UNKNOWN STEP	2026-10-03T09:55:56.0843020Z ^[[31m^[[1mAssertionError^[[22m: Error: Network connection lost.
Docker E2E	UNKNOWN STEP	2026-10-03T09:55:56.0870649Z     at async Object.fetch (file:///tmp/drangler-e2e-modify-IsDIXh/worker/node_modules/wrangler/node_modules/miniflare/dist/src/workers/core/entry.worker.js:5186:22): expected 500 to be 403 // Object.is equality^[[39m
Docker E2E	UNKNOWN STEP	2026-10-03T09:55:56.0872301Z 
Docker E2E	UNKNOWN STEP	2026-10-03T09:55:56.0872772Z ^[[32m- Expected^[[39m
Docker E2E	UNKNOWN STEP	2026-10-03T09:55:56.0873505Z ^[[31m+ Received^[[39m
Docker E2E	UNKNOWN STEP	2026-10-03T09:55:56.0873962Z 
Docker E2E	UNKNOWN STEP	2026-10-03T09:55:56.0874399Z ^[[32m- 403^[[39m
Docker E2E	UNKNOWN STEP	2026-10-03T09:55:56.0875013Z ^[[31m+ 500^[[39m
Docker E2E	UNKNOWN STEP	2026-10-03T09:55:56.0875426Z 
Docker E2E	UNKNOWN STEP	2026-10-03T09:55:56.0876669Z ^[[36m ^[[2m❯^[[22m expectStatus tests/e2e/modify.spec.ts:^[[2m187:46^[[22m^[[39m
Docker E2E	UNKNOWN STEP	2026-10-03T09:55:56.0892901Z     ^[[90m185|^[[39m  /** a failed render answers 500 with the exception in the body, and a…
Docker E2E	UNKNOWN STEP	2026-10-03T09:55:56.0894199Z     ^[[90m186|^[[39m  const expectStatus = (res: { status: number; body: string }, want: nu…
Docker E2E	UNKNOWN STEP	2026-10-03T09:55:56.0896119Z     ^[[90m187|^[[39m   ^[[34mexpect^[[39m(res^[[33m.^[[39mstatus^[[33m,^[[39m res^[[33m.^[[39mbody^[[33m.^[[39m^[[34mslice^[[39m(^[[34m0^[[39m^[[33m,^[[39m ^[[34m800^[[39m))^[[33m.^[[39m^[[34mtoBe^[[39m(want)^[[33m;^[[39m
Docker E2E	UNKNOWN STEP	2026-10-03T09:55:56.0897559Z     ^[[90m   |^[[39m                                              ^[[31m^^[[39m
Docker E2E	UNKNOWN STEP	2026-10-03T09:55:56.0898157Z     ^[[90m188|^[[39m
Docker E2E	UNKNOWN STEP	2026-10-03T09:55:56.0898971Z     ^[[90m189|^[[39m  /** a pinned production checkout, or null when the network cannot rea…
Docker E2E	UNKNOWN STEP	2026-10-03T09:55:56.0900320Z ^[[90m ^[[2m❯^[[22m tests/e2e/modify.spec.ts:^[[2m386:4^[[22m^[[39m
Docker E2E	UNKNOWN STEP	2026-10-03T09:55:56.0900776Z 
Docker E2E	UNKNOWN STEP	2026-10-03T09:55:56.0901217Z ^[[31m^[[2m⎯⎯⎯⎯⎯⎯⎯⎯⎯⎯⎯⎯⎯⎯⎯⎯⎯⎯⎯⎯⎯⎯⎯⎯[2/4]⎯^[[22m^[[39m
Docker E2E	UNKNOWN STEP	2026-10-03T09:55:56.0901571Z 
Docker E2E	UNKNOWN STEP	2026-10-03T09:55:56.0903068Z ^[[41m^[[1m FAIL ^[[22m^[[49m ^[[30m^[[45m e2e ^[[49m^[[39m tests/e2e/to-worker.spec.ts^[[2m > ^[[22mVPS to Worker^[[2m > ^[[22mthe converted dump loads into a real Durable Object with the bytes intact
Docker E2E	UNKNOWN STEP	2026-10-03T09:55:56.0904477Z ^[[31m^[[1mTypeError^[[22m: fetch failed^[[39m
Docker E2E	UNKNOWN STEP	2026-10-03T09:55:56.0905211Z ^[[31m^[[1mCaused by: Error^[[22m: write EPIPE^[[39m
Docker E2E	UNKNOWN STEP	2026-10-03T09:55:56.0905974Z ^[[31m^[[2m⎯⎯⎯⎯⎯⎯⎯⎯⎯⎯⎯⎯⎯⎯⎯⎯⎯⎯⎯⎯⎯⎯⎯⎯⎯⎯⎯⎯⎯⎯^[[22m^[[39m
Docker E2E	UNKNOWN STEP	2026-10-03T09:55:56.0907074Z ^[[31m^[[1mSerialized Error:^[[22m^[[39m ^[[90m{ errno: -32, code: 'EPIPE', syscall: 'write' }^[[39m
Docker E2E	UNKNOWN STEP	2026-10-03T09:55:56.0908080Z ^[[31m^[[2m⎯⎯⎯⎯⎯⎯⎯⎯⎯⎯⎯⎯⎯⎯⎯⎯⎯⎯⎯⎯⎯⎯⎯⎯[3/4]⎯^[[22m^[[39m
Docker E2E	UNKNOWN STEP	2026-10-03T09:55:56.0908434Z 
Docker E2E	UNKNOWN STEP	2026-10-03T09:55:56.0910054Z ^[[41m^[[1m FAIL ^[[22m^[[49m ^[[30m^[[45m e2e ^[[49m^[[39m tests/e2e/to-worker.spec.ts^[[2m > ^[[22mVPS to Worker^[[2m > ^[[22mwhat the migration REPORTED matches what actually moved
Docker E2E	UNKNOWN STEP	2026-10-03T09:55:56.0911686Z ^[[31m^[[1mError^[[22m: /rows answered 500^[[39m
Docker E2E	UNKNOWN STEP	2026-10-03T09:55:56.0912724Z ^[[36m ^[[2m❯^[[22m readDurableObject tests/e2e/helpers/compare.ts:^[[2m121:26^[[22m^[[39m
Docker E2E	UNKNOWN STEP	2026-10-03T09:55:56.0937673Z     ^[[90m119|^[[39m  url^[[33m.^[[39msearchParams^[[33m.^[[39m^[[35mset^[[39m(^[[32m'table'^[[39m^[[33m,^[[39m ^[[33mSEED_TABLE^[[39m)^[[33m;^[[39m
Docker E2E	UNKNOWN STEP	2026-10-03T09:55:56.0942361Z 
Docker E2E	UNKNOWN STEP	2026-10-03T09:55:56.0949070Z ^[[2m Test Files ^[[22m ^[[1m^[[31m3 failed^[[39m^[[22m^[[2m | ^[[22m^[[1m^[[32m6 passed^[[39m^[[22m^[[2m | ^[[22m^[[33m1 skipped^[[39m^[[90m (10)^[[39m
Docker E2E	UNKNOWN STEP	2026-10-03T09:55:56.0951292Z ^[[2m      Tests ^[[22m ^[[1m^[[31m3 failed^[[39m^[[22m^[[2m | ^[[22m^[[1m^[[32m55 passed^[[39m^[[22m^[[2m | ^[[22m^[[33m9 skipped^[[39m^[[90m (67)^[[39m
Docker E2E	UNKNOWN STEP	2026-10-03T09:55:56.0952657Z ^[[2m   Start at ^[[22m 09:52:26
Docker E2E	UNKNOWN STEP	2026-10-03T09:55:56.0954193Z ^[[2m   Duration ^[[22m 209.41s^[[2m (transform 626ms, setup 0ms, import 4.56s, tests 202.84s, environment 1ms)^[[22m
Docker E2E	UNKNOWN STEP	2026-10-03T09:55:56.0955126Z 
Docker E2E	UNKNOWN STEP	2026-10-03T09:55:56.0960684Z     ^[[90m120|^[[39m  const response = await fetch(url, { signal: AbortSignal.timeout(30_00…
Docker E2E	UNKNOWN STEP	2026-10-03T09:55:56.0971701Z 
Docker E2E	UNKNOWN STEP	2026-10-03T09:55:56.1008154Z ##[error]AssertionError: Error: Network connection lost.
Docker E2E	UNKNOWN STEP	    at async Object.fetch (file:///tmp/drangler-e2e-modify-IsDIXh/worker/node_modules/wrangler/node_modules/miniflare/dist/src/workers/core/entry.worker.js:5186:22): expected 500 to be 403 // Object.is equality
Docker E2E	UNKNOWN STEP	
Docker E2E	UNKNOWN STEP	- Expected
Docker E2E	UNKNOWN STEP	+ Received
Docker E2E	UNKNOWN STEP	
Docker E2E	UNKNOWN STEP	- 403
Docker E2E	UNKNOWN STEP	+ 500
Docker E2E	UNKNOWN STEP	
Docker E2E	UNKNOWN STEP	 ❯ expectStatus tests/e2e/modify.spec.ts:187:46
Docker E2E	UNKNOWN STEP	 ❯ tests/e2e/modify.spec.ts:386:4
Docker E2E	UNKNOWN STEP	
Docker E2E	UNKNOWN STEP	
Docker E2E	UNKNOWN STEP	2026-10-03T09:55:56.1021564Z     ^[[90m121|^[[39m  if (!response.ok) throw new Error(`/rows answered ${response.status}`…
Docker E2E	UNKNOWN STEP	2026-10-03T09:55:56.1022177Z     ^[[90m   |^[[39m                          ^[[31m^^[[39m
Docker E2E	UNKNOWN STEP	2026-10-03T09:55:56.1022748Z     ^[[90m122|^[[39m  const body = (await response.json()) as { rows: Record<string, string…
Docker E2E	UNKNOWN STEP	2026-10-03T09:55:56.1023301Z     ^[[90m123|^[[39m  ^[[35mreturn^[[39m body^[[33m.^[[39mrows
Docker E2E	UNKNOWN STEP	2026-10-03T09:55:56.1023827Z ^[[90m ^[[2m❯^[[22m tests/e2e/to-worker.spec.ts:^[[2m143:16^[[22m^[[39m
Docker E2E	UNKNOWN STEP	2026-10-03T09:55:56.1024123Z 
Docker E2E	UNKNOWN STEP	2026-10-03T09:55:56.1024372Z ^[[31m^[[2m⎯⎯⎯⎯⎯⎯⎯⎯⎯⎯⎯⎯⎯⎯⎯⎯⎯⎯⎯⎯⎯⎯⎯⎯[4/4]⎯^[[22m^[[39m
Docker E2E	UNKNOWN STEP	2026-10-03T09:55:56.1024792Z 
Docker E2E	UNKNOWN STEP	2026-10-03T09:55:56.1024807Z 
Docker E2E	UNKNOWN STEP	2026-10-03T09:55:56.1028575Z ##[error]FindingError: /, /user/login, /node/1, /sites/default/files/preview-probe.txt did not match the source
Docker E2E	UNKNOWN STEP	 ❯ verify src/commands/preview.ts:746:7
Docker E2E	UNKNOWN STEP	 ❯ runPreviewCommand src/commands/preview.ts:601:22
Docker E2E	UNKNOWN STEP	 ❯ tests/e2e/preview.spec.ts:135:4
Docker E2E	UNKNOWN STEP	
Docker E2E	UNKNOWN STEP	⎯⎯⎯⎯⎯⎯⎯⎯⎯⎯⎯⎯⎯⎯⎯⎯⎯⎯⎯⎯⎯⎯⎯⎯⎯⎯⎯⎯⎯⎯
Docker E2E	UNKNOWN STEP	Serialized Error: { error: { code: 'mismatch', message: '/, /user/login, /node/1, /sites/default/files/preview-probe.txt did not match the source', retryable: false, next: null } }
Docker E2E	UNKNOWN STEP	
Docker E2E	UNKNOWN STEP	2026-10-03T09:55:56.1030868Z 
Docker E2E	UNKNOWN STEP	2026-10-03T09:55:56.1032244Z ##[error]Error: /rows answered 500
Docker E2E	UNKNOWN STEP	 ❯ readDurableObject tests/e2e/helpers/compare.ts:121:26
Docker E2E	UNKNOWN STEP	 ❯ tests/e2e/to-worker.spec.ts:143:16
Docker E2E	UNKNOWN STEP	
Docker E2E	UNKNOWN STEP	
Docker E2E	UNKNOWN STEP	2026-10-03T09:55:56.1384950Z error: script "test:e2e:coverage" exited with code 1
Docker E2E	UNKNOWN STEP	2026-10-03T09:55:56.1393811Z ##[error]Process completed with exit code 1.
Docker E2E	UNKNOWN STEP	2026-10-03T09:55:56.1673770Z ##[group]Run codecov/codecov-action@v7
Docker E2E	UNKNOWN STEP	2026-10-03T09:55:56.1674105Z with:
Docker E2E	UNKNOWN STEP	2026-10-03T09:55:56.1674729Z   token: ***
Docker E2E	UNKNOWN STEP	2026-10-03T09:55:56.1674958Z   slug: <org>/drangler
Docker E2E	UNKNOWN STEP	2026-10-03T09:55:56.1675211Z   fail_ci_if_error: false
Docker E2E	UNKNOWN STEP	2026-10-03T09:55:56.1675452Z   report_type: coverage
Docker E2E	UNKNOWN STEP	2026-10-03T09:55:56.1675678Z   flags: integration
Docker E2E	UNKNOWN STEP	2026-10-03T09:55:56.1675906Z   files: coverage/clover.xml
Docker E2E	UNKNOWN STEP	2026-10-03T09:55:56.1676145Z   cleanup: false
Docker E2E	UNKNOWN STEP	2026-10-03T09:55:56.1676363Z   disable_file_fixes: false
Docker E2E	UNKNOWN STEP	2026-10-03T09:55:56.1676600Z   disable_search: false
Docker E2E	UNKNOWN STEP	2026-10-03T09:55:56.1676829Z   disable_safe_directory: false
Docker E2E	UNKNOWN STEP	2026-10-03T09:55:56.1677080Z   disable_telem: false
Docker E2E	UNKNOWN STEP	2026-10-03T09:55:56.1677296Z   dry_run: false
Docker E2E	UNKNOWN STEP	2026-10-03T09:55:56.1677499Z   git_service: github
Docker E2E	UNKNOWN STEP	2026-10-03T09:55:56.1677720Z   gcov_executable: gcov
Docker E2E	UNKNOWN STEP	2026-10-03T09:55:56.1677958Z   handle_no_reports_found: false
Docker E2E	UNKNOWN STEP	2026-10-03T09:55:56.1678214Z   recurse_submodules: false
Docker E2E	UNKNOWN STEP	2026-10-03T09:55:56.1678461Z   run_command: upload-coverage
Docker E2E	UNKNOWN STEP	2026-10-03T09:55:56.1678744Z   skip_validation: false
Docker E2E	UNKNOWN STEP	2026-10-03T09:55:56.1679166Z   use_legacy_upload_endpoint: false
Docker E2E	UNKNOWN STEP	2026-10-03T09:55:56.1679614Z   use_oidc: false
Docker E2E	UNKNOWN STEP	2026-10-03T09:55:56.1679827Z   use_pypi: false
Docker E2E	UNKNOWN STEP	2026-10-03T09:55:56.1680030Z   verbose: false
Docker E2E	UNKNOWN STEP	2026-10-03T09:55:56.1680235Z   version: latest
Docker E2E	UNKNOWN STEP	2026-10-03T09:55:56.1680430Z env:
Docker E2E	UNKNOWN STEP	2026-10-03T09:55:56.1680617Z   REQUIRE_DOCKER: 1
Docker E2E	UNKNOWN STEP	2026-10-03T09:55:56.1680833Z ##[endgroup]
Docker E2E	UNKNOWN STEP	2026-10-03T09:55:56.1749642Z ##[start-action display=Check system dependencies;id=__codecov_codecov-action.__run]
Docker E2E	UNKNOWN STEP	2026-10-03T09:55:56.1791734Z ##[group]Run missing_deps=""
Docker E2E	UNKNOWN STEP	2026-10-03T09:55:56.1792034Z ^[[36;1mmissing_deps=""^[[0m
Docker E2E	UNKNOWN STEP	2026-10-03T09:55:56.1792262Z ^[[36;1m^[[0m
Docker E2E	UNKNOWN STEP	2026-10-03T09:55:56.1792492Z ^[[36;1m# Check for always-required commands^[[0m
Docker E2E	UNKNOWN STEP	2026-10-03T09:55:56.1792808Z ^[[36;1mfor cmd in bash git curl; do^[[0m
Docker E2E	UNKNOWN STEP	2026-10-03T09:55:56.1793125Z ^[[36;1m  if ! command -v "$cmd" >/dev/null 2>&1; then^[[0m
Docker E2E	UNKNOWN STEP	2026-10-03T09:55:56.1793458Z ^[[36;1m    missing_deps="$missing_deps $cmd"^[[0m
Docker E2E	UNKNOWN STEP	2026-10-03T09:55:56.1793745Z ^[[36;1m  fi^[[0m
Docker E2E	UNKNOWN STEP	2026-10-03T09:55:56.1793945Z ^[[36;1mdone^[[0m
Docker E2E	UNKNOWN STEP	2026-10-03T09:55:56.1794135Z ^[[36;1m^[[0m
Docker E2E	UNKNOWN STEP	2026-10-03T09:55:56.1794408Z ^[[36;1m# Check for gpg only if validation is not being skipped^[[0m
Docker E2E	UNKNOWN STEP	2026-10-03T09:55:56.1794806Z ^[[36;1mif [ "$INPUT_SKIP_VALIDATION" != "true" ]; then^[[0m
Docker E2E	UNKNOWN STEP	2026-10-03T09:55:56.1795152Z ^[[36;1m  if ! command -v gpg >/dev/null 2>&1; then^[[0m
Docker E2E	UNKNOWN STEP	2026-10-03T09:55:56.1795476Z ^[[36;1m    missing_deps="$missing_deps gpg"^[[0m
Docker E2E	UNKNOWN STEP	2026-10-03T09:55:56.1795819Z ^[[36;1m  fi^[[0m
Docker E2E	UNKNOWN STEP	2026-10-03T09:55:56.1796008Z ^[[36;1mfi^[[0m
Docker E2E	UNKNOWN STEP	2026-10-03T09:55:56.1796196Z ^[[36;1m^[[0m
Docker E2E	UNKNOWN STEP	2026-10-03T09:55:56.1796431Z ^[[36;1m# Report missing required dependencies^[[0m
Docker E2E	UNKNOWN STEP	2026-10-03T09:55:56.1796743Z ^[[36;1mif [ -n "$missing_deps" ]; then^[[0m
Docker E2E	UNKNOWN STEP	2026-10-03T09:55:56.1797157Z ^[[36;1m  echo "Error: The following required dependencies are missing:$missing_deps"^[[0m
Docker E2E	UNKNOWN STEP	2026-10-03T09:55:56.1797690Z ^[[36;1m  echo "Please install these dependencies before using this action."^[[0m
Docker E2E	UNKNOWN STEP	2026-10-03T09:55:56.1798073Z ^[[36;1m  exit 1^[[0m
Docker E2E	UNKNOWN STEP	2026-10-03T09:55:56.1798281Z ^[[36;1mfi^[[0m
Docker E2E	UNKNOWN STEP	2026-10-03T09:55:56.1798482Z ^[[36;1m^[[0m
Docker E2E	UNKNOWN STEP	2026-10-03T09:55:56.1798750Z ^[[36;1mecho "All required system dependencies are available."^[[0m
Docker E2E	UNKNOWN STEP	2026-10-03T09:55:56.1825491Z shell: /usr/bin/sh -e {0}
Docker E2E	UNKNOWN STEP	2026-10-03T09:55:56.1825741Z env:
Docker E2E	UNKNOWN STEP	2026-10-03T09:55:56.1825934Z   REQUIRE_DOCKER: 1
Docker E2E	UNKNOWN STEP	2026-10-03T09:55:56.1826172Z   INPUT_SKIP_VALIDATION: false
Docker E2E	UNKNOWN STEP	2026-10-03T09:55:56.1826435Z ##[endgroup]
Docker E2E	UNKNOWN STEP	2026-10-03T09:55:56.1868976Z All required system dependencies are available.
Docker E2E	UNKNOWN STEP	2026-10-03T09:55:56.1883585Z ##[end-action id=__codecov_codecov-action.__run;outcome=success;conclusion=success;duration_ms=13]
Docker E2E	UNKNOWN STEP	2026-10-03T09:55:56.1886830Z ##[start-action display=Action version;id=__codecov_codecov-action.__run_2]
Docker E2E	UNKNOWN STEP	2026-10-03T09:55:56.1909145Z ##[group]Run CC_ACTION_VERSION=$(cat ${GITHUB_ACTION_PATH}/src/version)
Docker E2E	UNKNOWN STEP	2026-10-03T09:55:56.1910126Z ^[[36;1mCC_ACTION_VERSION=$(cat ${GITHUB_ACTION_PATH}/src/version)^[[0m
Docker E2E	UNKNOWN STEP	2026-10-03T09:55:56.1911329Z ^[[36;1mecho -e "\033[0;32m==>\033[0m Running Action version $CC_ACTION_VERSION"^[[0m
Docker E2E	UNKNOWN STEP	2026-10-03T09:55:56.1992587Z shell: /usr/bin/bash --noprofile --norc -e -o pipefail {0}
Docker E2E	UNKNOWN STEP	2026-10-03T09:55:56.1993190Z env:
Docker E2E	UNKNOWN STEP	2026-10-03T09:55:56.1993563Z   REQUIRE_DOCKER: 1
Docker E2E	UNKNOWN STEP	2026-10-03T09:55:56.1993993Z ##[endgroup]
Docker E2E	UNKNOWN STEP	2026-10-03T09:55:56.2115792Z ^[[0;32m==>^[[0m Running Action version 7.1.1
Docker E2E	UNKNOWN STEP	2026-10-03T09:55:56.2127630Z ##[end-action id=__codecov_codecov-action.__run_2;outcome=success;conclusion=success;duration_ms=23]
Docker E2E	UNKNOWN STEP	2026-10-03T09:55:56.2131554Z ##[start-action display=Set safe directory;id=__codecov_codecov-action.__run_3]
Docker E2E	UNKNOWN STEP	2026-10-03T09:55:56.2168214Z ##[group]Run git config --global --add safe.directory "/home/runner/work/drangler/drangler"
Docker E2E	UNKNOWN STEP	2026-10-03T09:55:56.2168858Z ^[[36;1mgit config --global --add safe.directory "/home/runner/work/drangler/drangler"^[[0m
Docker E2E	UNKNOWN STEP	2026-10-03T09:55:56.2169831Z ^[[36;1mgit config --global --add safe.directory "$GITHUB_WORKSPACE"^[[0m
Docker E2E	UNKNOWN STEP	2026-10-03T09:55:56.2233164Z shell: /usr/bin/bash --noprofile --norc -e -o pipefail {0}
Docker E2E	UNKNOWN STEP	2026-10-03T09:55:56.2233701Z env:
Docker E2E	UNKNOWN STEP	2026-10-03T09:55:56.2234026Z   REQUIRE_DOCKER: 1
Docker E2E	UNKNOWN STEP	2026-10-03T09:55:56.2234596Z ##[endgroup]
Docker E2E	UNKNOWN STEP	2026-10-03T09:55:56.2369625Z ##[end-action id=__codecov_codecov-action.__run_3;outcome=success;conclusion=success;duration_ms=23]
Docker E2E	UNKNOWN STEP	2026-10-03T09:55:56.2375596Z ##[start-action display=Set fork;id=__codecov_codecov-action.__run_4]
Docker E2E	UNKNOWN STEP	2026-10-03T09:55:56.2392400Z ##[group]Run CC_FORK="false"
Docker E2E	UNKNOWN STEP	2026-10-03T09:55:56.2392685Z ^[[36;1mCC_FORK="false"^[[0m
Docker E2E	UNKNOWN STEP	2026-10-03T09:55:56.2393265Z ^[[36;1mif [ -n "$GITHUB_EVENT_PULL_REQUEST_HEAD_REPO_FULL_NAME" ] && [ "$GITHUB_EVENT_PULL_REQUEST_HEAD_REPO_FULL_NAME" != "$GITHUB_REPOSITORY" ];^[[0m
Docker E2E	UNKNOWN STEP	2026-10-03T09:55:56.2393865Z ^[[36;1mthen^[[0m
Docker E2E	UNKNOWN STEP	2026-10-03T09:55:56.2394122Z ^[[36;1m  echo -e "\033[0;32m==>\033[0m Fork detected"^[[0m
Docker E2E	UNKNOWN STEP	2026-10-03T09:55:56.2394449Z ^[[36;1m  CC_FORK="true"^[[0m
Docker E2E	UNKNOWN STEP	2026-10-03T09:55:56.2394676Z ^[[36;1mfi^[[0m
Docker E2E	UNKNOWN STEP	2026-10-03T09:55:56.2394911Z ^[[36;1mecho "CC_FORK=$CC_FORK" >> "$GITHUB_ENV"^[[0m
Docker E2E	UNKNOWN STEP	2026-10-03T09:55:56.2455430Z shell: /usr/bin/bash --noprofile --norc -e -o pipefail {0}
Docker E2E	UNKNOWN STEP	2026-10-03T09:55:56.2455790Z env:
Docker E2E	UNKNOWN STEP	2026-10-03T09:55:56.2456003Z   REQUIRE_DOCKER: 1
Docker E2E	UNKNOWN STEP	2026-10-03T09:55:56.2456254Z   GITHUB_EVENT_PULL_REQUEST_HEAD_LABEL: 
Docker E2E	UNKNOWN STEP	2026-10-03T09:55:56.2456576Z   GITHUB_EVENT_PULL_REQUEST_HEAD_REPO_FULL_NAME: 
Docker E2E	UNKNOWN STEP	2026-10-03T09:55:56.2456901Z   GITHUB_REPOSITORY: <org>/drangler
Docker E2E	UNKNOWN STEP	2026-10-03T09:55:56.2457173Z ##[endgroup]
Docker E2E	UNKNOWN STEP	2026-10-03T09:55:56.2546498Z ##[end-action id=__codecov_codecov-action.__run_4;outcome=success;conclusion=success;duration_ms=17]
Docker E2E	UNKNOWN STEP	2026-10-03T09:55:56.2550216Z ##[start-action display=Get OIDC token;id=__codecov_codecov-action.oidc]
Docker E2E	UNKNOWN STEP	2026-10-03T09:55:56.2593735Z ##[group]Run actions/github-script@<hex>
Docker E2E	UNKNOWN STEP	2026-10-03T09:55:56.2594127Z with:
Docker E2E	UNKNOWN STEP	2026-10-03T09:55:56.2594738Z   script: if (process.env.CC_USE_OIDC === 'true' && process.env.CC_FORK != 'true') {
Docker E2E	UNKNOWN STEP	  const id_token = <redacted> core.getIDToken(process.env.CC_OIDC_AUDIENCE)
Docker E2E	UNKNOWN STEP	  return id_token
Docker E2E	UNKNOWN STEP	}
Docker E2E	UNKNOWN STEP	
Docker E2E	UNKNOWN STEP	2026-10-03T09:55:56.2597468Z   github-token: ***
Docker E2E	UNKNOWN STEP	2026-10-03T09:55:56.2597696Z   debug: false
Docker E2E	UNKNOWN STEP	2026-10-03T09:55:56.2597933Z   user-agent: actions/github-script
Docker E2E	UNKNOWN STEP	2026-10-03T09:55:56.2598218Z   result-encoding: json
Docker E2E	UNKNOWN STEP	2026-10-03T09:55:56.2598440Z   retries: 0
Docker E2E	UNKNOWN STEP	2026-10-03T09:55:56.2598674Z   retry-exempt-status-codes: 400,401,403,404,422
Docker E2E	UNKNOWN STEP	2026-10-03T09:55:56.2598966Z env:
Docker E2E	UNKNOWN STEP	2026-10-03T09:55:56.2599156Z   REQUIRE_DOCKER: 1
Docker E2E	UNKNOWN STEP	2026-10-03T09:55:56.2599634Z   CC_FORK: false
Docker E2E	UNKNOWN STEP	2026-10-03T09:55:56.2599884Z   CC_OIDC_AUDIENCE: https://codecov.io
Docker E2E	UNKNOWN STEP	2026-10-03T09:55:56.2600183Z   CC_USE_OIDC: false
Docker E2E	UNKNOWN STEP	2026-10-03T09:55:56.2600399Z ##[endgroup]
Docker E2E	UNKNOWN STEP	2026-10-03T09:55:56.3496083Z ##[end-action id=__codecov_codecov-action.oidc;outcome=success;conclusion=success;duration_ms=94]
Docker E2E	UNKNOWN STEP	2026-10-03T09:55:56.3507601Z ##[start-action display=Get and set token;id=__codecov_codecov-action.__run_5]
Docker E2E	UNKNOWN STEP	2026-10-03T09:55:56.3531313Z ##[group]Run if [ "$INPUT_USE_OIDC" == 'true' ] && [ "$CC_FORK" != 'true' ];
Docker E2E	UNKNOWN STEP	2026-10-03T09:55:56.3532070Z ^[[36;1mif [ "$INPUT_USE_OIDC" == 'true' ] && [ "$CC_FORK" != 'true' ];^[[0m
Docker E2E	UNKNOWN STEP	2026-10-03T09:55:56.3532636Z ^[[36;1mthen^[[0m
Docker E2E	UNKNOWN STEP	2026-10-03T09:55:56.3533240Z ^[[36;1m  echo "CC_TOKEN=$CC_OIDC_TOKEN" >> "$GITHUB_ENV"^[[0m
Docker E2E	UNKNOWN STEP	2026-10-03T09:55:56.3533812Z ^[[36;1melif [ -n "$INPUT_CODECOV_TOKEN" ];^[[0m
Docker E2E	UNKNOWN STEP	2026-10-03T09:55:56.3534256Z ^[[36;1mthen^[[0m
Docker E2E	UNKNOWN STEP	2026-10-03T09:55:56.3534650Z ^[[36;1m  echo -e "\033[0;32m==>\033[0m Token set from env"^[[0m
Docker E2E	UNKNOWN STEP	2026-10-03T09:55:56.3535265Z ^[[36;1m    echo "CC_TOKEN=$INPUT_CODECOV_TOKEN" >> "$GITHUB_ENV"^[[0m
Docker E2E	UNKNOWN STEP	2026-10-03T09:55:56.3535798Z ^[[36;1melse^[[0m
Docker E2E	UNKNOWN STEP	2026-10-03T09:55:56.3536128Z ^[[36;1m  if [ -n "$INPUT_TOKEN" ];^[[0m
Docker E2E	UNKNOWN STEP	2026-10-03T09:55:56.3536533Z ^[[36;1m  then^[[0m
Docker E2E	UNKNOWN STEP	2026-10-03T09:55:56.3536971Z ^[[36;1m    echo -e "\033[0;32m==>\033[0m Token set from input"^[[0m
Docker E2E	UNKNOWN STEP	2026-10-03T09:55:56.3537556Z ^[[36;1m    CC_TOKEN=$(echo "$INPUT_TOKEN" | tr -d '\n')^[[0m
Docker E2E	UNKNOWN STEP	2026-10-03T09:55:56.3538111Z ^[[36;1m    echo "CC_TOKEN=$CC_TOKEN" >> "$GITHUB_ENV"^[[0m
Docker E2E	UNKNOWN STEP	2026-10-03T09:55:56.3538586Z ^[[36;1m  fi^[[0m
Docker E2E	UNKNOWN STEP	2026-10-03T09:55:56.3538884Z ^[[36;1mfi^[[0m
Docker E2E	UNKNOWN STEP	2026-10-03T09:55:56.3617246Z shell: /usr/bin/bash --noprofile --norc -e -o pipefail {0}
Docker E2E	UNKNOWN STEP	2026-10-03T09:55:56.3617784Z env:
Docker E2E	UNKNOWN STEP	2026-10-03T09:55:56.3618169Z   REQUIRE_DOCKER: 1
Docker E2E	UNKNOWN STEP	2026-10-03T09:55:56.3618707Z   CC_FORK: false
Docker E2E	UNKNOWN STEP	2026-10-03T09:55:56.3619035Z   CC_OIDC_TOKEN: 
Docker E2E	UNKNOWN STEP	2026-10-03T09:55:56.3619635Z   CC_OIDC_AUDIENCE: https://codecov.io
Docker E2E	UNKNOWN STEP	2026-10-03T09:55:56.3620087Z   INPUT_USE_OIDC: false
Docker E2E	UNKNOWN STEP	2026-10-03T09:55:56.3620609Z   INPUT_TOKEN: ***
Docker E2E	UNKNOWN STEP	2026-10-03T09:55:56.3620945Z   INPUT_CODECOV_TOKEN: 
Docker E2E	UNKNOWN STEP	2026-10-03T09:55:56.3621293Z ##[endgroup]
Docker E2E	UNKNOWN STEP	2026-10-03T09:55:56.3757396Z ^[[0;32m==>^[[0m Token set from input
Docker E2E	UNKNOWN STEP	2026-10-03T09:55:56.3767710Z ##[end-action id=__codecov_codecov-action.__run_5;outcome=success;conclusion=success;duration_ms=25]
Docker E2E	UNKNOWN STEP	2026-10-03T09:55:56.3774835Z ##[start-action display=Override branch for forks;id=__codecov_codecov-action.__run_6]
Docker E2E	UNKNOWN STEP	2026-10-03T09:55:56.3797591Z ##[group]Run if [ -z "$CC_BRANCH" ] && [ -z "$CC_TOKEN" ] && [ "$CC_FORK" == 'true' ]
Docker E2E	UNKNOWN STEP	2026-10-03T09:55:56.3798129Z ^[[36;1mif [ -z "$CC_BRANCH" ] && [ -z "$CC_TOKEN" ] && [ "$CC_FORK" == 'true' ]^[[0m
Docker E2E	UNKNOWN STEP	2026-10-03T09:55:56.3798502Z ^[[36;1mthen^[[0m
Docker E2E	UNKNOWN STEP	2026-10-03T09:55:56.3798930Z ^[[36;1m  echo -e "\033[0;32m==>\033[0m Fork detected, setting branch to $GITHUB_EVENT_PULL_REQUEST_HEAD_LABEL"^[[0m
Docker E2E	UNKNOWN STEP	2026-10-03T09:55:56.3799799Z ^[[36;1m  TOKENLESS="$GITHUB_EVENT_PULL_REQUEST_HEAD_LABEL"^[[0m
Docker E2E	UNKNOWN STEP	2026-10-03T09:55:56.3800200Z ^[[36;1m  CC_BRANCH="$GITHUB_EVENT_PULL_REQUEST_HEAD_LABEL"^[[0m
Docker E2E	UNKNOWN STEP	2026-10-03T09:55:56.3800729Z ^[[36;1m  echo "TOKENLESS=$TOKENLESS" >> "$GITHUB_ENV"^[[0m
Docker E2E	UNKNOWN STEP	2026-10-03T09:55:56.3801214Z ^[[36;1mfi^[[0m
Docker E2E	UNKNOWN STEP	2026-10-03T09:55:56.3801420Z ^[[36;1m^[[0m
Docker E2E	UNKNOWN STEP	2026-10-03T09:55:56.3801652Z ^[[36;1mecho "CC_BRANCH=$CC_BRANCH" >> "$GITHUB_ENV"^[[0m
Docker E2E	UNKNOWN STEP	2026-10-03T09:55:56.3863370Z shell: /usr/bin/bash --noprofile --norc -e -o pipefail {0}
Docker E2E	UNKNOWN STEP	2026-10-03T09:55:56.3863715Z env:
Docker E2E	UNKNOWN STEP	2026-10-03T09:55:56.3863911Z   REQUIRE_DOCKER: 1
Docker E2E	UNKNOWN STEP	2026-10-03T09:55:56.3864123Z   CC_FORK: false
Docker E2E	UNKNOWN STEP	2026-10-03T09:55:56.3864504Z   CC_TOKEN: ***
Docker E2E	UNKNOWN STEP	2026-10-03T09:55:56.3864705Z   CC_BRANCH: 
Docker E2E	UNKNOWN STEP	2026-10-03T09:55:56.3864917Z   GITHUB_EVENT_PULL_REQUEST_HEAD_LABEL: 
Docker E2E	UNKNOWN STEP	2026-10-03T09:55:56.3865230Z   GITHUB_EVENT_PULL_REQUEST_HEAD_REPO_FULL_NAME: 
Docker E2E	UNKNOWN STEP	2026-10-03T09:55:56.3865556Z   GITHUB_REPOSITORY: <org>/drangler
Docker E2E	UNKNOWN STEP	2026-10-03T09:55:56.3865833Z ##[endgroup]
Docker E2E	UNKNOWN STEP	2026-10-03T09:55:56.3953303Z ##[end-action id=__codecov_codecov-action.__run_6;outcome=success;conclusion=success;duration_ms=17]
Docker E2E	UNKNOWN STEP	2026-10-03T09:55:56.3957304Z ##[start-action display=Override commits and pr for pull requests;id=__codecov_codecov-action.__run_7]
Docker E2E	UNKNOWN STEP	2026-10-03T09:55:56.4018875Z ##[group]Run if [ -z "$CC_SHA" ];
Docker E2E	UNKNOWN STEP	2026-10-03T09:55:56.4019175Z ^[[36;1mif [ -z "$CC_SHA" ];^[[0m
Docker E2E	UNKNOWN STEP	2026-10-03T09:55:56.4019765Z ^[[36;1mthen^[[0m
Docker E2E	UNKNOWN STEP	2026-10-03T09:55:56.4020039Z ^[[36;1m  CC_SHA="$GITHUB_EVENT_PULL_REQUEST_HEAD_SHA"^[[0m
Docker E2E	UNKNOWN STEP	2026-10-03T09:55:56.4020357Z ^[[36;1mfi^[[0m
Docker E2E	UNKNOWN STEP	2026-10-03T09:55:56.4020618Z ^[[36;1mif [ -z "$CC_PR" ] && [ "$CC_FORK" == 'true' ];^[[0m
Docker E2E	UNKNOWN STEP	2026-10-03T09:55:56.4020935Z ^[[36;1mthen^[[0m
Docker E2E	UNKNOWN STEP	2026-10-03T09:55:56.4021160Z ^[[36;1m  CC_PR="$GITHUB_EVENT_NUMBER"^[[0m
Docker E2E	UNKNOWN STEP	2026-10-03T09:55:56.4021440Z ^[[36;1mfi^[[0m
Docker E2E	UNKNOWN STEP	2026-10-03T09:55:56.4021631Z ^[[36;1m^[[0m
Docker E2E	UNKNOWN STEP	2026-10-03T09:55:56.4021854Z ^[[36;1mecho "CC_SHA=$CC_SHA" >> "$GITHUB_ENV"^[[0m
Docker E2E	UNKNOWN STEP	2026-10-03T09:55:56.4022342Z ^[[36;1mecho "CC_PR=$CC_PR" >> "$GITHUB_ENV"^[[0m
Docker E2E	UNKNOWN STEP	2026-10-03T09:55:56.4078977Z shell: /usr/bin/bash --noprofile --norc -e -o pipefail {0}
Docker E2E	UNKNOWN STEP	2026-10-03T09:55:56.4079513Z env:
Docker E2E	UNKNOWN STEP	2026-10-03T09:55:56.4079751Z   REQUIRE_DOCKER: 1
Docker E2E	UNKNOWN STEP	2026-10-03T09:55:56.4079970Z   CC_FORK: false
Docker E2E	UNKNOWN STEP	2026-10-03T09:55:56.4080300Z   CC_TOKEN: ***
Docker E2E	UNKNOWN STEP	2026-10-03T09:55:56.4080517Z   CC_BRANCH: 
Docker E2E	UNKNOWN STEP	2026-10-03T09:55:56.4080713Z   CC_PR: 
Docker E2E	UNKNOWN STEP	2026-10-03T09:55:56.4080896Z   CC_SHA: 
Docker E2E	UNKNOWN STEP	2026-10-03T09:55:56.4081096Z   GITHUB_EVENT_NAME: schedule
Docker E2E	UNKNOWN STEP	2026-10-03T09:55:56.4081347Z   GITHUB_EVENT_NUMBER: 
Docker E2E	UNKNOWN STEP	2026-10-03T09:55:56.4081588Z   GITHUB_EVENT_PULL_REQUEST_HEAD_SHA: 
Docker E2E	UNKNOWN STEP	2026-10-03T09:55:56.4081860Z ##[endgroup]
Docker E2E	UNKNOWN STEP	2026-10-03T09:55:56.4188213Z ##[end-action id=__codecov_codecov-action.__run_7;outcome=success;conclusion=success;duration_ms=23]
Docker E2E	UNKNOWN STEP	2026-10-03T09:55:56.4197489Z ##[start-action display=Upload coverage to Codecov;id=__codecov_codecov-action.__run_8]
Docker E2E	UNKNOWN STEP	2026-10-03T09:55:56.4213707Z ##[group]Run ${GITHUB_ACTION_PATH}/dist/codecov.sh
Docker E2E	UNKNOWN STEP	2026-10-03T09:55:56.4214074Z ^[[36;1m${GITHUB_ACTION_PATH}/dist/codecov.sh^[[0m
Docker E2E	UNKNOWN STEP	2026-10-03T09:55:56.4270062Z shell: /usr/bin/bash --noprofile --norc -e -o pipefail {0}
Docker E2E	UNKNOWN STEP	2026-10-03T09:55:56.4270404Z env:
Docker E2E	UNKNOWN STEP	2026-10-03T09:55:56.4270603Z   REQUIRE_DOCKER: 1
Docker E2E	UNKNOWN STEP	2026-10-03T09:55:56.4270815Z   CC_FORK: false
Docker E2E	UNKNOWN STEP	2026-10-03T09:55:56.4271120Z   CC_TOKEN: ***
Docker E2E	UNKNOWN STEP	2026-10-03T09:55:56.4271319Z   CC_BRANCH: 
Docker E2E	UNKNOWN STEP	2026-10-03T09:55:56.4271506Z   CC_SHA: 
Docker E2E	UNKNOWN STEP	2026-10-03T09:55:56.4271686Z   CC_PR: 
Docker E2E	UNKNOWN STEP	2026-10-03T09:55:56.4271870Z   CC_BASE_SHA: 
Docker E2E	UNKNOWN STEP	2026-10-03T09:55:56.4272061Z   CC_BINARY: 
Docker E2E	UNKNOWN STEP	2026-10-03T09:55:56.4272259Z   CC_BUILD: 
Docker E2E	UNKNOWN STEP	2026-10-03T09:55:56.4272448Z   CC_BUILD_URL: 
Docker E2E	UNKNOWN STEP	2026-10-03T09:55:56.4272649Z   CC_CLEANUP: false
Docker E2E	UNKNOWN STEP	2026-10-03T09:55:56.4272853Z   CC_CODE: 
Docker E2E	UNKNOWN STEP	2026-10-03T09:55:56.4273038Z   CC_DIR: 
Docker E2E	UNKNOWN STEP	2026-10-03T09:55:56.4273234Z   CC_DISABLE_FILE_FIXES: false
Docker E2E	UNKNOWN STEP	2026-10-03T09:55:56.4273480Z   CC_DISABLE_SEARCH: false
Docker E2E	UNKNOWN STEP	2026-10-03T09:55:56.4273726Z   CC_DISABLE_TELEM: false
Docker E2E	UNKNOWN STEP	2026-10-03T09:55:56.4273951Z   CC_DRY_RUN: false
Docker E2E	UNKNOWN STEP	2026-10-03T09:55:56.4274159Z   CC_ENTERPRISE_URL: 
Docker E2E	UNKNOWN STEP	2026-10-03T09:55:56.4274369Z   CC_ENV: 
Docker E2E	UNKNOWN STEP	2026-10-03T09:55:56.4274564Z   CC_EXCLUDES: 
Docker E2E	UNKNOWN STEP	2026-10-03T09:55:56.4274770Z   CC_FAIL_ON_ERROR: false
Docker E2E	UNKNOWN STEP	2026-10-03T09:55:56.4275011Z   CC_FILES: coverage/clover.xml
Docker E2E	UNKNOWN STEP	2026-10-03T09:55:56.4275256Z   CC_FLAGS: integration
Docker E2E	UNKNOWN STEP	2026-10-03T09:55:56.4275468Z   CC_FORCE: 
Docker E2E	UNKNOWN STEP	2026-10-03T09:55:56.4275664Z   CC_GCOV_ARGS: 
Docker E2E	UNKNOWN STEP	2026-10-03T09:55:56.4275870Z   CC_GCOV_EXECUTABLE: gcov
Docker E2E	UNKNOWN STEP	2026-10-03T09:55:56.4276093Z   CC_GCOV_IGNORE: 
Docker E2E	UNKNOWN STEP	2026-10-03T09:55:56.4276294Z   CC_GCOV_INCLUDE: 
Docker E2E	UNKNOWN STEP	2026-10-03T09:55:56.4276505Z   CC_GIT_SERVICE: github
Docker E2E	UNKNOWN STEP	2026-10-03T09:55:56.4276744Z   CC_HANDLE_NO_REPORTS_FOUND: false
Docker E2E	UNKNOWN STEP	2026-10-03T09:55:56.4276997Z   CC_JOB_CODE: 
Docker E2E	UNKNOWN STEP	2026-10-03T09:55:56.4277194Z   CC_LEGACY: false
Docker E2E	UNKNOWN STEP	2026-10-03T09:55:56.4277392Z   CC_NAME: 
Docker E2E	UNKNOWN STEP	2026-10-03T09:55:56.4277582Z   CC_NETWORK_FILTER: 
Docker E2E	UNKNOWN STEP	2026-10-03T09:55:56.4277794Z   CC_NETWORK_PREFIX: 
Docker E2E	UNKNOWN STEP	2026-10-03T09:55:56.4278012Z   CC_NETWORK_ROOT_FOLDER: 
Docker E2E	UNKNOWN STEP	2026-10-03T09:55:56.4278229Z   CC_OS: 
Docker E2E	UNKNOWN STEP	2026-10-03T09:55:56.4278412Z   CC_PARENT_SHA: 
Docker E2E	UNKNOWN STEP	2026-10-03T09:55:56.4278611Z   CC_PLUGINS: 
Docker E2E	UNKNOWN STEP	2026-10-03T09:55:56.4278821Z   CC_RECURSE_SUBMODULES: false
Docker E2E	UNKNOWN STEP	2026-10-03T09:55:56.4279070Z   CC_REPORT_TYPE: coverage
Docker E2E	UNKNOWN STEP	2026-10-03T09:55:56.4279316Z   CC_RUN_CMD: upload-coverage
Docker E2E	UNKNOWN STEP	2026-10-03T09:55:56.4279788Z   CC_SERVICE: github
Docker E2E	UNKNOWN STEP	2026-10-03T09:55:56.4280004Z   CC_SKIP_VALIDATION: false
Docker E2E	UNKNOWN STEP	2026-10-03T09:55:56.4280242Z   CC_SLUG: <org>/drangler
Docker E2E	UNKNOWN STEP	2026-10-03T09:55:56.4280475Z   CC_SWIFT_PROJECT: 
Docker E2E	UNKNOWN STEP	2026-10-03T09:55:56.4280682Z   CC_USE_PYPI: false
Docker E2E	UNKNOWN STEP	2026-10-03T09:55:56.4280885Z   CC_VERBOSE: false
Docker E2E	UNKNOWN STEP	2026-10-03T09:55:56.4281095Z   CC_VERSION: latest
Docker E2E	UNKNOWN STEP	2026-10-03T09:55:56.4281298Z   CC_YML_PATH: 
Docker E2E	UNKNOWN STEP	2026-10-03T09:55:56.4281493Z ##[endgroup]
Docker E2E	UNKNOWN STEP	2026-10-03T09:55:56.4381291Z      _____          _
Docker E2E	UNKNOWN STEP	2026-10-03T09:55:56.4381707Z     / ____|        | |
Docker E2E	UNKNOWN STEP	2026-10-03T09:55:56.4382169Z    | |     ___   __| | ___  ___ _____   __
Docker E2E	UNKNOWN STEP	2026-10-03T09:55:56.4382672Z    | |    / _ \ / _` |/ _ \/ __/ _ \ \ / /
Docker E2E	UNKNOWN STEP	2026-10-03T09:55:56.4383163Z    | |___| (_) | (_| |  __/ (_| (_) \ V /
Docker E2E	UNKNOWN STEP	2026-10-03T09:55:56.4383652Z     \_____\___/ \__,_|\___|\___\___/ \_/
Docker E2E	UNKNOWN STEP	2026-10-03T09:55:56.4384698Z                            ^[[0;31m Wrapper-0.3.1^[[0m
Docker E2E	UNKNOWN STEP	2026-10-03T09:55:56.4385084Z                            
Docker E2E	UNKNOWN STEP	2026-10-03T09:55:56.4438803Z ^[[0;32m==>^[[0m Detected ^[[0;36mlinux^[[0m
Docker E2E	UNKNOWN STEP	2026-10-03T09:55:56.4440488Z ^[[0;32m ->^[[0m Downloading ^[[0;36mhttps://cli.codecov.io/latest/linux/codecov^[[0m
Docker E2E	UNKNOWN STEP	2026-10-03T09:55:56.4518289Z   % Total    % Received % Xferd  Average Speed   Time    Time     Time  Current
Docker E2E	UNKNOWN STEP	2026-10-03T09:55:56.4519649Z                                  Dload  Upload   Total   Spent    Left  Speed
Docker E2E	UNKNOWN STEP	2026-10-03T09:55:56.4520195Z 
Docker E2E	UNKNOWN STEP	2026-10-03T09:55:56.8481755Z   0     0    0     0    0     0      0      0 --:--:-- --:--:-- --:--:--     0
Docker E2E	UNKNOWN STEP	2026-10-03T09:55:56.8482717Z 100  9.9M  100  9.9M    0     0  25.0M      0 --:--:-- --:--:-- --:--:-- 25.0M
Docker E2E	UNKNOWN STEP	2026-10-03T09:55:56.8504835Z ^[[0;32m==>^[[0m Finishing downloading ^[[0;36mlinux:latest^[[0m
Docker E2E	UNKNOWN STEP	2026-10-03T09:55:56.9321971Z       Version: ^[[0;36mv11.3.1^[[0m
Docker E2E	UNKNOWN STEP	2026-10-03T09:55:56.9322482Z  
Docker E2E	UNKNOWN STEP	2026-10-03T09:55:56.9408030Z gpg: directory '/home/runner/.gnupg' created
Docker E2E	UNKNOWN STEP	2026-10-03T09:55:56.9411122Z gpg: keybox '/home/runner/.gnupg/pubring.kbx' created
Docker E2E	UNKNOWN STEP	2026-10-03T09:55:57.1036930Z gpg: /home/runner/.gnupg/trustdb.gpg: trustdb created
Docker E2E	UNKNOWN STEP	2026-10-03T09:55:57.1038284Z gpg: key 806BB28AED779869: public key "Codecov Uploader (Codecov Uploader Verification Key) <<email>>" imported
Docker E2E	UNKNOWN STEP	2026-10-03T09:55:57.1182449Z gpg: Total number processed: 1
Docker E2E	UNKNOWN STEP	2026-10-03T09:55:57.1183004Z gpg:               imported: 1
Docker E2E	UNKNOWN STEP	2026-10-03T09:55:57.1188417Z ^[[0;32m==>^[[0m Verifying GPG signature integrity
Docker E2E	UNKNOWN STEP	2026-10-03T09:55:57.1190046Z ^[[0;32m ->^[[0m Downloading ^[[0;36mhttps://cli.codecov.io/latest/linux/codecov.SHA256SUM^[[0m
Docker E2E	UNKNOWN STEP	2026-10-03T09:55:57.1191763Z ^[[0;32m ->^[[0m Downloading ^[[0;36mhttps://cli.codecov.io/latest/linux/codecov.SHA256SUM.sig^[[0m
Docker E2E	UNKNOWN STEP	2026-10-03T09:55:57.1192498Z  
Docker E2E	UNKNOWN STEP	2026-10-03T09:55:57.2815590Z gpg: Signature made Thu Jul  9 01:37:57 2026 UTC
Docker E2E	UNKNOWN STEP	2026-10-03T09:55:57.2816634Z gpg:                using RSA key <hex>
Docker E2E	UNKNOWN STEP	2026-10-03T09:55:57.2819172Z gpg: Good signature from "Codecov Uploader (Codecov Uploader Verification Key) <<email>>" [unknown]
Docker E2E	UNKNOWN STEP	2026-10-03T09:55:57.2820666Z gpg: WARNING: This key is not certified with a trusted signature!
Docker E2E	UNKNOWN STEP	2026-10-03T09:55:57.2821658Z gpg:          There is no indication that the signature belongs to the owner.
Docker E2E	UNKNOWN STEP	2026-10-03T09:55:57.2822586Z Primary key fingerprint: 2703 4E7F DB85 0E0B BC2C  62FF 806B B28A ED77 9869
Docker E2E	UNKNOWN STEP	2026-10-03T09:55:57.3452869Z codecov: OK
Docker E2E	UNKNOWN STEP	2026-10-03T09:55:57.3465800Z ^[[0;32m==>^[[0m CLI integrity verified
Docker E2E	UNKNOWN STEP	2026-10-03T09:55:57.3466160Z 
Docker E2E	UNKNOWN STEP	2026-10-03T09:55:57.4120698Z ^[[0;32m ->^[[0m Token length: 36
Docker E2E	UNKNOWN STEP	2026-10-03T09:55:57.4121457Z ^[[0;32m==>^[[0m Running upload-coverage
Docker E2E	UNKNOWN STEP	2026-10-03T09:55:57.4130782Z       ^[[0;36m./codecov  upload-coverage -t <redacted> --git-service github --slug <org>/drangler --file coverage/clover.xml --flag integration --gcov-executable gcov --report-type coverage^[[0m
Docker E2E	UNKNOWN STEP	2026-10-03T09:55:57.7789681Z info - 2026-10-03 09:55:57,778 -- ci service found: github-actions
Docker E2E	UNKNOWN STEP	2026-10-03T09:55:57.8276412Z warning - 2026-10-03 09:55:57,827 -- xcrun is not installed or can't be found.
Docker E2E	UNKNOWN STEP	2026-10-03T09:55:57.8995515Z warning - 2026-10-03 09:55:57,899 -- No gcov data found.
Docker E2E	UNKNOWN STEP	2026-10-03T09:55:57.8999859Z warning - 2026-10-03 09:55:57,899 -- coverage.py is not installed or can't be found.
Docker E2E	UNKNOWN STEP	2026-10-03T09:55:57.9830854Z warning - 2026-10-03 09:55:57,982 -- Some files were not found --- {"not_found_files": ["coverage/clover.xml"]}
Docker E2E	UNKNOWN STEP	2026-10-03T09:55:57.9881030Z info - 2026-10-03 09:55:57,987 -- Found 0 coverage files to report
Docker E2E	UNKNOWN STEP	2026-10-03T09:55:57.9915585Z Error: No coverage reports found. Please make sure you're generating reports successfully.
Docker E2E	UNKNOWN STEP	2026-10-03T09:55:58.1148388Z ^[[0;31m==> Failed to run upload-coverage^[[0m
Docker E2E	UNKNOWN STEP	2026-10-03T09:55:58.1158301Z ##[end-action id=__codecov_codecov-action.__run_8;outcome=success;conclusion=success;duration_ms=1695]
Docker E2E	UNKNOWN STEP	2026-10-03T09:55:58.1196396Z ##[group]Run docker compose -f docker/compose.yml logs --no-color --tail=400
Docker E2E	UNKNOWN STEP	2026-10-03T09:55:58.1197614Z ^[[36;1mdocker compose -f docker/compose.yml logs --no-color --tail=400^[[0m
Docker E2E	UNKNOWN STEP	2026-10-03T09:55:58.1259575Z shell: /usr/bin/bash -e {0}
Docker E2E	UNKNOWN STEP	2026-10-03T09:55:58.1259875Z env:
Docker E2E	UNKNOWN STEP	2026-10-03T09:55:58.1260082Z   REQUIRE_DOCKER: 1
Docker E2E	UNKNOWN STEP	2026-10-03T09:55:58.1260296Z   CC_FORK: false
Docker E2E	UNKNOWN STEP	2026-10-03T09:55:58.1260654Z   CC_TOKEN: ***
Docker E2E	UNKNOWN STEP	2026-10-03T09:55:58.1260856Z   CC_BRANCH: 
Docker E2E	UNKNOWN STEP	2026-10-03T09:55:58.1261046Z   CC_SHA: 
Docker E2E	UNKNOWN STEP	2026-10-03T09:55:58.1261255Z   CC_PR: 
Docker E2E	UNKNOWN STEP	2026-10-03T09:55:58.1261445Z ##[endgroup]
Docker E2E	UNKNOWN STEP	2026-10-03T09:55:58.2043207Z drupal-1  | [drangler-e2e] installing openssh-server and a mariadb client
Docker E2E	UNKNOWN STEP	2026-10-03T09:55:58.2044113Z drupal-1  | [drangler-e2e] sshd listening for tester
Docker E2E	UNKNOWN STEP	2026-10-03T09:55:58.2044994Z drupal-1  | [drangler-e2e] installing drush (this is the slow step)
Docker E2E	UNKNOWN STEP	2026-10-03T09:55:58.2045777Z drupal-1  | [drangler-e2e] installing Drupal against db
Docker E2E	UNKNOWN STEP	2026-10-03T09:55:58.2046785Z drupal-1  |  You are about to:
Docker E2E	UNKNOWN STEP	2026-10-03T09:55:58.2047626Z drupal-1  |  * Create a sites/default/settings.php file
Docker E2E	UNKNOWN STEP	2026-10-03T09:55:58.2048405Z drupal-1  |  * DROP all tables in your 'drupal' database.
Docker E2E	UNKNOWN STEP	2026-10-03T09:55:58.2048963Z drupal-1  | 
Docker E2E	UNKNOWN STEP	2026-10-03T09:55:58.2050226Z drupal-1  |  // Do you want to continue?: yes.                                              
Docker E2E	UNKNOWN STEP	2026-10-03T09:55:58.2050887Z drupal-1  | 
Docker E2E	UNKNOWN STEP	2026-10-03T09:55:58.2051533Z drupal-1  |  [notice] Starting Drupal installation. This takes a while.
Docker E2E	UNKNOWN STEP	2026-10-03T09:55:58.2052445Z drupal-1  |  [notice] Performed install task: install_select_language
Docker E2E	UNKNOWN STEP	2026-10-03T09:55:58.2053329Z drupal-1  |  [notice] Performed install task: install_select_profile
Docker E2E	UNKNOWN STEP	2026-10-03T09:55:58.2054194Z drupal-1  |  [notice] Performed install task: install_load_profile
Docker E2E	UNKNOWN STEP	2026-10-03T09:55:58.2055106Z drupal-1  |  [notice] Performed install task: install_verify_requirements
Docker E2E	UNKNOWN STEP	2026-10-03T09:55:58.2055995Z drupal-1  |  [notice] Performed install task: install_settings_form
Docker E2E	UNKNOWN STEP	2026-10-03T09:55:58.2056909Z drupal-1  |  [notice] Performed install task: install_verify_database_ready
Docker E2E	UNKNOWN STEP	2026-10-03T09:55:58.2057791Z drupal-1  |  [notice] Performed install task: install_base_system
Docker E2E	UNKNOWN STEP	2026-10-03T09:55:58.2058621Z drupal-1  |  [notice] Performed install task: install_bootstrap_full
Docker E2E	UNKNOWN STEP	2026-10-03T09:55:58.2059734Z drupal-1  |  [notice] Performed install task: install_profile_modules
Docker E2E	UNKNOWN STEP	2026-10-03T09:55:58.2060618Z drupal-1  |  [notice] Performed install task: install_profile_themes
Docker E2E	UNKNOWN STEP	2026-10-03T09:55:58.2061493Z drupal-1  |  [notice] Performed install task: install_install_profile
Docker E2E	UNKNOWN STEP	2026-10-03T09:55:58.2062355Z drupal-1  |  [notice] Performed install task: install_configure_form
Docker E2E	UNKNOWN STEP	2026-10-03T09:55:58.2063188Z drupal-1  |  [notice] Performed install task: install_finished
Docker E2E	UNKNOWN STEP	2026-10-03T09:55:58.2063921Z drupal-1  |  [success] Installation complete. (Admin)
Docker E2E	UNKNOWN STEP	2026-10-03T09:55:58.2064484Z drupal-1  | [drangler-e2e] ready
Docker E2E	UNKNOWN STEP	2026-10-03T09:55:58.2066028Z drupal-1  | AH00558: apache2: Could not reliably determine the server's fully qualified domain name, using <ip>. Set the 'ServerName' directive globally to suppress this message
Docker E2E	UNKNOWN STEP	2026-10-03T09:55:58.2068406Z drupal-1  | AH00558: apache2: Could not reliably determine the server's fully qualified domain name, using <ip>. Set the 'ServerName' directive globally to suppress this message
Docker E2E	UNKNOWN STEP	2026-10-03T09:55:58.2070764Z drupal-1  | [Sat Oct 03 09:54:35.082085 2026] [mpm_prefork:notice] [pid 1:tid 1] AH00163: Apache/2.4.68 (Debian) PHP/8.5.11 configured -- resuming normal operations
Docker E2E	UNKNOWN STEP	2026-10-03T09:55:58.2072121Z drupal-1  | [Sat Oct 03 09:54:35.082121 2026] [core:notice] [pid 1:tid 1] AH00094: Command line: 'apache2 -D FOREGROUND'
Docker E2E	UNKNOWN STEP	2026-10-03T09:55:58.2072943Z drupal-1  | <ip> - - [03/Oct/2026:09:55:05 +0000] "GET / HTTP/1.1" 200 4759 "-" "node"
Docker E2E	UNKNOWN STEP	2026-10-03T09:55:58.2073622Z drupal-1  | <ip> - - [03/Oct/2026:09:55:06 +0000] "GET /user/login HTTP/1.1" 200 4489 "-" "node"
Docker E2E	UNKNOWN STEP	2026-10-03T09:55:58.2074686Z drupal-1  | <ip> - - [03/Oct/2026:09:55:06 +0000] "GET /sites/default/files/preview-probe.txt HTTP/1.1" 200 369 "-" "node"
Docker E2E	UNKNOWN STEP	2026-10-03T09:55:58.2075463Z drupal-1  | <ip> - - [03/Oct/2026:09:55:06 +0000] "GET /node/1 HTTP/1.1" 200 3875 "-" "node"
Docker E2E	UNKNOWN STEP	2026-10-03T09:55:58.2076263Z db-1      | 2026-10-03 09:54:16+00:00 [Note] [Entrypoint]: Entrypoint script for MariaDB Server 1:13.0.2+maria~ubu2604 started.
Docker E2E	UNKNOWN STEP	2026-10-03T09:55:58.2077224Z db-1      | 2026-10-03 09:54:17+00:00 [Warn] [Entrypoint]: /sys/fs/cgroup///memory.pressure not writable, functionality unavailable to MariaDB
Docker E2E	UNKNOWN STEP	2026-10-03T09:55:58.2078023Z db-1      | 2026-10-03 09:54:17+00:00 [Note] [Entrypoint]: Switching to dedicated user 'mysql'
Docker E2E	UNKNOWN STEP	2026-10-03T09:55:58.2078781Z db-1      | 2026-10-03 09:54:17+00:00 [Note] [Entrypoint]: Entrypoint script for MariaDB Server 1:13.0.2+maria~ubu2604 started.
Docker E2E	UNKNOWN STEP	2026-10-03T09:55:58.2079842Z db-1      | 2026-10-03 09:54:17+00:00 [Note] [Entrypoint]: Initializing database files
Docker E2E	UNKNOWN STEP	2026-10-03T09:55:58.2081158Z db-1      | 2026-10-03  9:54:17 0 [Warning] mariadbd: io_uring_queue_init() failed with EPERM: sysctl kernel.io_uring_disabled has the value 2, or 1 and the user of the process is not a member of sysctl kernel.io_uring_group. (see man 2 io_uring_setup).
Docker E2E	UNKNOWN STEP	2026-10-03T09:55:58.2082190Z db-1      | create_uring failed: falling back to libaio
Docker E2E	UNKNOWN STEP	2026-10-03T09:55:58.2083079Z db-1      | 2026-10-03 09:54:17+00:00 [Note] [Entrypoint]: Database files initialized
Docker E2E	UNKNOWN STEP	2026-10-03T09:55:58.2084267Z db-1      | 2026-10-03 09:54:17+00:00 [Note] [Entrypoint]: Starting temporary server
Docker E2E	UNKNOWN STEP	2026-10-03T09:55:58.2085247Z db-1      | 2026-10-03 09:54:17+00:00 [Note] [Entrypoint]: Waiting for server startup
Docker E2E	UNKNOWN STEP	2026-10-03T09:55:58.2087109Z db-1      | 2026-10-03  9:54:17 0 [Note] Starting MariaDB 13.0.2-MariaDB-ubu2604 source revision <hex> server_uid <id> as process 94
Docker E2E	UNKNOWN STEP	2026-10-03T09:55:58.2088096Z db-1      | 2026-10-03  9:54:17 0 [Note] InnoDB: Compressed tables use zlib 1.3.1
Docker E2E	UNKNOWN STEP	2026-10-03T09:55:58.2088652Z db-1      | 2026-10-03  9:54:17 0 [Note] InnoDB: Number of transaction pools: 1
Docker E2E	UNKNOWN STEP	2026-10-03T09:55:58.2089229Z db-1      | 2026-10-03  9:54:17 0 [Note] InnoDB: Using crc32 + pclmulqdq instructions
Docker E2E	UNKNOWN STEP	2026-10-03T09:55:58.2090806Z db-1      | 2026-10-03  9:54:17 0 [Warning] mariadbd: io_uring_queue_init() failed with EPERM: sysctl kernel.io_uring_disabled has the value 2, or 1 and the user of the process is not a member of sysctl kernel.io_uring_group. (see man 2 io_uring_setup).
Docker E2E	UNKNOWN STEP	2026-10-03T09:55:58.2091821Z db-1      | create_uring failed: falling back to libaio
Docker E2E	UNKNOWN STEP	2026-10-03T09:55:58.2092278Z db-1      | 2026-10-03  9:54:17 0 [Note] InnoDB: Using Linux native AIO
Docker E2E	UNKNOWN STEP	2026-10-03T09:55:58.2092941Z db-1      | 2026-10-03  9:54:17 0 [Note] InnoDB: innodb_buffer_pool_size_max=8388608m, innodb_buffer_pool_size=128m
Docker E2E	UNKNOWN STEP	2026-10-03T09:55:58.2093646Z db-1      | 2026-10-03  9:54:17 0 [Note] InnoDB: Completed initialization of buffer pool
Docker E2E	UNKNOWN STEP	2026-10-03T09:55:58.2094357Z db-1      | 2026-10-03  9:54:17 0 [Note] InnoDB: File system buffers for log disabled (block size=4096 bytes)
Docker E2E	UNKNOWN STEP	2026-10-03T09:55:58.2094971Z db-1      | 2026-10-03  9:54:17 0 [Note] InnoDB: End of log at LSN=45093
Docker E2E	UNKNOWN STEP	2026-10-03T09:55:58.2095480Z db-1      | 2026-10-03  9:54:17 0 [Note] InnoDB: Opened 3 undo tablespaces
Docker E2E	UNKNOWN STEP	2026-10-03T09:55:58.2096093Z db-1      | 2026-10-03  9:54:17 0 [Note] InnoDB: 128 rollback segments in 3 undo tablespaces are active.
Docker E2E	UNKNOWN STEP	2026-10-03T09:55:58.2096955Z db-1      | 2026-10-03  9:54:17 0 [Note] InnoDB: Setting file './ibtmp1' size to 12.000MiB. Physically writing the file full; Please wait ...
Docker E2E	UNKNOWN STEP	2026-10-03T09:55:58.2097700Z db-1      | 2026-10-03  9:54:17 0 [Note] InnoDB: File './ibtmp1' size is now 12.000MiB.
Docker E2E	UNKNOWN STEP	2026-10-03T09:55:58.2098305Z db-1      | 2026-10-03  9:54:17 0 [Note] InnoDB: log sequence number 45093; transaction id 14
Docker E2E	UNKNOWN STEP	2026-10-03T09:55:58.2098854Z db-1      | 2026-10-03  9:54:17 0 [Note] Plugin 'FEEDBACK' is disabled.
Docker E2E	UNKNOWN STEP	2026-10-03T09:55:58.2099566Z db-1      | 2026-10-03  9:54:17 0 [Note] Plugin 'wsrep-provider' is disabled.
Docker E2E	UNKNOWN STEP	2026-10-03T09:55:58.2100242Z db-1      | 2026-10-03  9:54:18 0 [Note] mariadbd: Event Scheduler: Loaded 0 events
Docker E2E	UNKNOWN STEP	2026-10-03T09:55:58.2101166Z db-1      | 2026-10-03  9:54:18 0 [Note] Replication not automatically started: --skip-slave-start was specified
Docker E2E	UNKNOWN STEP	2026-10-03T09:55:58.2101814Z db-1      | 2026-10-03  9:54:18 0 [Note] mariadbd: ready for connections.
Docker E2E	UNKNOWN STEP	2026-10-03T09:55:58.2102542Z db-1      | Version: '13.0.2-MariaDB-ubu2604'  socket: '/run/mysqld/mysqld.sock'  port: 0  mariadb.org binary distribution
Docker E2E	UNKNOWN STEP	2026-10-03T09:55:58.2103253Z db-1      | 2026-10-03 09:54:18+00:00 [Note] [Entrypoint]: Temporary server started.
Docker E2E	UNKNOWN STEP	2026-10-03T09:55:58.2103820Z db-1      | 2026-10-03 09:54:19+00:00 [Note] [Entrypoint]: Creating database drupal
Docker E2E	UNKNOWN STEP	2026-10-03T09:55:58.2104357Z db-1      | 2026-10-03 09:54:19+00:00 [Note] [Entrypoint]: Creating user drupal
Docker E2E	UNKNOWN STEP	2026-10-03T09:55:58.2104968Z db-1      | 2026-10-03 09:54:19+00:00 [Note] [Entrypoint]: Giving user drupal access to schema drupal
Docker E2E	UNKNOWN STEP	2026-10-03T09:55:58.2105784Z db-1      | 2026-10-03 09:54:19+00:00 [Note] [Entrypoint]: Securing system users (equivalent to running mysql_secure_installation)
Docker E2E	UNKNOWN STEP	2026-10-03T09:55:58.2106313Z db-1      | 
Docker E2E	UNKNOWN STEP	2026-10-03T09:55:58.2106706Z db-1      | 2026-10-03 09:54:19+00:00 [Note] [Entrypoint]: Stopping temporary server
Docker E2E	UNKNOWN STEP	2026-10-03T09:55:58.2107298Z db-1      | 2026-10-03  9:54:19 0 [Note] mariadbd (initiated by: unknown): Normal shutdown
Docker E2E	UNKNOWN STEP	2026-10-03T09:55:58.2107984Z db-1      | 2026-10-03  9:54:19 0 [Note] InnoDB: FTS optimize thread exiting.
Docker E2E	UNKNOWN STEP	2026-10-03T09:55:58.2108479Z db-1      | 2026-10-03  9:54:19 0 [Note] InnoDB: Starting shutdown...
Docker E2E	UNKNOWN STEP	2026-10-03T09:55:58.2109085Z db-1      | 2026-10-03  9:54:19 0 [Note] InnoDB: Dumping buffer pool(s) to /var/lib/mysql/ib_buffer_pool
Docker E2E	UNKNOWN STEP	2026-10-03T09:55:58.2110005Z db-1      | 2026-10-03  9:54:19 0 [Note] InnoDB: Buffer pool(s) dump completed at 261003  9:54:19
Docker E2E	UNKNOWN STEP	2026-10-03T09:55:58.2110697Z db-1      | 2026-10-03  9:54:19 0 [Note] InnoDB: Removed temporary tablespace data file: "./ibtmp1"
Docker E2E	UNKNOWN STEP	2026-10-03T09:55:58.2111389Z db-1      | 2026-10-03  9:54:19 0 [Note] Shutdown completed; log sequence number 45450; transaction id 15
Docker E2E	UNKNOWN STEP	2026-10-03T09:55:58.2111970Z db-1      | 2026-10-03  9:54:19 0 [Note] mariadbd: Shutdown complete
Docker E2E	UNKNOWN STEP	2026-10-03T09:55:58.2112481Z db-1      | 2026-10-03 09:54:19+00:00 [Note] [Entrypoint]: Temporary server stopped
Docker E2E	UNKNOWN STEP	2026-10-03T09:55:58.2112856Z db-1      | 
Docker E2E	UNKNOWN STEP	2026-10-03T09:55:58.2113332Z db-1      | 2026-10-03 09:54:19+00:00 [Note] [Entrypoint]: MariaDB init process done. Ready for start up.
Docker E2E	UNKNOWN STEP	2026-10-03T09:55:58.2113760Z db-1      | 
Docker E2E	UNKNOWN STEP	2026-10-03T09:55:58.2114629Z db-1      | 2026-10-03  9:54:19 0 [Note] Starting MariaDB 13.0.2-MariaDB-ubu2604 source revision <hex> server_uid <id> as process 1
Docker E2E	UNKNOWN STEP	2026-10-03T09:55:58.2115561Z db-1      | 2026-10-03  9:54:19 0 [Note] InnoDB: Compressed tables use zlib 1.3.1
Docker E2E	UNKNOWN STEP	2026-10-03T09:55:58.2116104Z db-1      | 2026-10-03  9:54:19 0 [Note] InnoDB: Number of transaction pools: 1
Docker E2E	UNKNOWN STEP	2026-10-03T09:55:58.2116652Z db-1      | 2026-10-03  9:54:19 0 [Note] InnoDB: Using crc32 + pclmulqdq instructions
Docker E2E	UNKNOWN STEP	2026-10-03T09:55:58.2117922Z db-1      | 2026-10-03  9:54:19 0 [Warning] mariadbd: io_uring_queue_init() failed with EPERM: sysctl kernel.io_uring_disabled has the value 2, or 1 and the user of the process is not a member of sysctl kernel.io_uring_group. (see man 2 io_uring_setup).
Docker E2E	UNKNOWN STEP	2026-10-03T09:55:58.2118922Z db-1      | create_uring failed: falling back to libaio
Docker E2E	UNKNOWN STEP	2026-10-03T09:55:58.2119643Z db-1      | 2026-10-03  9:54:19 0 [Note] InnoDB: Using Linux native AIO
Docker E2E	UNKNOWN STEP	2026-10-03T09:55:58.2120337Z db-1      | 2026-10-03  9:54:19 0 [Note] InnoDB: innodb_buffer_pool_size_max=8388608m, innodb_buffer_pool_size=128m
Docker E2E	UNKNOWN STEP	2026-10-03T09:55:58.2121027Z db-1      | 2026-10-03  9:54:19 0 [Note] InnoDB: Completed initialization of buffer pool
Docker E2E	UNKNOWN STEP	2026-10-03T09:55:58.2121705Z db-1      | 2026-10-03  9:54:19 0 [Note] InnoDB: File system buffers for log disabled (block size=4096 bytes)
Docker E2E	UNKNOWN STEP	2026-10-03T09:55:58.2122300Z db-1      | 2026-10-03  9:54:19 0 [Note] InnoDB: End of log at LSN=45450
Docker E2E	UNKNOWN STEP	2026-10-03T09:55:58.2122797Z db-1      | 2026-10-03  9:54:19 0 [Note] InnoDB: Opened 3 undo tablespaces
Docker E2E	UNKNOWN STEP	2026-10-03T09:55:58.2123555Z db-1      | 2026-10-03  9:54:19 0 [Note] InnoDB: 128 rollback segments in 3 undo tablespaces are active.
Docker E2E	UNKNOWN STEP	2026-10-03T09:55:58.2124415Z db-1      | 2026-10-03  9:54:19 0 [Note] InnoDB: Setting file './ibtmp1' size to 12.000MiB. Physically writing the file full; Please wait ...
Docker E2E	UNKNOWN STEP	2026-10-03T09:55:58.2125159Z db-1      | 2026-10-03  9:54:19 0 [Note] InnoDB: File './ibtmp1' size is now 12.000MiB.
Docker E2E	UNKNOWN STEP	2026-10-03T09:55:58.2125770Z db-1      | 2026-10-03  9:54:19 0 [Note] InnoDB: log sequence number 45450; transaction id 15
Docker E2E	UNKNOWN STEP	2026-10-03T09:55:58.2126443Z db-1      | 2026-10-03  9:54:19 0 [Note] InnoDB: Loading buffer pool(s) from /var/lib/mysql/ib_buffer_pool
Docker E2E	UNKNOWN STEP	2026-10-03T09:55:58.2127026Z db-1      | 2026-10-03  9:54:19 0 [Note] Plugin 'FEEDBACK' is disabled.
Docker E2E	UNKNOWN STEP	2026-10-03T09:55:58.2127535Z db-1      | 2026-10-03  9:54:19 0 [Note] Plugin 'wsrep-provider' is disabled.
Docker E2E	UNKNOWN STEP	2026-10-03T09:55:58.2128152Z db-1      | 2026-10-03  9:54:19 0 [Note] InnoDB: Buffer pool(s) load completed at 261003  9:54:19
Docker E2E	UNKNOWN STEP	2026-10-03T09:55:58.2128810Z db-1      | 2026-10-03  9:54:19 0 [Note] Server socket created on IP: '<ip>', port: '3306'.
Docker E2E	UNKNOWN STEP	2026-10-03T09:55:58.2129764Z db-1      | 2026-10-03  9:54:19 0 [Note] Server socket created on IP: '::', port: '3306'.
Docker E2E	UNKNOWN STEP	2026-10-03T09:55:58.2130686Z db-1      | 2026-10-03  9:54:19 0 [Note] mariadbd: Event Scheduler: Loaded 0 events
Docker E2E	UNKNOWN STEP	2026-10-03T09:55:58.2131231Z db-1      | 2026-10-03  9:54:19 0 [Note] mariadbd: ready for connections.
Docker E2E	UNKNOWN STEP	2026-10-03T09:55:58.2131971Z db-1      | Version: '13.0.2-MariaDB-ubu2604'  socket: '/run/mysqld/mysqld.sock'  port: 3306  mariadb.org binary distribution
Docker E2E	UNKNOWN STEP	2026-10-03T09:55:58.2158024Z ##[group]Run nproc
Docker E2E	UNKNOWN STEP	2026-10-03T09:55:58.2158291Z ^[[36;1mnproc^[[0m
Docker E2E	UNKNOWN STEP	2026-10-03T09:55:58.2158502Z ^[[36;1mfree -m^[[0m
Docker E2E	UNKNOWN STEP	2026-10-03T09:55:58.2158713Z ^[[36;1mdf -h / /tmp^[[0m
Docker E2E	UNKNOWN STEP	2026-10-03T09:55:58.2158959Z ^[[36;1mdocker stats --no-stream || true^[[0m
Docker E2E	UNKNOWN STEP	2026-10-03T09:55:58.2159260Z ^[[36;1mps aux --sort=-rss | head -15^[[0m
Docker E2E	UNKNOWN STEP	2026-10-03T09:55:58.2159932Z ^[[36;1msudo dmesg | tail -60 || true^[[0m
Docker E2E	UNKNOWN STEP	2026-10-03T09:55:58.2160403Z ^[[36;1msudo dmesg | grep -iE 'oom|killed process|segfault|sigbus|trap' || true^[[0m
Docker E2E	UNKNOWN STEP	2026-10-03T09:55:58.2221692Z shell: /usr/bin/bash -e {0}
Docker E2E	UNKNOWN STEP	2026-10-03T09:55:58.2222017Z env:
Docker E2E	UNKNOWN STEP	2026-10-03T09:55:58.2222213Z   REQUIRE_DOCKER: 1
Docker E2E	UNKNOWN STEP	2026-10-03T09:55:58.2222434Z   CC_FORK: false
Docker E2E	UNKNOWN STEP	2026-10-03T09:55:58.2222747Z   CC_TOKEN: ***
Docker E2E	UNKNOWN STEP	2026-10-03T09:55:58.2222953Z   CC_BRANCH: 
Docker E2E	UNKNOWN STEP	2026-10-03T09:55:58.2223141Z   CC_SHA: 
Docker E2E	UNKNOWN STEP	2026-10-03T09:55:58.2223322Z   CC_PR: 
Docker E2E	UNKNOWN STEP	2026-10-03T09:55:58.2223508Z ##[endgroup]
Docker E2E	UNKNOWN STEP	2026-10-03T09:55:58.2315255Z 4
Docker E2E	UNKNOWN STEP	2026-10-03T09:55:58.2333156Z                total        used        free      shared  buff/cache   available
Docker E2E	UNKNOWN STEP	2026-10-03T09:55:58.2333786Z Mem:           15989        1414        8293          88        6716       14574
Docker E2E	UNKNOWN STEP	2026-10-03T09:55:58.2334258Z Swap:           3071           0        3071
Docker E2E	UNKNOWN STEP	2026-10-03T09:55:58.3206582Z Filesystem      Size  Used Avail Use% Mounted on
Docker E2E	UNKNOWN STEP	2026-10-03T09:55:58.3207426Z /dev/root       145G   62G   83G  43% /
Docker E2E	UNKNOWN STEP	2026-10-03T09:55:58.3208054Z /dev/root       145G   62G   83G  43% /
Docker E2E	UNKNOWN STEP	2026-10-03T09:56:00.8534908Z CONTAINER ID   NAME              CPU %     MEM USAGE / LIMIT     MEM %     NET I/O           BLOCK I/O         PIDS
Docker E2E	UNKNOWN STEP	2026-10-03T09:56:00.8537135Z 3af5f0b2fba5   docker-drupal-1   0.00%     95.7MiB / 15.61GiB    0.60%     42.5MB / 15.5MB   0B / 193MB        8
Docker E2E	UNKNOWN STEP	2026-10-03T09:56:00.8539285Z 004dc78dc0d6   docker-db-1       0.01%     144.7MiB / 15.61GiB   0.91%     8.9MB / 15.2MB    6.15MB / 37.7MB   16
Docker E2E	UNKNOWN STEP	2026-10-03T09:56:00.8683292Z USER         PID %CPU %MEM    VSZ   RSS TTY      STAT START   TIME COMMAND
Docker E2E	UNKNOWN STEP	2026-10-03T09:56:00.8685155Z 999         3445  1.6  1.0 8591384260 177208 ?   Ssl  09:54   0:01 mariadbd --character-set-server=utf8mb4 --collation-server=utf8mb4_general_ci --sql-mode=STRICT_TRANS_TABLES,NO_ENGINE_SUBSTITUTION
Docker E2E	UNKNOWN STEP	2026-10-03T09:56:00.8686673Z root        2165  9.4  0.8 1496736 146648 ?      Sl   09:51   0:24 /tmp/provjobd3100692745
Docker E2E	UNKNOWN STEP	2026-10-03T09:56:00.8688671Z runner      2218  2.2  0.8 274648316 146240 ?    Sl   09:51   0:05 /home/runner/actions-runner/cached/2.337.0/bin/Runner.Worker spawnclient 142 145
Docker E2E	UNKNOWN STEP	2026-10-03T09:56:00.8691184Z root        1251 11.7  0.6 2537800 108268 ?      Ssl  09:51   0:32 /usr/bin/dockerd -H fd:// --containerd=/run/containerd/containerd.sock
Docker E2E	UNKNOWN STEP	2026-10-03T09:56:00.8692410Z runner      2197  0.5  0.5 274345204 97504 ?     Sl   09:51   0:01 /home/runner/actions-runner/cached/2.337.0/bin/Runner.Listener run
Docker E2E	UNKNOWN STEP	2026-10-03T09:56:00.8693389Z www-data    4570  1.0  0.4 233196 67224 ?        S    09:54   0:00 apache2 -DFOREGROUND
Docker E2E	UNKNOWN STEP	2026-10-03T09:56:00.8694163Z www-data    4571  0.1  0.3 226304 52448 ?        S    09:54   0:00 apache2 -DFOREGROUND
Docker E2E	UNKNOWN STEP	2026-10-03T09:56:00.8694907Z root        1127  0.2  0.3 2043228 52076 ?       Ssl  09:51   0:00 /usr/bin/containerd
Docker E2E	UNKNOWN STEP	2026-10-03T09:56:00.8695830Z root        1011  0.0  0.3 295288 51808 ?        Ss   09:51   0:00 php-fpm: master process (/etc/php/8.3/fpm/php-fpm.conf)
Docker E2E	UNKNOWN STEP	2026-10-03T09:56:00.8696546Z root         222  0.0  0.2 305388 43716 ?        SLsl 09:51   0:00 /sbin/multipathd -d -s
Docker E2E	UNKNOWN STEP	2026-10-03T09:56:00.8697099Z root        3694  0.0  0.2 223304 43472 ?        Ss   09:54   0:00 apache2 -DFOREGROUND
Docker E2E	UNKNOWN STEP	2026-10-03T09:56:00.8697854Z root        1866  0.3  0.2 454664 38360 ?        Sl   09:51   0:00 /usr/bin/python3 -u bin/WALinuxAgent-<ip>-py3.12.egg -run-exthandlers
Docker E2E	UNKNOWN STEP	2026-10-03T09:56:00.8698945Z root        1060  0.1  0.1  39488 31632 ?        Ss   09:51   0:00 /usr/bin/python3 -u /usr/sbin/waagent -daemon
Docker E2E	UNKNOWN STEP	2026-10-03T09:56:00.8699965Z www-data    1239  0.0  0.1 295892 21528 ?        S    09:51   0:00 php-fpm: pool www
Docker E2E	UNKNOWN STEP	2026-10-03T09:56:00.8792803Z [    9.898218] EXT4-fs (sda1): resizing filesystem from 19398395 to 39059195 blocks
Docker E2E	UNKNOWN STEP	2026-10-03T09:56:00.8793467Z [   10.859159] EXT4-fs (sda1): resized filesystem to 39059195
Docker E2E	UNKNOWN STEP	2026-10-03T09:56:00.8793917Z [   10.875336] ephemeral0: Can't lookup blockdev
Docker E2E	UNKNOWN STEP	2026-10-03T09:56:00.8794926Z [   10.924850] systemd-fstab-generator[966]: Checking was requested for "ephemeral0", but it is not a device.
Docker E2E	UNKNOWN STEP	2026-10-03T09:56:00.8796287Z [   10.924862] systemd-fstab-generator[966]: x-systemd.device-timeout ignored for ephemeral0
Docker E2E	UNKNOWN STEP	2026-10-03T09:56:00.8797209Z [   12.250127] ephemeral0: Can't lookup blockdev
Docker E2E	UNKNOWN STEP	2026-10-03T09:56:00.8797952Z [   12.389041] kauditd_printk_skb: 113 callbacks suppressed
Docker E2E	UNKNOWN STEP	2026-10-03T09:56:00.8800292Z [   12.389045] audit: type=1400 audit(1791021087.648:124): apparmor="STATUS" operation="profile_replace" info="same as current profile, skipping" profile="unconfined" name="rsyslogd" pid=1047 comm="apparmor_parser"
Docker E2E	UNKNOWN STEP	2026-10-03T09:56:00.8801889Z [   12.409524] evm: overlay not supported
Docker E2E	UNKNOWN STEP	2026-10-03T09:56:00.8802618Z [   12.681518] loop0: detected capacity change from 0 to 8
Docker E2E	UNKNOWN STEP	2026-10-03T09:56:00.8804710Z [   12.949100] audit: type=1400 audit(1791021088.211:125): apparmor="STATUS" operation="profile_replace" info="same as current profile, skipping" profile="unconfined" name="/usr/lib/snapd/snap-confine" pid=1250 comm="apparmor_parser"
Docker E2E	UNKNOWN STEP	2026-10-03T09:56:00.8806756Z [   13.171517] Adding 3145724k swap on /swapfile.  Priority:-2 extents:109 across:59351036k 
Docker E2E	UNKNOWN STEP	2026-10-03T09:56:00.8808553Z [   13.273114] audit: type=1400 audit(1791021088.535:126): apparmor="STATUS" operation="profile_load" profile="unconfined" name="docker-default" pid=1466 comm="apparmor_parser"
Docker E2E	UNKNOWN STEP	2026-10-03T09:56:00.8811203Z [   13.341893] systemd-journald[157]: /var/log/journal/<hex>/user-1001.journal: Journal file uses a different sequence number ID, rotating.
Docker E2E	UNKNOWN STEP	2026-10-03T09:56:00.8812606Z [   13.677013] Initializing XFRM netlink socket
Docker E2E	UNKNOWN STEP	2026-10-03T09:56:00.8814031Z [   13.844210] bridge: filtering via arp/ip/ip6tables is no longer available by default. Update your scripts to load br_netfilter if you need this.
Docker E2E	UNKNOWN STEP	2026-10-03T09:56:00.8815726Z [   14.237043] systemd-fstab-generator[1821]: Checking was requested for "ephemeral0", but it is not a device.
Docker E2E	UNKNOWN STEP	2026-10-03T09:56:00.8817093Z [   14.237056] systemd-fstab-generator[1821]: x-systemd.device-timeout ignored for ephemeral0
Docker E2E	UNKNOWN STEP	2026-10-03T09:56:00.8818485Z [   26.147006] systemd-fstab-generator[2048]: Checking was requested for "ephemeral0", but it is not a device.
Docker E2E	UNKNOWN STEP	2026-10-03T09:56:00.8820084Z [   26.147020] systemd-fstab-generator[2048]: x-systemd.device-timeout ignored for ephemeral0
Docker E2E	UNKNOWN STEP	2026-10-03T09:56:00.8821509Z [   26.401746] systemd-fstab-generator[2107]: Checking was requested for "ephemeral0", but it is not a device.
Docker E2E	UNKNOWN STEP	2026-10-03T09:56:00.8822968Z [   26.401760] systemd-fstab-generator[2107]: x-systemd.device-timeout ignored for ephemeral0
Docker E2E	UNKNOWN STEP	2026-10-03T09:56:00.8824066Z [   36.770791] hv_netvsc <uuid> eth0: VF slot 1 added
Docker E2E	UNKNOWN STEP	2026-10-03T09:56:00.8825235Z [   36.772487] hv_pci <uuid>: PCI VMBus probing: Using version 0x10004
Docker E2E	UNKNOWN STEP	2026-10-03T09:56:00.8826478Z [   36.774801] hv_pci <uuid>: PCI host bridge to bus ca0f:00
Docker E2E	UNKNOWN STEP	2026-10-03T09:56:00.8827630Z [   36.774806] pci_bus ca0f:00: root bus resource [mem 0xfc0000000-0xfc00fffff window]
Docker E2E	UNKNOWN STEP	2026-10-03T09:56:00.8828714Z [   36.774810] pci_bus ca0f:00: No busn resource found for root bus, will use [bus 00-ff]
Docker E2E	UNKNOWN STEP	2026-10-03T09:56:00.8830037Z [   36.777579] pci ca0f:00:02.0: [15b3:1016] type 00 class 0x020000 PCIe Endpoint
Docker E2E	UNKNOWN STEP	2026-10-03T09:56:00.8831053Z [   36.782193] pci ca0f:00:02.0: BAR 0 [mem 0xfc0000000-0xfc00fffff 64bit pref]
Docker E2E	UNKNOWN STEP	2026-10-03T09:56:00.8831913Z [   36.783048] pci ca0f:00:02.0: enabling Extended Tags
Docker E2E	UNKNOWN STEP	2026-10-03T09:56:00.8833689Z [   36.792415] pci ca0f:00:02.0: 0.000 Gb/s available PCIe bandwidth, limited by Unknown x0 link at ca0f:00:02.0 (capable of 63.008 Gb/s with 8.0 GT/s PCIe x8 link)
Docker E2E	UNKNOWN STEP	2026-10-03T09:56:00.8835116Z [   36.799374] pci_bus ca0f:00: busn_res: [bus 00-ff] end is updated to 00
Docker E2E	UNKNOWN STEP	2026-10-03T09:56:00.8836351Z [   36.799386] pci ca0f:00:02.0: BAR 0 [mem 0xfc0000000-0xfc00fffff 64bit pref]: assigned
Docker E2E	UNKNOWN STEP	2026-10-03T09:56:00.8837329Z [   37.031449] mlx5_core ca0f:00:02.0: enabling device (0000 -> 0002)
Docker E2E	UNKNOWN STEP	2026-10-03T09:56:00.8838215Z [   37.035416] mlx5_core ca0f:00:02.0: firmware version: 14.30.5034
Docker E2E	UNKNOWN STEP	2026-10-03T09:56:00.8839360Z [   37.176334] mlx5_core ca0f:00:02.0: Flow counters bulk query buffer size increased, bulk_query_len(8)
Docker E2E	UNKNOWN STEP	2026-10-03T09:56:00.8840870Z [   37.258035] hv_netvsc <uuid> eth0: VF registering: eth1
Docker E2E	UNKNOWN STEP	2026-10-03T09:56:00.8841822Z [   37.258084] mlx5_core ca0f:00:02.0 eth1: joined to eth0
Docker E2E	UNKNOWN STEP	2026-10-03T09:56:00.8842858Z [   37.258916] mlx5_core ca0f:00:02.0: MLX5E: StrdRq(0) RqSz(1024) StrdSz(256) RxCqeCmprss(0 basic)
Docker E2E	UNKNOWN STEP	2026-10-03T09:56:00.8843921Z [   37.273539] mlx5_core ca0f:00:02.0 enP51727s1: renamed from eth1
Docker E2E	UNKNOWN STEP	2026-10-03T09:56:00.8844614Z [   37.302793] MACsec IEEE 802.1AE
Docker E2E	UNKNOWN STEP	2026-10-03T09:56:00.8845259Z [   37.425249] mlx5_core ca0f:00:02.0 enP51727s1: Link up
Docker E2E	UNKNOWN STEP	2026-10-03T09:56:00.8846377Z [   37.454710] hv_netvsc <uuid> eth0: Data path switched to VF: enP51727s1
Docker E2E	UNKNOWN STEP	2026-10-03T09:56:00.8847469Z [   37.455342] mlx5_core ca0f:00:02.0 mlx5_0: Port: 1 Link ACTIVE
Docker E2E	UNKNOWN STEP	2026-10-03T09:56:00.8848972Z [   49.008994] overlayfs: lowerdir is in-use as upperdir/workdir of another mount, accessing files from both mounts will result in undefined behavior.
Docker E2E	UNKNOWN STEP	2026-10-03T09:56:00.8850568Z [   49.410699] hv_balloon: Max. dynamic memory size: 16384 MB
Docker E2E	UNKNOWN STEP	2026-10-03T09:56:00.8851501Z [  181.506021] br-7feb224e319e: port 1(vethc7c87d7) entered blocking state
Docker E2E	UNKNOWN STEP	2026-10-03T09:56:00.8852529Z [  181.506030] br-7feb224e319e: port 1(vethc7c87d7) entered disabled state
Docker E2E	UNKNOWN STEP	2026-10-03T09:56:00.8853388Z [  181.506060] vethc7c87d7: entered allmulticast mode
Docker E2E	UNKNOWN STEP	2026-10-03T09:56:00.8854108Z [  181.506464] vethc7c87d7: entered promiscuous mode
Docker E2E	UNKNOWN STEP	2026-10-03T09:56:00.8854800Z [  181.530520] eth0: renamed from veth60a5581
Docker E2E	UNKNOWN STEP	2026-10-03T09:56:00.8855655Z [  181.531140] br-7feb224e319e: port 1(vethc7c87d7) entered blocking state
Docker E2E	UNKNOWN STEP	2026-10-03T09:56:00.8856647Z [  181.531146] br-7feb224e319e: port 1(vethc7c87d7) entered forwarding state
Docker E2E	UNKNOWN STEP	2026-10-03T09:56:00.8857643Z [  185.159049] br-7feb224e319e: port 2(vethed308a5) entered blocking state
Docker E2E	UNKNOWN STEP	2026-10-03T09:56:00.8858626Z [  185.159055] br-7feb224e319e: port 2(vethed308a5) entered disabled state
Docker E2E	UNKNOWN STEP	2026-10-03T09:56:00.8859769Z [  185.159071] vethed308a5: entered allmulticast mode
Docker E2E	UNKNOWN STEP	2026-10-03T09:56:00.8860494Z [  185.159146] vethed308a5: entered promiscuous mode
Docker E2E	UNKNOWN STEP	2026-10-03T09:56:00.8861137Z [  185.179559] eth0: renamed from vethe2a8440
Docker E2E	UNKNOWN STEP	2026-10-03T09:56:00.8861944Z [  185.180367] br-7feb224e319e: port 2(vethed308a5) entered blocking state
Docker E2E	UNKNOWN STEP	2026-10-03T09:56:00.8862908Z [  185.180372] br-7feb224e319e: port 2(vethed308a5) entered forwarding state
Docker E2E	UNKNOWN STEP	2026-10-03T09:56:00.8962249Z ##[group]Run docker compose -f docker/compose.yml down -v --remove-orphans
Docker E2E	UNKNOWN STEP	2026-10-03T09:56:00.8962858Z ^[[36;1mdocker compose -f docker/compose.yml down -v --remove-orphans^[[0m
Docker E2E	UNKNOWN STEP	2026-10-03T09:56:00.9024663Z shell: /usr/bin/bash -e {0}
Docker E2E	UNKNOWN STEP	2026-10-03T09:56:00.9024928Z env:
Docker E2E	UNKNOWN STEP	2026-10-03T09:56:00.9025128Z   REQUIRE_DOCKER: 1
Docker E2E	UNKNOWN STEP	2026-10-03T09:56:00.9025346Z   CC_FORK: false
Docker E2E	UNKNOWN STEP	2026-10-03T09:56:00.9025662Z   CC_TOKEN: ***
Docker E2E	UNKNOWN STEP	2026-10-03T09:56:00.9025875Z   CC_BRANCH: 
Docker E2E	UNKNOWN STEP	2026-10-03T09:56:00.9026068Z   CC_SHA: 
Docker E2E	UNKNOWN STEP	2026-10-03T09:56:00.9026245Z   CC_PR: 
Docker E2E	UNKNOWN STEP	2026-10-03T09:56:00.9026433Z ##[endgroup]
Docker E2E	UNKNOWN STEP	2026-10-03T09:56:00.9788538Z  Container docker-drupal-1  Stopping
Docker E2E	UNKNOWN STEP	2026-10-03T09:56:02.2072331Z  Container docker-drupal-1  Stopped
Docker E2E	UNKNOWN STEP	2026-10-03T09:56:02.2072868Z  Container docker-drupal-1  Removing
Docker E2E	UNKNOWN STEP	2026-10-03T09:56:02.5148247Z  Container docker-drupal-1  Removed
Docker E2E	UNKNOWN STEP	2026-10-03T09:56:02.5148904Z  Container docker-db-1  Stopping
Docker E2E	UNKNOWN STEP	2026-10-03T09:56:02.6845030Z  Container docker-db-1  Stopped
Docker E2E	UNKNOWN STEP	2026-10-03T09:56:02.6846612Z  Container docker-db-1  Removing
Docker E2E	UNKNOWN STEP	2026-10-03T09:56:02.7315710Z  Container docker-db-1  Removed
Docker E2E	UNKNOWN STEP	2026-10-03T09:56:02.7323071Z  Network docker_default  Removing
Docker E2E	UNKNOWN STEP	2026-10-03T09:56:02.8205619Z  Network docker_default  Removed
Docker E2E	UNKNOWN STEP	2026-10-03T09:56:02.8340823Z Post job cleanup.
Docker E2E	UNKNOWN STEP	2026-10-03T09:56:02.9180973Z [command]/usr/bin/git version
Docker E2E	UNKNOWN STEP	2026-10-03T09:56:02.9233808Z git version 2.55.0
Docker E2E	UNKNOWN STEP	2026-10-03T09:56:02.9267121Z Copying '/home/runner/.gitconfig' to '/home/runner/work/_temp/<uuid>/.gitconfig'
Docker E2E	UNKNOWN STEP	2026-10-03T09:56:02.9278332Z Temporarily overriding HOME='/home/runner/work/_temp/<uuid>' before making global git config changes
Docker E2E	UNKNOWN STEP	2026-10-03T09:56:02.9280407Z Adding repository directory to the temporary git global config as a safe directory
Docker E2E	UNKNOWN STEP	2026-10-03T09:56:02.9284569Z [command]/usr/bin/git config --global --add safe.directory /home/runner/work/drangler/drangler
Docker E2E	UNKNOWN STEP	2026-10-03T09:56:02.9320122Z Removing SSH command configuration
Docker E2E	UNKNOWN STEP	2026-10-03T09:56:02.9327336Z [command]/usr/bin/git config --local --name-only --get-regexp core\.sshCommand
Docker E2E	UNKNOWN STEP	2026-10-03T09:56:02.9368167Z [command]/usr/bin/git submodule foreach --recursive sh -c "git config --local --name-only --get-regexp 'core\.sshCommand' && git config --local --unset-all 'core.sshCommand' || :"
Docker E2E	UNKNOWN STEP	2026-10-03T09:56:02.9616515Z Removing HTTP extra header
Docker E2E	UNKNOWN STEP	2026-10-03T09:56:02.9623617Z [command]/usr/bin/git config --local --name-only --get-regexp http\.https\:\/\/github\.com\/\.extraheader
Docker E2E	UNKNOWN STEP	2026-10-03T09:56:02.9673442Z [command]/usr/bin/git submodule foreach --recursive sh -c "git config --local --name-only --get-regexp 'http\.https\:\/\/github\.com\/\.extraheader' && git config --local --unset-all 'http.https://github.com/.extraheader' || :"
Docker E2E	UNKNOWN STEP	2026-10-03T09:56:02.9948640Z Removing includeIf entries pointing to credentials config files
Docker E2E	UNKNOWN STEP	2026-10-03T09:56:02.9956017Z [command]/usr/bin/git config --local --name-only --get-regexp ^includeIf\.gitdir:
Docker E2E	UNKNOWN STEP	2026-10-03T09:56:02.9993013Z includeif.gitdir:/home/runner/work/drangler/drangler/.git.path
Docker E2E	UNKNOWN STEP	2026-10-03T09:56:02.9994190Z includeif.gitdir:/home/runner/work/drangler/drangler/.git/worktrees/*.path
Docker E2E	UNKNOWN STEP	2026-10-03T09:56:02.9995227Z includeif.gitdir:/github/workspace/.git.path
Docker E2E	UNKNOWN STEP	2026-10-03T09:56:02.9996390Z includeif.gitdir:/github/workspace/.git/worktrees/*.path
Docker E2E	UNKNOWN STEP	2026-10-03T09:56:03.0002908Z [command]/usr/bin/git config --local --get-all includeif.gitdir:/home/runner/work/drangler/drangler/.git.path
Docker E2E	UNKNOWN STEP	2026-10-03T09:56:03.0030027Z /home/runner/work/_temp/git-credentials-<uuid>.config
Docker E2E	UNKNOWN STEP	2026-10-03T09:56:03.0042743Z [command]/usr/bin/git config --local --unset includeif.gitdir:/home/runner/work/drangler/drangler/.git.path \/home\/runner\/work\/_temp\/git\-credentials\-<uuid>\.config
Docker E2E	UNKNOWN STEP	2026-10-03T09:56:03.0086854Z [command]/usr/bin/git config --local --get-all includeif.gitdir:/home/runner/work/drangler/drangler/.git/worktrees/*.path
Docker E2E	UNKNOWN STEP	2026-10-03T09:56:03.0117200Z /home/runner/work/_temp/git-credentials-<uuid>.config
Docker E2E	UNKNOWN STEP	2026-10-03T09:56:03.0134522Z [command]/usr/bin/git config --local --unset includeif.gitdir:/home/runner/work/drangler/drangler/.git/worktrees/*.path \/home\/runner\/work\/_temp\/git\-credentials\-<uuid>\.config
Docker E2E	UNKNOWN STEP	2026-10-03T09:56:03.0179683Z [command]/usr/bin/git config --local --get-all includeif.gitdir:/github/workspace/.git.path
Docker E2E	UNKNOWN STEP	2026-10-03T09:56:03.0212673Z /github/runner_temp/git-credentials-<uuid>.config
Docker E2E	UNKNOWN STEP	2026-10-03T09:56:03.0220392Z [command]/usr/bin/git config --local --unset includeif.gitdir:/github/workspace/.git.path \/github\/runner_temp\/git\-credentials\-<uuid>\.config
Docker E2E	UNKNOWN STEP	2026-10-03T09:56:03.0280825Z [command]/usr/bin/git config --local --get-all includeif.gitdir:/github/workspace/.git/worktrees/*.path
Docker E2E	UNKNOWN STEP	2026-10-03T09:56:03.0288024Z /github/runner_temp/git-credentials-<uuid>.config
Docker E2E	UNKNOWN STEP	2026-10-03T09:56:03.0296863Z [command]/usr/bin/git config --local --unset includeif.gitdir:/github/workspace/.git/worktrees/*.path \/github\/runner_temp\/git\-credentials\-<uuid>\.config
Docker E2E	UNKNOWN STEP	2026-10-03T09:56:03.0338940Z [command]/usr/bin/git submodule foreach --recursive git config --local --show-origin --name-only --get-regexp remote.origin.url
Docker E2E	UNKNOWN STEP	2026-10-03T09:56:03.0565991Z Removing credentials config '/home/runner/work/_temp/git-credentials-<uuid>.config'
Docker E2E	UNKNOWN STEP	2026-10-03T09:56:03.0717595Z Cleaning up orphan processes
Live Clone	UNKNOWN STEP	2026-10-03T09:51:45.2555838Z Current runner version: '2.337.0'
Live Clone	UNKNOWN STEP	2026-10-03T09:51:45.2581342Z ##[group]Runner Image Provisioner
Live Clone	UNKNOWN STEP	2026-10-03T09:51:45.2582208Z Hosted Compute Agent
Live Clone	UNKNOWN STEP	2026-10-03T09:51:45.2582913Z Version: 20260901.588
Live Clone	UNKNOWN STEP	2026-10-03T09:51:45.2583578Z Commit: <hex>
Live Clone	UNKNOWN STEP	2026-10-03T09:51:45.2584306Z Build Date: 2026-09-01T19:56:44Z
Live Clone	UNKNOWN STEP	2026-10-03T09:51:45.2585051Z Worker ID: {<uuid>}
Live Clone	UNKNOWN STEP	2026-10-03T09:51:45.2585780Z Azure Region: westus
Live Clone	UNKNOWN STEP	2026-10-03T09:51:45.2586406Z ##[endgroup]
Live Clone	UNKNOWN STEP	2026-10-03T09:51:45.2588455Z ##[group]Operating System
Live Clone	UNKNOWN STEP	2026-10-03T09:51:45.2589116Z Ubuntu
Live Clone	UNKNOWN STEP	2026-10-03T09:51:45.2589713Z 24.04.5
Live Clone	UNKNOWN STEP	2026-10-03T09:51:45.2590227Z LTS
Live Clone	UNKNOWN STEP	2026-10-03T09:51:45.2590760Z ##[endgroup]
Live Clone	UNKNOWN STEP	2026-10-03T09:51:45.2591374Z ##[group]Runner Image
Live Clone	UNKNOWN STEP	2026-10-03T09:51:45.2591971Z Image: ubuntu-24.04
Live Clone	UNKNOWN STEP	2026-10-03T09:51:45.2592565Z Version: 20260927.320.1
Live Clone	UNKNOWN STEP	2026-10-03T09:51:45.2593880Z Included Software: https://github.com/actions/runner-images/blob/ubuntu24/20260927.320/images/ubuntu/Ubuntu2404-Readme.md
Live Clone	UNKNOWN STEP	2026-10-03T09:51:45.2595554Z Image Release: https://github.com/actions/runner-images/releases/tag/ubuntu24%2F20260927.320
Live Clone	UNKNOWN STEP	2026-10-03T09:51:45.2596908Z ##[endgroup]
Live Clone	UNKNOWN STEP	2026-10-03T09:51:45.2598298Z ##[group]GITHUB_TOKEN Permissions
Live Clone	UNKNOWN STEP	2026-10-03T09:51:45.2600339Z Contents: read
Live Clone	UNKNOWN STEP	2026-10-03T09:51:45.2601055Z Metadata: read
Live Clone	UNKNOWN STEP	2026-10-03T09:51:45.2601684Z ##[endgroup]
Live Clone	UNKNOWN STEP	2026-10-03T09:51:45.2603787Z Secret source: Actions
Live Clone	UNKNOWN STEP	2026-10-03T09:51:45.2604877Z Cache mode: write
Live Clone	UNKNOWN STEP	2026-10-03T09:51:45.2605604Z Prepare workflow directory
Live Clone	UNKNOWN STEP	2026-10-03T09:51:45.3023129Z Prepare all required actions
Live Clone	UNKNOWN STEP	2026-10-03T09:51:45.3072918Z Getting action download info
Live Clone	UNKNOWN STEP	2026-10-03T09:51:45.6901868Z Download action repository 'actions/checkout@v7' (SHA:<hex>)
Live Clone	UNKNOWN STEP	2026-10-03T09:51:45.8020518Z Download action repository 'oven-sh/setup-bun@v2' (SHA:<hex>)
Live Clone	UNKNOWN STEP	2026-10-03T09:51:46.2768735Z Complete job name: Live Clone
Live Clone	UNKNOWN STEP	2026-10-03T09:51:46.3575879Z ##[group]Run actions/checkout@v7
Live Clone	UNKNOWN STEP	2026-10-03T09:51:46.3577088Z with:
Live Clone	UNKNOWN STEP	2026-10-03T09:51:46.3577641Z   repository: <org>/drangler
Live Clone	UNKNOWN STEP	2026-10-03T09:51:46.3581647Z   token: ***
Live Clone	UNKNOWN STEP	2026-10-03T09:51:46.3582134Z   ssh-strict: true
Live Clone	UNKNOWN STEP	2026-10-03T09:51:46.3582619Z   ssh-user: git
Live Clone	UNKNOWN STEP	2026-10-03T09:51:46.3583107Z   persist-credentials: true
Live Clone	UNKNOWN STEP	2026-10-03T09:51:46.3583641Z   clean: true
Live Clone	UNKNOWN STEP	2026-10-03T09:51:46.3584128Z   sparse-checkout-cone-mode: true
Live Clone	UNKNOWN STEP	2026-10-03T09:51:46.3584751Z   fetch-depth: 1
Live Clone	UNKNOWN STEP	2026-10-03T09:51:46.3585238Z   fetch-tags: false
Live Clone	UNKNOWN STEP	2026-10-03T09:51:46.3585737Z   show-progress: true
Live Clone	UNKNOWN STEP	2026-10-03T09:51:46.3586224Z   lfs: false
Live Clone	UNKNOWN STEP	2026-10-03T09:51:46.3586863Z   submodules: false
Live Clone	UNKNOWN STEP	2026-10-03T09:51:46.3587391Z   set-safe-directory: true
Live Clone	UNKNOWN STEP	2026-10-03T09:51:46.3587957Z   allow-unsafe-pr-checkout: false
Live Clone	UNKNOWN STEP	2026-10-03T09:51:46.3588795Z env:
Live Clone	UNKNOWN STEP	2026-10-03T09:51:46.3589260Z   REQUIRE_CLONE: 1
Live Clone	UNKNOWN STEP	2026-10-03T09:51:46.3589746Z ##[endgroup]
Live Clone	UNKNOWN STEP	2026-10-03T09:51:46.4628611Z Syncing repository: <org>/drangler
Live Clone	UNKNOWN STEP	2026-10-03T09:51:46.4631797Z ##[group]Getting Git version info
Live Clone	UNKNOWN STEP	2026-10-03T09:51:46.4633409Z Working directory is '/home/runner/work/drangler/drangler'
Live Clone	UNKNOWN STEP	2026-10-03T09:51:46.4635665Z [command]/usr/bin/git version
Live Clone	UNKNOWN STEP	2026-10-03T09:51:46.4704255Z git version 2.55.0
Live Clone	UNKNOWN STEP	2026-10-03T09:51:46.4731951Z ##[endgroup]
Live Clone	UNKNOWN STEP	2026-10-03T09:51:46.4744475Z Temporarily overriding HOME='/home/runner/work/_temp/<uuid>' before making global git config changes
Live Clone	UNKNOWN STEP	2026-10-03T09:51:46.4747285Z Adding repository directory to the temporary git global config as a safe directory
Live Clone	UNKNOWN STEP	2026-10-03T09:51:46.4753293Z [command]/usr/bin/git config --global --add safe.directory /home/runner/work/drangler/drangler
Live Clone	UNKNOWN STEP	2026-10-03T09:51:46.4823747Z Deleting the contents of '/home/runner/work/drangler/drangler'
Live Clone	UNKNOWN STEP	2026-10-03T09:51:46.4827848Z ##[group]Determining repository object format
Live Clone	UNKNOWN STEP	2026-10-03T09:51:46.4829685Z ##[endgroup]
Live Clone	UNKNOWN STEP	2026-10-03T09:51:46.4831167Z ##[group]Initializing the repository
Live Clone	UNKNOWN STEP	2026-10-03T09:51:46.4833716Z [command]/usr/bin/git init /home/runner/work/drangler/drangler
Live Clone	UNKNOWN STEP	2026-10-03T09:51:46.4938619Z hint: Using 'master' as the name for the initial branch. This default branch name
Live Clone	UNKNOWN STEP	2026-10-03T09:51:46.4941399Z hint: will change to "main" in Git 3.0. To configure the initial branch name
Live Clone	UNKNOWN STEP	2026-10-03T09:51:46.4943446Z hint: to use in all of your new repositories, which will suppress this warning,
Live Clone	UNKNOWN STEP	2026-10-03T09:51:46.4945247Z hint: call:
Live Clone	UNKNOWN STEP	2026-10-03T09:51:46.4946258Z hint:
Live Clone	UNKNOWN STEP	2026-10-03T09:51:46.4947742Z hint: 	git config --global init.defaultBranch <name>
Live Clone	UNKNOWN STEP	2026-10-03T09:51:46.4949058Z hint:
Live Clone	UNKNOWN STEP	2026-10-03T09:51:46.4950265Z hint: Names commonly chosen instead of 'master' are 'main', 'trunk' and
Live Clone	UNKNOWN STEP	2026-10-03T09:51:46.4952080Z hint: 'development'. The just-created branch can be renamed via this command:
Live Clone	UNKNOWN STEP	2026-10-03T09:51:46.4953607Z hint:
Live Clone	UNKNOWN STEP	2026-10-03T09:51:46.4954552Z hint: 	git branch -m <name>
Live Clone	UNKNOWN STEP	2026-10-03T09:51:46.4955875Z hint:
Live Clone	UNKNOWN STEP	2026-10-03T09:51:46.4957500Z hint: Disable this message with "git config set advice.defaultBranchName false"
Live Clone	UNKNOWN STEP	2026-10-03T09:51:46.4959483Z Initialized empty Git repository in /home/runner/work/drangler/drangler/.git/
Live Clone	UNKNOWN STEP	2026-10-03T09:51:46.4962689Z [command]/usr/bin/git remote add origin https://github.com/<org>/drangler
Live Clone	UNKNOWN STEP	2026-10-03T09:51:46.5018435Z ##[endgroup]
Live Clone	UNKNOWN STEP	2026-10-03T09:51:46.5019526Z ##[group]Disabling automatic garbage collection
Live Clone	UNKNOWN STEP	2026-10-03T09:51:46.5020656Z [command]/usr/bin/git config --local gc.auto 0
Live Clone	UNKNOWN STEP	2026-10-03T09:51:46.5048539Z ##[endgroup]
Live Clone	UNKNOWN STEP	2026-10-03T09:51:46.5050107Z ##[group]Setting up auth
Live Clone	UNKNOWN STEP	2026-10-03T09:51:46.5051175Z Removing SSH command configuration
Live Clone	UNKNOWN STEP	2026-10-03T09:51:46.5054956Z [command]/usr/bin/git config --local --name-only --get-regexp core\.sshCommand
Live Clone	UNKNOWN STEP	2026-10-03T09:51:46.5093328Z [command]/usr/bin/git submodule foreach --recursive sh -c "git config --local --name-only --get-regexp 'core\.sshCommand' && git config --local --unset-all 'core.sshCommand' || :"
Live Clone	UNKNOWN STEP	2026-10-03T09:51:46.5457081Z Removing HTTP extra header
Live Clone	UNKNOWN STEP	2026-10-03T09:51:46.5464408Z [command]/usr/bin/git config --local --name-only --get-regexp http\.https\:\/\/github\.com\/\.extraheader
Live Clone	UNKNOWN STEP	2026-10-03T09:51:46.5501153Z [command]/usr/bin/git submodule foreach --recursive sh -c "git config --local --name-only --get-regexp 'http\.https\:\/\/github\.com\/\.extraheader' && git config --local --unset-all 'http.https://github.com/.extraheader' || :"
Live Clone	UNKNOWN STEP	2026-10-03T09:51:46.5730914Z Removing includeIf entries pointing to credentials config files
Live Clone	UNKNOWN STEP	2026-10-03T09:51:46.5737106Z [command]/usr/bin/git config --local --name-only --get-regexp ^includeIf\.gitdir:
Live Clone	UNKNOWN STEP	2026-10-03T09:51:46.5778026Z [command]/usr/bin/git submodule foreach --recursive git config --local --show-origin --name-only --get-regexp remote.origin.url
Live Clone	UNKNOWN STEP	2026-10-03T09:51:46.6013638Z [command]/usr/bin/git config --file /home/runner/work/_temp/git-credentials-<uuid>.config http.https://github.com/.extraheader AUTHORIZATION: basic ***
Live Clone	UNKNOWN STEP	2026-10-03T09:51:46.6053700Z [command]/usr/bin/git config --local includeIf.gitdir:/home/runner/work/drangler/drangler/.git.path /home/runner/work/_temp/git-credentials-<uuid>.config
Live Clone	UNKNOWN STEP	2026-10-03T09:51:46.6089181Z [command]/usr/bin/git config --local includeIf.gitdir:/home/runner/work/drangler/drangler/.git/worktrees/*.path /home/runner/work/_temp/git-credentials-<uuid>.config
Live Clone	UNKNOWN STEP	2026-10-03T09:51:46.6127855Z [command]/usr/bin/git config --local includeIf.gitdir:/github/workspace/.git.path /github/runner_temp/git-credentials-<uuid>.config
Live Clone	UNKNOWN STEP	2026-10-03T09:51:46.6162712Z [command]/usr/bin/git config --local includeIf.gitdir:/github/workspace/.git/worktrees/*.path /github/runner_temp/git-credentials-<uuid>.config
Live Clone	UNKNOWN STEP	2026-10-03T09:51:46.6197304Z ##[endgroup]
Live Clone	UNKNOWN STEP	2026-10-03T09:51:46.6198955Z ##[group]Fetching the repository
Live Clone	UNKNOWN STEP	2026-10-03T09:51:46.6205575Z [command]/usr/bin/git -c protocol.version=2 fetch --no-tags --prune --no-recurse-submodules --depth=1 origin +df6dce4b00d66439e0c1258c862da36342a7488a:refs/remotes/origin/master
Live Clone	UNKNOWN STEP	2026-10-03T09:51:47.3050587Z From https://github.com/<org>/drangler
Live Clone	UNKNOWN STEP	2026-10-03T09:51:47.3052495Z  * [new ref]         df6dce4b00d66439e0c1258c862da36342a7488a -> origin/master
Live Clone	UNKNOWN STEP	2026-10-03T09:51:47.3060981Z [command]/usr/bin/git branch --list --remote origin/master
Live Clone	UNKNOWN STEP	2026-10-03T09:51:47.3091676Z   origin/master
Live Clone	UNKNOWN STEP	2026-10-03T09:51:47.3101706Z [command]/usr/bin/git rev-parse refs/remotes/origin/master
Live Clone	UNKNOWN STEP	2026-10-03T09:51:47.3131162Z df6dce4b00d66439e0c1258c862da36342a7488a
Live Clone	UNKNOWN STEP	2026-10-03T09:51:47.3137334Z ##[endgroup]
Live Clone	UNKNOWN STEP	2026-10-03T09:51:47.3138747Z ##[group]Determining the checkout info
Live Clone	UNKNOWN STEP	2026-10-03T09:51:47.3140391Z ##[endgroup]
Live Clone	UNKNOWN STEP	2026-10-03T09:51:47.3143325Z [command]/usr/bin/git sparse-checkout disable
Live Clone	UNKNOWN STEP	2026-10-03T09:51:47.3205125Z [command]/usr/bin/git config --local --unset-all extensions.worktreeConfig
Live Clone	UNKNOWN STEP	2026-10-03T09:51:47.3267459Z ##[group]Checking out the ref
Live Clone	UNKNOWN STEP	2026-10-03T09:51:47.3273824Z [command]/usr/bin/git checkout --progress --force -B master refs/remotes/origin/master
Live Clone	UNKNOWN STEP	2026-10-03T09:51:47.3475215Z Reset branch 'master'
Live Clone	UNKNOWN STEP	2026-10-03T09:51:47.3482012Z branch 'master' set up to track 'origin/master'.
Live Clone	UNKNOWN STEP	2026-10-03T09:51:47.3491441Z ##[endgroup]
Live Clone	UNKNOWN STEP	2026-10-03T09:51:47.3545981Z [command]/usr/bin/git log -1 --format=%H
Live Clone	UNKNOWN STEP	2026-10-03T09:51:47.3579372Z df6dce4b00d66439e0c1258c862da36342a7488a
Live Clone	UNKNOWN STEP	2026-10-03T09:51:47.3994769Z ##[group]Run oven-sh/setup-bun@v2
Live Clone	UNKNOWN STEP	2026-10-03T09:51:47.3995957Z with:
Live Clone	UNKNOWN STEP	2026-10-03T09:51:47.3997198Z   bun-version: latest
Live Clone	UNKNOWN STEP	2026-10-03T09:51:47.3998200Z   no-cache: false
Live Clone	UNKNOWN STEP	2026-10-03T09:51:47.4008170Z   token: ***
Live Clone	UNKNOWN STEP	2026-10-03T09:51:47.4009037Z env:
Live Clone	UNKNOWN STEP	2026-10-03T09:51:47.4010206Z   REQUIRE_CLONE: 1
Live Clone	UNKNOWN STEP	2026-10-03T09:51:47.4011252Z ##[endgroup]
Live Clone	UNKNOWN STEP	2026-10-03T09:51:47.9591253Z Downloading a new version of Bun: https://github.com/oven-sh/bun/releases/download/bun-v1.4.2/bun-linux-x64.zip
Live Clone	UNKNOWN STEP	2026-10-03T09:51:48.2753725Z [command]/usr/bin/unzip -o -q /home/runner/work/_temp/<uuid>.zip
Live Clone	UNKNOWN STEP	2026-10-03T09:51:48.9003052Z [command]/home/runner/.bun/bin/bun --revision
Live Clone	UNKNOWN STEP	2026-10-03T09:51:48.9054661Z 1.4.2+744846f84
Live Clone	UNKNOWN STEP	2026-10-03T09:51:48.9229367Z ##[group]Run bun install --frozen-lockfile
Live Clone	UNKNOWN STEP	2026-10-03T09:51:48.9229771Z ^[[36;1mbun install --frozen-lockfile^[[0m
Live Clone	UNKNOWN STEP	2026-10-03T09:51:48.9505601Z shell: /usr/bin/bash -e {0}
Live Clone	UNKNOWN STEP	2026-10-03T09:51:48.9505993Z env:
Live Clone	UNKNOWN STEP	2026-10-03T09:51:48.9506266Z   REQUIRE_CLONE: 1
Live Clone	UNKNOWN STEP	2026-10-03T09:51:48.9506823Z ##[endgroup]
Live Clone	UNKNOWN STEP	2026-10-03T09:51:48.9707391Z bun install v1.4.2 (744846f84)
Live Clone	UNKNOWN STEP	2026-10-03T09:51:49.9896111Z 
Live Clone	UNKNOWN STEP	2026-10-03T09:51:49.9897517Z $ husky
Live Clone	UNKNOWN STEP	2026-10-03T09:51:50.0333375Z 
Live Clone	UNKNOWN STEP	2026-10-03T09:51:50.0334546Z + @cloudflare/workers-types@5.20260815.1
Live Clone	UNKNOWN STEP	2026-10-03T09:51:50.0335303Z + @types/node@26.2.0
Live Clone	UNKNOWN STEP	2026-10-03T09:51:50.0335896Z + @vitest/coverage-v8@4.1.10
Live Clone	UNKNOWN STEP	2026-10-03T09:51:50.0336412Z + husky@9.1.7
Live Clone	UNKNOWN STEP	2026-10-03T09:51:50.0337152Z + lint-staged@17.3.0
Live Clone	UNKNOWN STEP	2026-10-03T09:51:50.0337651Z + prettier@3.9.6
Live Clone	UNKNOWN STEP	2026-10-03T09:51:50.0338258Z + prettier-plugin-organize-imports@4.3.0
Live Clone	UNKNOWN STEP	2026-10-03T09:51:50.0339082Z + prettier-plugin-sh@0.20.2
Live Clone	UNKNOWN STEP	2026-10-03T09:51:50.0339672Z + typedoc@0.28.20
Live Clone	UNKNOWN STEP	2026-10-03T09:51:50.0340191Z + typescript@5.9.3
Live Clone	UNKNOWN STEP	2026-10-03T09:51:50.0341004Z + vitest@4.1.10
Live Clone	UNKNOWN STEP	2026-10-03T09:51:50.0341588Z + wrangler@4.146.0
Live Clone	UNKNOWN STEP	2026-10-03T09:51:50.0342172Z + <private-pkg>@0.2.0
Live Clone	UNKNOWN STEP	2026-10-03T09:51:50.0342843Z + @napi-rs/keyring@2.1.0
Live Clone	UNKNOWN STEP	2026-10-03T09:51:50.0343312Z + commander@15.0.0
Live Clone	UNKNOWN STEP	2026-10-03T09:51:50.0343629Z 
Live Clone	UNKNOWN STEP	2026-10-03T09:51:50.0343865Z 137 packages installed [1064.00ms]
Live Clone	UNKNOWN STEP	2026-10-03T09:51:50.0407160Z ##[group]Run bun run test:e2e:clone
Live Clone	UNKNOWN STEP	2026-10-03T09:51:50.0407531Z ^[[36;1mbun run test:e2e:clone^[[0m
Live Clone	UNKNOWN STEP	2026-10-03T09:51:50.0472685Z shell: /usr/bin/bash -e {0}
Live Clone	UNKNOWN STEP	2026-10-03T09:51:50.0472979Z env:
Live Clone	UNKNOWN STEP	2026-10-03T09:51:50.0473175Z   REQUIRE_CLONE: 1
Live Clone	UNKNOWN STEP	2026-10-03T09:51:50.0473387Z ##[endgroup]
Live Clone	UNKNOWN STEP	2026-10-03T09:51:50.0587765Z $ vitest run --project=e2e tests/e2e/workspace-clone.spec.ts
Live Clone	UNKNOWN STEP	2026-10-03T09:51:50.4652017Z 
Live Clone	UNKNOWN STEP	2026-10-03T09:51:50.4656022Z ^[[1m^[[30m^[[46m RUN ^[[49m^[[39m^[[22m ^[[36mv4.1.10 ^[[39m^[[90m/home/runner/work/drangler/drangler^[[39m
Live Clone	UNKNOWN STEP	2026-10-03T09:51:50.4657069Z 
Live Clone	UNKNOWN STEP	2026-10-03T09:51:51.0354001Z (node:2371) ExperimentalWarning: SQLite is an experimental feature and might change at any time
Live Clone	UNKNOWN STEP	2026-10-03T09:51:51.0355614Z (Use `node --trace-warnings ...` to show where the warning was created)
Live Clone	UNKNOWN STEP	2026-10-03T09:51:52.4181922Z Cloning into '/tmp/drangler-e2e-clone-6YBvRM/worker'...
Live Clone	UNKNOWN STEP	2026-10-03T09:51:53.6138640Z bun install v1.4.2 (744846f84)
Live Clone	UNKNOWN STEP	2026-10-03T09:51:55.0155856Z 
Live Clone	UNKNOWN STEP	2026-10-03T09:51:55.0157838Z $ bun scripts/gen-lock-versions.ts && bun scripts/restore-artifacts.ts
Live Clone	UNKNOWN STEP	2026-10-03T09:51:55.0274764Z {
Live Clone	UNKNOWN STEP	2026-10-03T09:51:55.0277667Z   "packages": 76,
Live Clone	UNKNOWN STEP	2026-10-03T09:51:55.0278059Z   "virtual": 37,
Live Clone	UNKNOWN STEP	2026-10-03T09:51:55.0278396Z   "core": "11.4.7",
Live Clone	UNKNOWN STEP	2026-10-03T09:51:55.0278733Z   "bytes": 4562
Live Clone	UNKNOWN STEP	2026-10-03T09:51:55.0279047Z }
Live Clone	UNKNOWN STEP	2026-10-03T09:51:55.4049779Z restore-artifacts: .interp/php8.5.wasm (13401742 bytes, sha256 verified)
Live Clone	UNKNOWN STEP	2026-10-03T09:51:55.5341736Z restore-artifacts: .interp/php8.5-worker.mjs (876467 bytes, sha256 verified)
Live Clone	UNKNOWN STEP	2026-10-03T09:51:55.8602114Z restore-artifacts: tuned glue -> /tmp/drangler-e2e-clone-6YBvRM/worker/.interp/php8.5-worker.tuned.mjs
Live Clone	UNKNOWN STEP	2026-10-03T09:51:55.8851620Z restore-artifacts: tuned interpreter -> /tmp/drangler-e2e-clone-6YBvRM/worker/.interp/php8.5.tuned.wasm (64 MiB)
Live Clone	UNKNOWN STEP	2026-10-03T09:51:55.8852447Z restore-artifacts: 2 downloaded, 0 already current
Live Clone	UNKNOWN STEP	2026-10-03T09:51:55.8896205Z $ husky
Live Clone	UNKNOWN STEP	2026-10-03T09:51:55.9298402Z 
Live Clone	UNKNOWN STEP	2026-10-03T09:51:55.9299012Z + @cloudflare/containers@0.3.7
Live Clone	UNKNOWN STEP	2026-10-03T09:51:55.9299376Z + @cloudflare/vitest-pool-workers@0.22.0
Live Clone	UNKNOWN STEP	2026-10-03T09:51:55.9299710Z + @cloudflare/workers-types@5.20260829.1
Live Clone	UNKNOWN STEP	2026-10-03T09:51:55.9299990Z + @playwright/test@1.62.1
Live Clone	UNKNOWN STEP	2026-10-03T09:51:55.9300263Z + @prettier/plugin-php@0.25.0
Live Clone	UNKNOWN STEP	2026-10-03T09:51:55.9300497Z + @types/bun@1.4.0
Live Clone	UNKNOWN STEP	2026-10-03T09:51:55.9300754Z + @types/pg@8.23.1
Live Clone	UNKNOWN STEP	2026-10-03T09:51:55.9300989Z + @vitest/coverage-istanbul@4.1.11
Live Clone	UNKNOWN STEP	2026-10-03T09:51:55.9301231Z + husky@9.1.7
Live Clone	UNKNOWN STEP	2026-10-03T09:51:55.9301418Z + lint-staged@17.4.1
Live Clone	UNKNOWN STEP	2026-10-03T09:51:55.9301637Z + marked@18.0.14
Live Clone	UNKNOWN STEP	2026-10-03T09:51:55.9301871Z + marked-gfm-heading-id@4.1.4
Live Clone	UNKNOWN STEP	2026-10-03T09:51:55.9302104Z + prettier@3.9.6
Live Clone	UNKNOWN STEP	2026-10-03T09:51:55.9302327Z + prettier-plugin-organize-imports@4.3.0
Live Clone	UNKNOWN STEP	2026-10-03T09:51:55.9302625Z + prettier-plugin-sh@0.20.2
Live Clone	UNKNOWN STEP	2026-10-03T09:51:55.9302849Z + shiki@4.4.3
Live Clone	UNKNOWN STEP	2026-10-03T09:51:55.9303047Z + typedoc@0.28.20
Live Clone	UNKNOWN STEP	2026-10-03T09:51:55.9303256Z + typescript@5.9.3
Live Clone	UNKNOWN STEP	2026-10-03T09:51:55.9303462Z + vitest@4.1.11
Live Clone	UNKNOWN STEP	2026-10-03T09:51:55.9303651Z + wrangler@4.127.1
Live Clone	UNKNOWN STEP	2026-10-03T09:51:55.9303845Z + yaml@2.9.1
Live Clone	UNKNOWN STEP	2026-10-03T09:51:55.9304034Z + <private-pkg>@1.1.1
Live Clone	UNKNOWN STEP	2026-10-03T09:51:55.9304260Z + <private-pkg>@0.3.1
Live Clone	UNKNOWN STEP	2026-10-03T09:51:55.9304488Z + <private-pkg>@0.1.4
Live Clone	UNKNOWN STEP	2026-10-03T09:51:55.9304722Z + <private-pkg>@0.1.0
Live Clone	UNKNOWN STEP	2026-10-03T09:51:55.9304941Z + @<user>/tinyimg@1.1.0
Live Clone	UNKNOWN STEP	2026-10-03T09:51:55.9305159Z + @noble/ciphers@2.4.0
Live Clone	UNKNOWN STEP	2026-10-03T09:51:55.9305393Z + @noble/hashes@2.4.0
Live Clone	UNKNOWN STEP	2026-10-03T09:51:55.9305593Z + blakejs@1.2.1
Live Clone	UNKNOWN STEP	2026-10-03T09:51:55.9305779Z + edgeport@1.0.6
Live Clone	UNKNOWN STEP	2026-10-03T09:51:55.9305963Z + fflate@0.8.3
Live Clone	UNKNOWN STEP	2026-10-03T09:51:55.9306139Z + fzstd@0.1.1
Live Clone	UNKNOWN STEP	2026-10-03T09:51:55.9306315Z + mysql2@3.24.4
Live Clone	UNKNOWN STEP	2026-10-03T09:51:55.9306744Z + pg@8.23.0
Live Clone	UNKNOWN STEP	2026-10-03T09:51:55.9307057Z + php-wasm@0.1.0
Live Clone	UNKNOWN STEP	2026-10-03T09:51:55.9307196Z 
Live Clone	UNKNOWN STEP	2026-10-03T09:51:55.9307288Z 260 packages installed [2.32s]
Live Clone	UNKNOWN STEP	2026-10-03T09:51:55.9631634Z $ bun scripts/hydrate.ts
Live Clone	UNKNOWN STEP	2026-10-03T09:51:56.2884084Z fetching https://<host>/payloads/v1.0.3/<org>-worker-1.0.3.tar.gz (cdn)
Live Clone	UNKNOWN STEP	2026-10-03T09:51:56.5590340Z tarball sha256 <hex> matches SHA256SUMS
Live Clone	UNKNOWN STEP	2026-10-03T09:51:57.6084061Z hydrate: kept 2 tracked file(s) the repository owns: assets/robots.txt, assets/driver.json
Live Clone	UNKNOWN STEP	2026-10-03T09:51:57.6084842Z hydrated 4583 files, 52473986 bytes, from 1.0.3 (d633a47)
Live Clone	UNKNOWN STEP	2026-10-03T09:51:57.6085475Z interpreter: .interp/php8.5-worker.tuned.mjs, .interp/php8.5.tuned.wasm
Live Clone	UNKNOWN STEP	2026-10-03T09:51:57.6086166Z the tree is deployable now: bunx wrangler deploy -c wrangler.jsonc
Live Clone	UNKNOWN STEP	2026-10-03T09:52:06.7748387Z  ^[[32m✓^[[39m ^[[30m^[[45m e2e ^[[49m^[[39m tests/e2e/workspace-clone.spec.ts ^[[2m(^[[22m^[[2m10 tests^[[22m^[[2m | ^[[22m^[[33m1 skipped^[[39m^[[2m)^[[22m^[[33m 14364^[[2mms^[[22m^[[39m
Live Clone	UNKNOWN STEP	2026-10-03T09:52:06.7750908Z      ^[[33m^[[2m✓^[[22m^[[39m clones the published repository and installs it from npm ^[[33m 3524^[[2mms^[[22m^[[39m
Live Clone	UNKNOWN STEP	2026-10-03T09:52:06.7752761Z      ^[[33m^[[2m✓^[[22m^[[39m hydrates from the <org>/worker release v1.0.3 ^[[33m 1757^[[2mms^[[22m^[[39m
Live Clone	UNKNOWN STEP	2026-10-03T09:52:06.7754162Z      ^[[33m^[[2m✓^[[22m^[[39m runs every check, and none of them reports "not run" ^[[33m 4399^[[2mms^[[22m^[[39m
Live Clone	UNKNOWN STEP	2026-10-03T09:52:06.7755063Z      ^[[33m^[[2m✓^[[22m^[[39m a published payload deploys clean ^[[33m 4110^[[2mms^[[22m^[[39m
Live Clone	UNKNOWN STEP	2026-10-03T09:52:06.7778383Z 
Live Clone	UNKNOWN STEP	2026-10-03T09:52:06.7787591Z ^[[2m Test Files ^[[22m ^[[1m^[[32m1 passed^[[39m^[[22m^[[90m (1)^[[39m
Live Clone	UNKNOWN STEP	2026-10-03T09:52:06.7788705Z ^[[2m      Tests ^[[22m ^[[1m^[[32m9 passed^[[39m^[[22m^[[2m | ^[[22m^[[33m1 skipped^[[39m^[[90m (10)^[[39m
Live Clone	UNKNOWN STEP	2026-10-03T09:52:06.7789489Z ^[[2m   Start at ^[[22m 09:51:50
Live Clone	UNKNOWN STEP	2026-10-03T09:52:06.7790368Z ^[[2m   Duration ^[[22m 16.31s^[[2m (transform 542ms, setup 0ms, import 1.82s, tests 14.36s, environment 0ms)^[[22m
Live Clone	UNKNOWN STEP	2026-10-03T09:52:06.7791030Z 
Live Clone	UNKNOWN STEP	2026-10-03T09:52:06.8079108Z Post job cleanup.
Live Clone	UNKNOWN STEP	2026-10-03T09:52:06.9942383Z Post job cleanup.
Live Clone	UNKNOWN STEP	2026-10-03T09:52:07.0805388Z [command]/usr/bin/git version
Live Clone	UNKNOWN STEP	2026-10-03T09:52:07.0851717Z git version 2.55.0
Live Clone	UNKNOWN STEP	2026-10-03T09:52:07.0904153Z Temporarily overriding HOME='/home/runner/work/_temp/<uuid>' before making global git config changes
Live Clone	UNKNOWN STEP	2026-10-03T09:52:07.0905248Z Adding repository directory to the temporary git global config as a safe directory
Live Clone	UNKNOWN STEP	2026-10-03T09:52:07.0910618Z [command]/usr/bin/git config --global --add safe.directory /home/runner/work/drangler/drangler
Live Clone	UNKNOWN STEP	2026-10-03T09:52:07.0944194Z Removing SSH command configuration
Live Clone	UNKNOWN STEP	2026-10-03T09:52:07.0952002Z [command]/usr/bin/git config --local --name-only --get-regexp core\.sshCommand
Live Clone	UNKNOWN STEP	2026-10-03T09:52:07.0989598Z [command]/usr/bin/git submodule foreach --recursive sh -c "git config --local --name-only --get-regexp 'core\.sshCommand' && git config --local --unset-all 'core.sshCommand' || :"
Live Clone	UNKNOWN STEP	2026-10-03T09:52:07.1241502Z Removing HTTP extra header
Live Clone	UNKNOWN STEP	2026-10-03T09:52:07.1247065Z [command]/usr/bin/git config --local --name-only --get-regexp http\.https\:\/\/github\.com\/\.extraheader
Live Clone	UNKNOWN STEP	2026-10-03T09:52:07.1295491Z [command]/usr/bin/git submodule foreach --recursive sh -c "git config --local --name-only --get-regexp 'http\.https\:\/\/github\.com\/\.extraheader' && git config --local --unset-all 'http.https://github.com/.extraheader' || :"
Live Clone	UNKNOWN STEP	2026-10-03T09:52:07.1557604Z Removing includeIf entries pointing to credentials config files
Live Clone	UNKNOWN STEP	2026-10-03T09:52:07.1565938Z [command]/usr/bin/git config --local --name-only --get-regexp ^includeIf\.gitdir:
Live Clone	UNKNOWN STEP	2026-10-03T09:52:07.1603376Z includeif.gitdir:/home/runner/work/drangler/drangler/.git.path
Live Clone	UNKNOWN STEP	2026-10-03T09:52:07.1604518Z includeif.gitdir:/home/runner/work/drangler/drangler/.git/worktrees/*.path
Live Clone	UNKNOWN STEP	2026-10-03T09:52:07.1605528Z includeif.gitdir:/github/workspace/.git.path
Live Clone	UNKNOWN STEP	2026-10-03T09:52:07.1606261Z includeif.gitdir:/github/workspace/.git/worktrees/*.path
Live Clone	UNKNOWN STEP	2026-10-03T09:52:07.1612688Z [command]/usr/bin/git config --local --get-all includeif.gitdir:/home/runner/work/drangler/drangler/.git.path
Live Clone	UNKNOWN STEP	2026-10-03T09:52:07.1640370Z /home/runner/work/_temp/git-credentials-<uuid>.config
Live Clone	UNKNOWN STEP	2026-10-03T09:52:07.1654120Z [command]/usr/bin/git config --local --unset includeif.gitdir:/home/runner/work/drangler/drangler/.git.path \/home\/runner\/work\/_temp\/git\-credentials\-<uuid>\.config
Live Clone	UNKNOWN STEP	2026-10-03T09:52:07.1701275Z [command]/usr/bin/git config --local --get-all includeif.gitdir:/home/runner/work/drangler/drangler/.git/worktrees/*.path
Live Clone	UNKNOWN STEP	2026-10-03T09:52:07.1732395Z /home/runner/work/_temp/git-credentials-<uuid>.config
Live Clone	UNKNOWN STEP	2026-10-03T09:52:07.1743886Z [command]/usr/bin/git config --local --unset includeif.gitdir:/home/runner/work/drangler/drangler/.git/worktrees/*.path \/home\/runner\/work\/_temp\/git\-credentials\-<uuid>\.config
Live Clone	UNKNOWN STEP	2026-10-03T09:52:07.1798914Z [command]/usr/bin/git config --local --get-all includeif.gitdir:/github/workspace/.git.path
Live Clone	UNKNOWN STEP	2026-10-03T09:52:07.1837467Z /github/runner_temp/git-credentials-<uuid>.config
Live Clone	UNKNOWN STEP	2026-10-03T09:52:07.1847553Z [command]/usr/bin/git config --local --unset includeif.gitdir:/github/workspace/.git.path \/github\/runner_temp\/git\-credentials\-<uuid>\.config
Live Clone	UNKNOWN STEP	2026-10-03T09:52:07.1898736Z [command]/usr/bin/git config --local --get-all includeif.gitdir:/github/workspace/.git/worktrees/*.path
Live Clone	UNKNOWN STEP	2026-10-03T09:52:07.1927233Z /github/runner_temp/git-credentials-<uuid>.config
Live Clone	UNKNOWN STEP	2026-10-03T09:52:07.1937485Z [command]/usr/bin/git config --local --unset includeif.gitdir:/github/workspace/.git/worktrees/*.path \/github\/runner_temp\/git\-credentials\-<uuid>\.config
Live Clone	UNKNOWN STEP	2026-10-03T09:52:07.1981229Z [command]/usr/bin/git submodule foreach --recursive git config --local --show-origin --name-only --get-regexp remote.origin.url
Live Clone	UNKNOWN STEP	2026-10-03T09:52:07.2231848Z Removing credentials config '/home/runner/work/_temp/git-credentials-<uuid>.config'
Live Clone	UNKNOWN STEP	2026-10-03T09:52:07.2417175Z Cleaning up orphan processes
What the Diff Touches	UNKNOWN STEP	2026-10-03T09:51:44.9778942Z Current runner version: '2.337.0'
What the Diff Touches	UNKNOWN STEP	2026-10-03T09:51:44.9802876Z ##[group]Runner Image Provisioner
What the Diff Touches	UNKNOWN STEP	2026-10-03T09:51:44.9803782Z Hosted Compute Agent
What the Diff Touches	UNKNOWN STEP	2026-10-03T09:51:44.9804441Z Version: 20260901.588
What the Diff Touches	UNKNOWN STEP	2026-10-03T09:51:44.9805097Z Commit: <hex>
What the Diff Touches	UNKNOWN STEP	2026-10-03T09:51:44.9806100Z Build Date: 2026-09-01T19:56:44Z
What the Diff Touches	UNKNOWN STEP	2026-10-03T09:51:44.9806879Z Worker ID: {<uuid>}
What the Diff Touches	UNKNOWN STEP	2026-10-03T09:51:44.9807610Z Azure Region: eastus
What the Diff Touches	UNKNOWN STEP	2026-10-03T09:51:44.9808315Z ##[endgroup]
What the Diff Touches	UNKNOWN STEP	2026-10-03T09:51:44.9809856Z ##[group]Operating System
What the Diff Touches	UNKNOWN STEP	2026-10-03T09:51:44.9810485Z Ubuntu
What the Diff Touches	UNKNOWN STEP	2026-10-03T09:51:44.9811132Z 24.04.5
What the Diff Touches	UNKNOWN STEP	2026-10-03T09:51:44.9811684Z LTS
What the Diff Touches	UNKNOWN STEP	2026-10-03T09:51:44.9812236Z ##[endgroup]
What the Diff Touches	UNKNOWN STEP	2026-10-03T09:51:44.9812817Z ##[group]Runner Image
What the Diff Touches	UNKNOWN STEP	2026-10-03T09:51:44.9813412Z Image: ubuntu-24.04
What the Diff Touches	UNKNOWN STEP	2026-10-03T09:51:44.9814032Z Version: 20260927.320.1
What the Diff Touches	UNKNOWN STEP	2026-10-03T09:51:44.9815287Z Included Software: https://github.com/actions/runner-images/blob/ubuntu24/20260927.320/images/ubuntu/Ubuntu2404-Readme.md
What the Diff Touches	UNKNOWN STEP	2026-10-03T09:51:44.9817142Z Image Release: https://github.com/actions/runner-images/releases/tag/ubuntu24%2F20260927.320
What the Diff Touches	UNKNOWN STEP	2026-10-03T09:51:44.9818103Z ##[endgroup]
What the Diff Touches	UNKNOWN STEP	2026-10-03T09:51:44.9819410Z ##[group]GITHUB_TOKEN Permissions
What the Diff Touches	UNKNOWN STEP	2026-10-03T09:51:44.9821627Z Contents: read
What the Diff Touches	UNKNOWN STEP	2026-10-03T09:51:44.9822306Z Metadata: read
What the Diff Touches	UNKNOWN STEP	2026-10-03T09:51:44.9823171Z PullRequests: read
What the Diff Touches	UNKNOWN STEP	2026-10-03T09:51:44.9823853Z ##[endgroup]
What the Diff Touches	UNKNOWN STEP	2026-10-03T09:51:44.9826141Z Secret source: Actions
What the Diff Touches	UNKNOWN STEP	2026-10-03T09:51:44.9827263Z Cache mode: write
What the Diff Touches	UNKNOWN STEP	2026-10-03T09:51:44.9828185Z Prepare workflow directory
What the Diff Touches	UNKNOWN STEP	2026-10-03T09:51:45.0147174Z Prepare all required actions
What the Diff Touches	UNKNOWN STEP	2026-10-03T09:51:45.0194463Z Getting action download info
What the Diff Touches	UNKNOWN STEP	2026-10-03T09:51:45.2072913Z Download action repository 'actions/checkout@v7' (SHA:<hex>)
What the Diff Touches	UNKNOWN STEP	2026-10-03T09:51:45.3025478Z Download action repository 'dorny/paths-filter@v4' (SHA:<hex>)
What the Diff Touches	UNKNOWN STEP	2026-10-03T09:51:45.5356734Z Complete job name: What the Diff Touches
What the Diff Touches	UNKNOWN STEP	2026-10-03T09:51:45.6132286Z ##[group]Run actions/checkout@v7
What the Diff Touches	UNKNOWN STEP	2026-10-03T09:51:45.6133218Z with:
What the Diff Touches	UNKNOWN STEP	2026-10-03T09:51:45.6133661Z   fetch-depth: 0
What the Diff Touches	UNKNOWN STEP	2026-10-03T09:51:45.6134144Z   repository: <org>/drangler
What the Diff Touches	UNKNOWN STEP	2026-10-03T09:51:45.6138365Z   token: ***
What the Diff Touches	UNKNOWN STEP	2026-10-03T09:51:45.6138835Z   ssh-strict: true
What the Diff Touches	UNKNOWN STEP	2026-10-03T09:51:45.6139282Z   ssh-user: git
What the Diff Touches	UNKNOWN STEP	2026-10-03T09:51:45.6139736Z   persist-credentials: true
What the Diff Touches	UNKNOWN STEP	2026-10-03T09:51:45.6140231Z   clean: true
What the Diff Touches	UNKNOWN STEP	2026-10-03T09:51:45.6140694Z   sparse-checkout-cone-mode: true
What the Diff Touches	UNKNOWN STEP	2026-10-03T09:51:45.6141224Z   fetch-tags: false
What the Diff Touches	UNKNOWN STEP	2026-10-03T09:51:45.6141700Z   show-progress: true
What the Diff Touches	UNKNOWN STEP	2026-10-03T09:51:45.6142151Z   lfs: false
What the Diff Touches	UNKNOWN STEP	2026-10-03T09:51:45.6142574Z   submodules: false
What the Diff Touches	UNKNOWN STEP	2026-10-03T09:51:45.6143037Z   set-safe-directory: true
What the Diff Touches	UNKNOWN STEP	2026-10-03T09:51:45.6143566Z   allow-unsafe-pr-checkout: false
What the Diff Touches	UNKNOWN STEP	2026-10-03T09:51:45.6144426Z ##[endgroup]
What the Diff Touches	UNKNOWN STEP	2026-10-03T09:51:45.7173768Z Syncing repository: <org>/drangler
What the Diff Touches	UNKNOWN STEP	2026-10-03T09:51:45.7176678Z ##[group]Getting Git version info
What the Diff Touches	UNKNOWN STEP	2026-10-03T09:51:45.7177941Z Working directory is '/home/runner/work/drangler/drangler'
What the Diff Touches	UNKNOWN STEP	2026-10-03T09:51:45.7179678Z [command]/usr/bin/git version
What the Diff Touches	UNKNOWN STEP	2026-10-03T09:51:45.7237533Z git version 2.55.0
What the Diff Touches	UNKNOWN STEP	2026-10-03T09:51:45.7281930Z ##[endgroup]
What the Diff Touches	UNKNOWN STEP	2026-10-03T09:51:45.7289815Z Temporarily overriding HOME='/home/runner/work/_temp/<uuid>' before making global git config changes
What the Diff Touches	UNKNOWN STEP	2026-10-03T09:51:45.7291942Z Adding repository directory to the temporary git global config as a safe directory
What the Diff Touches	UNKNOWN STEP	2026-10-03T09:51:45.7293912Z [command]/usr/bin/git config --global --add safe.directory /home/runner/work/drangler/drangler
What the Diff Touches	UNKNOWN STEP	2026-10-03T09:51:45.7336986Z Deleting the contents of '/home/runner/work/drangler/drangler'
What the Diff Touches	UNKNOWN STEP	2026-10-03T09:51:45.7341188Z ##[group]Determining repository object format
What the Diff Touches	UNKNOWN STEP	2026-10-03T09:51:45.7343062Z ##[endgroup]
What the Diff Touches	UNKNOWN STEP	2026-10-03T09:51:45.7344365Z ##[group]Initializing the repository
What the Diff Touches	UNKNOWN STEP	2026-10-03T09:51:45.7348968Z [command]/usr/bin/git init /home/runner/work/drangler/drangler
What the Diff Touches	UNKNOWN STEP	2026-10-03T09:51:45.7481967Z hint: Using 'master' as the name for the initial branch. This default branch name
What the Diff Touches	UNKNOWN STEP	2026-10-03T09:51:45.7483423Z hint: will change to "main" in Git 3.0. To configure the initial branch name
What the Diff Touches	UNKNOWN STEP	2026-10-03T09:51:45.7484390Z hint: to use in all of your new repositories, which will suppress this warning,
What the Diff Touches	UNKNOWN STEP	2026-10-03T09:51:45.7485134Z hint: call:
What the Diff Touches	UNKNOWN STEP	2026-10-03T09:51:45.7485552Z hint:
What the Diff Touches	UNKNOWN STEP	2026-10-03T09:51:45.7486451Z hint: 	git config --global init.defaultBranch <name>
What the Diff Touches	UNKNOWN STEP	2026-10-03T09:51:45.7487085Z hint:
What the Diff Touches	UNKNOWN STEP	2026-10-03T09:51:45.7487670Z hint: Names commonly chosen instead of 'master' are 'main', 'trunk' and
What the Diff Touches	UNKNOWN STEP	2026-10-03T09:51:45.7488591Z hint: 'development'. The just-created branch can be renamed via this command:
What the Diff Touches	UNKNOWN STEP	2026-10-03T09:51:45.7489322Z hint:
What the Diff Touches	UNKNOWN STEP	2026-10-03T09:51:45.7489769Z hint: 	git branch -m <name>
What the Diff Touches	UNKNOWN STEP	2026-10-03T09:51:45.7490247Z hint:
What the Diff Touches	UNKNOWN STEP	2026-10-03T09:51:45.7490871Z hint: Disable this message with "git config set advice.defaultBranchName false"
What the Diff Touches	UNKNOWN STEP	2026-10-03T09:51:45.7497350Z Initialized empty Git repository in /home/runner/work/drangler/drangler/.git/
What the Diff Touches	UNKNOWN STEP	2026-10-03T09:51:45.7517401Z [command]/usr/bin/git remote add origin https://github.com/<org>/drangler
What the Diff Touches	UNKNOWN STEP	2026-10-03T09:51:45.7573603Z ##[endgroup]
What the Diff Touches	UNKNOWN STEP	2026-10-03T09:51:45.7574825Z ##[group]Disabling automatic garbage collection
What the Diff Touches	UNKNOWN STEP	2026-10-03T09:51:45.7577143Z [command]/usr/bin/git config --local gc.auto 0
What the Diff Touches	UNKNOWN STEP	2026-10-03T09:51:45.7615738Z ##[endgroup]
What the Diff Touches	UNKNOWN STEP	2026-10-03T09:51:45.7617692Z ##[group]Setting up auth
What the Diff Touches	UNKNOWN STEP	2026-10-03T09:51:45.7618528Z Removing SSH command configuration
What the Diff Touches	UNKNOWN STEP	2026-10-03T09:51:45.7622470Z [command]/usr/bin/git config --local --name-only --get-regexp core\.sshCommand
What the Diff Touches	UNKNOWN STEP	2026-10-03T09:51:45.7658863Z [command]/usr/bin/git submodule foreach --recursive sh -c "git config --local --name-only --get-regexp 'core\.sshCommand' && git config --local --unset-all 'core.sshCommand' || :"
What the Diff Touches	UNKNOWN STEP	2026-10-03T09:51:45.8050692Z Removing HTTP extra header
What the Diff Touches	UNKNOWN STEP	2026-10-03T09:51:45.8058274Z [command]/usr/bin/git config --local --name-only --get-regexp http\.https\:\/\/github\.com\/\.extraheader
What the Diff Touches	UNKNOWN STEP	2026-10-03T09:51:45.8094946Z [command]/usr/bin/git submodule foreach --recursive sh -c "git config --local --name-only --get-regexp 'http\.https\:\/\/github\.com\/\.extraheader' && git config --local --unset-all 'http.https://github.com/.extraheader' || :"
What the Diff Touches	UNKNOWN STEP	2026-10-03T09:51:45.8343978Z Removing includeIf entries pointing to credentials config files
What the Diff Touches	UNKNOWN STEP	2026-10-03T09:51:45.8349329Z [command]/usr/bin/git config --local --name-only --get-regexp ^includeIf\.gitdir:
What the Diff Touches	UNKNOWN STEP	2026-10-03T09:51:45.8383834Z [command]/usr/bin/git submodule foreach --recursive git config --local --show-origin --name-only --get-regexp remote.origin.url
What the Diff Touches	UNKNOWN STEP	2026-10-03T09:51:45.8612360Z [command]/usr/bin/git config --file /home/runner/work/_temp/git-credentials-<uuid>.config http.https://github.com/.extraheader AUTHORIZATION: basic ***
What the Diff Touches	UNKNOWN STEP	2026-10-03T09:51:45.8653166Z [command]/usr/bin/git config --local includeIf.gitdir:/home/runner/work/drangler/drangler/.git.path /home/runner/work/_temp/git-credentials-<uuid>.config
What the Diff Touches	UNKNOWN STEP	2026-10-03T09:51:45.8688269Z [command]/usr/bin/git config --local includeIf.gitdir:/home/runner/work/drangler/drangler/.git/worktrees/*.path /home/runner/work/_temp/git-credentials-<uuid>.config
What the Diff Touches	UNKNOWN STEP	2026-10-03T09:51:45.8726518Z [command]/usr/bin/git config --local includeIf.gitdir:/github/workspace/.git.path /github/runner_temp/git-credentials-<uuid>.config
What the Diff Touches	UNKNOWN STEP	2026-10-03T09:51:45.8762605Z [command]/usr/bin/git config --local includeIf.gitdir:/github/workspace/.git/worktrees/*.path /github/runner_temp/git-credentials-<uuid>.config
What the Diff Touches	UNKNOWN STEP	2026-10-03T09:51:45.8793240Z ##[endgroup]
What the Diff Touches	UNKNOWN STEP	2026-10-03T09:51:45.8794011Z ##[group]Fetching the repository
What the Diff Touches	UNKNOWN STEP	2026-10-03T09:51:45.8800473Z [command]/usr/bin/git -c protocol.version=2 fetch --no-tags --prune --no-recurse-submodules origin +refs/heads/*:refs/remotes/origin/* +refs/tags/*:refs/tags/*
What the Diff Touches	UNKNOWN STEP	2026-10-03T09:51:46.6570201Z From https://github.com/<org>/drangler
What the Diff Touches	UNKNOWN STEP	2026-10-03T09:51:46.6571313Z  * [new branch]        gh-pages         -> origin/gh-pages
What the Diff Touches	UNKNOWN STEP	2026-10-03T09:51:46.6572219Z  * [new branch]        master           -> origin/master
What the Diff Touches	UNKNOWN STEP	2026-10-03T09:51:46.6573341Z  * [new branch]        renovate/mariadb -> origin/renovate/mariadb
What the Diff Touches	UNKNOWN STEP	2026-10-03T09:51:46.6574175Z  * [new tag]           v0.1.0           -> v0.1.0
What the Diff Touches	UNKNOWN STEP	2026-10-03T09:51:46.6574900Z  * [new tag]           v0.2.0           -> v0.2.0
What the Diff Touches	UNKNOWN STEP	2026-10-03T09:51:46.6575891Z  * [new tag]           v0.3.0           -> v0.3.0
What the Diff Touches	UNKNOWN STEP	2026-10-03T09:51:46.6597762Z [command]/usr/bin/git branch --list --remote origin/master
What the Diff Touches	UNKNOWN STEP	2026-10-03T09:51:46.6618230Z   origin/master
What the Diff Touches	UNKNOWN STEP	2026-10-03T09:51:46.6630725Z [command]/usr/bin/git rev-parse refs/remotes/origin/master
What the Diff Touches	UNKNOWN STEP	2026-10-03T09:51:46.6663430Z df6dce4b00d66439e0c1258c862da36342a7488a
What the Diff Touches	UNKNOWN STEP	2026-10-03T09:51:46.6678012Z ##[endgroup]
What the Diff Touches	UNKNOWN STEP	2026-10-03T09:51:46.6679728Z ##[group]Determining the checkout info
What the Diff Touches	UNKNOWN STEP	2026-10-03T09:51:46.6681220Z ##[endgroup]
What the Diff Touches	UNKNOWN STEP	2026-10-03T09:51:46.6682144Z [command]/usr/bin/git sparse-checkout disable
What the Diff Touches	UNKNOWN STEP	2026-10-03T09:51:46.6742746Z [command]/usr/bin/git config --local --unset-all extensions.worktreeConfig
What the Diff Touches	UNKNOWN STEP	2026-10-03T09:51:46.6777923Z ##[group]Checking out the ref
What the Diff Touches	UNKNOWN STEP	2026-10-03T09:51:46.6781875Z [command]/usr/bin/git checkout --progress --force -B master refs/remotes/origin/master
What the Diff Touches	UNKNOWN STEP	2026-10-03T09:51:46.6994972Z Reset branch 'master'
What the Diff Touches	UNKNOWN STEP	2026-10-03T09:51:46.7001065Z branch 'master' set up to track 'origin/master'.
What the Diff Touches	UNKNOWN STEP	2026-10-03T09:51:46.7009739Z ##[endgroup]
What the Diff Touches	UNKNOWN STEP	2026-10-03T09:51:46.7059732Z [command]/usr/bin/git log -1 --format=%H
What the Diff Touches	UNKNOWN STEP	2026-10-03T09:51:46.7089312Z df6dce4b00d66439e0c1258c862da36342a7488a
What the Diff Touches	UNKNOWN STEP	2026-10-03T09:51:46.7464243Z Post job cleanup.
What the Diff Touches	UNKNOWN STEP	2026-10-03T09:51:46.8339348Z [command]/usr/bin/git version
What the Diff Touches	UNKNOWN STEP	2026-10-03T09:51:46.8381409Z git version 2.55.0
What the Diff Touches	UNKNOWN STEP	2026-10-03T09:51:46.8431488Z Temporarily overriding HOME='/home/runner/work/_temp/<uuid>' before making global git config changes
What the Diff Touches	UNKNOWN STEP	2026-10-03T09:51:46.8439069Z Adding repository directory to the temporary git global config as a safe directory
What the Diff Touches	UNKNOWN STEP	2026-10-03T09:51:46.8442092Z [command]/usr/bin/git config --global --add safe.directory /home/runner/work/drangler/drangler
What the Diff Touches	UNKNOWN STEP	2026-10-03T09:51:46.8468142Z Removing SSH command configuration
What the Diff Touches	UNKNOWN STEP	2026-10-03T09:51:46.8475393Z [command]/usr/bin/git config --local --name-only --get-regexp core\.sshCommand
What the Diff Touches	UNKNOWN STEP	2026-10-03T09:51:46.8512125Z [command]/usr/bin/git submodule foreach --recursive sh -c "git config --local --name-only --get-regexp 'core\.sshCommand' && git config --local --unset-all 'core.sshCommand' || :"
What the Diff Touches	UNKNOWN STEP	2026-10-03T09:51:46.8816648Z Removing HTTP extra header
What the Diff Touches	UNKNOWN STEP	2026-10-03T09:51:46.8820090Z [command]/usr/bin/git config --local --name-only --get-regexp http\.https\:\/\/github\.com\/\.extraheader
What the Diff Touches	UNKNOWN STEP	2026-10-03T09:51:46.8826302Z [command]/usr/bin/git submodule foreach --recursive sh -c "git config --local --name-only --get-regexp 'http\.https\:\/\/github\.com\/\.extraheader' && git config --local --unset-all 'http.https://github.com/.extraheader' || :"
What the Diff Touches	UNKNOWN STEP	2026-10-03T09:51:46.9119964Z Removing includeIf entries pointing to credentials config files
What the Diff Touches	UNKNOWN STEP	2026-10-03T09:51:46.9129227Z [command]/usr/bin/git config --local --name-only --get-regexp ^includeIf\.gitdir:
What the Diff Touches	UNKNOWN STEP	2026-10-03T09:51:46.9161853Z includeif.gitdir:/home/runner/work/drangler/drangler/.git.path
What the Diff Touches	UNKNOWN STEP	2026-10-03T09:51:46.9164203Z includeif.gitdir:/home/runner/work/drangler/drangler/.git/worktrees/*.path
What the Diff Touches	UNKNOWN STEP	2026-10-03T09:51:46.9166330Z includeif.gitdir:/github/workspace/.git.path
What the Diff Touches	UNKNOWN STEP	2026-10-03T09:51:46.9168270Z includeif.gitdir:/github/workspace/.git/worktrees/*.path
What the Diff Touches	UNKNOWN STEP	2026-10-03T09:51:46.9173280Z [command]/usr/bin/git config --local --get-all includeif.gitdir:/home/runner/work/drangler/drangler/.git.path
What the Diff Touches	UNKNOWN STEP	2026-10-03T09:51:46.9198658Z /home/runner/work/_temp/git-credentials-<uuid>.config
What the Diff Touches	UNKNOWN STEP	2026-10-03T09:51:46.9211292Z [command]/usr/bin/git config --local --unset includeif.gitdir:/home/runner/work/drangler/drangler/.git.path \/home\/runner\/work\/_temp\/git\-credentials\-<uuid>\.config
What the Diff Touches	UNKNOWN STEP	2026-10-03T09:51:46.9250407Z [command]/usr/bin/git config --local --get-all includeif.gitdir:/home/runner/work/drangler/drangler/.git/worktrees/*.path
What the Diff Touches	UNKNOWN STEP	2026-10-03T09:51:46.9277045Z /home/runner/work/_temp/git-credentials-<uuid>.config
What the Diff Touches	UNKNOWN STEP	2026-10-03T09:51:46.9294696Z [command]/usr/bin/git config --local --unset includeif.gitdir:/home/runner/work/drangler/drangler/.git/worktrees/*.path \/home\/runner\/work\/_temp\/git\-credentials\-<uuid>\.config
What the Diff Touches	UNKNOWN STEP	2026-10-03T09:51:46.9332016Z [command]/usr/bin/git config --local --get-all includeif.gitdir:/github/workspace/.git.path
What the Diff Touches	UNKNOWN STEP	2026-10-03T09:51:46.9361999Z /github/runner_temp/git-credentials-<uuid>.config
What the Diff Touches	UNKNOWN STEP	2026-10-03T09:51:46.9372567Z [command]/usr/bin/git config --local --unset includeif.gitdir:/github/workspace/.git.path \/github\/runner_temp\/git\-credentials\-<uuid>\.config
What the Diff Touches	UNKNOWN STEP	2026-10-03T09:51:46.9424898Z [command]/usr/bin/git config --local --get-all includeif.gitdir:/github/workspace/.git/worktrees/*.path
What the Diff Touches	UNKNOWN STEP	2026-10-03T09:51:46.9466502Z /github/runner_temp/git-credentials-<uuid>.config
What the Diff Touches	UNKNOWN STEP	2026-10-03T09:51:46.9476353Z [command]/usr/bin/git config --local --unset includeif.gitdir:/github/workspace/.git/worktrees/*.path \/github\/runner_temp\/git\-credentials\-<uuid>\.config
What the Diff Touches	UNKNOWN STEP	2026-10-03T09:51:46.9522336Z [command]/usr/bin/git submodule foreach --recursive git config --local --show-origin --name-only --get-regexp remote.origin.url
What the Diff Touches	UNKNOWN STEP	2026-10-03T09:51:46.9759755Z Removing credentials config '/home/runner/work/_temp/git-credentials-<uuid>.config'
What the Diff Touches	UNKNOWN STEP	2026-10-03T09:51:47.0006550Z Evaluate and set job outputs
What the Diff Touches	UNKNOWN STEP	2026-10-03T09:51:47.0017227Z Cleaning up orphan processes
Broken VPS	UNKNOWN STEP	2026-10-03T09:51:51.0730266Z Current runner version: '2.337.0'
Broken VPS	UNKNOWN STEP	2026-10-03T09:51:51.0750430Z ##[group]Runner Image Provisioner
Broken VPS	UNKNOWN STEP	2026-10-03T09:51:51.0751201Z Hosted Compute Agent
Broken VPS	UNKNOWN STEP	2026-10-03T09:51:51.0751779Z Version: 20260901.588
Broken VPS	UNKNOWN STEP	2026-10-03T09:51:51.0752312Z Commit: <hex>
Broken VPS	UNKNOWN STEP	2026-10-03T09:51:51.0752903Z Build Date: 2026-09-01T19:56:44Z
Broken VPS	UNKNOWN STEP	2026-10-03T09:51:51.0753536Z Worker ID: {<uuid>}
Broken VPS	UNKNOWN STEP	2026-10-03T09:51:51.0754190Z Azure Region: westus3
Broken VPS	UNKNOWN STEP	2026-10-03T09:51:51.0754714Z ##[endgroup]
Broken VPS	UNKNOWN STEP	2026-10-03T09:51:51.0755867Z ##[group]Operating System
Broken VPS	UNKNOWN STEP	2026-10-03T09:51:51.0756371Z Ubuntu
Broken VPS	UNKNOWN STEP	2026-10-03T09:51:51.0756886Z 24.04.5
Broken VPS	UNKNOWN STEP	2026-10-03T09:51:51.0757360Z LTS
Broken VPS	UNKNOWN STEP	2026-10-03T09:51:51.0757825Z ##[endgroup]
Broken VPS	UNKNOWN STEP	2026-10-03T09:51:51.0758430Z ##[group]Runner Image
Broken VPS	UNKNOWN STEP	2026-10-03T09:51:51.0759069Z Image: ubuntu-24.04
Broken VPS	UNKNOWN STEP	2026-10-03T09:51:51.0759589Z Version: 20260927.320.1
Broken VPS	UNKNOWN STEP	2026-10-03T09:51:51.0760643Z Included Software: https://github.com/actions/runner-images/blob/ubuntu24/20260927.320/images/ubuntu/Ubuntu2404-Readme.md
Broken VPS	UNKNOWN STEP	2026-10-03T09:51:51.0761911Z Image Release: https://github.com/actions/runner-images/releases/tag/ubuntu24%2F20260927.320
Broken VPS	UNKNOWN STEP	2026-10-03T09:51:51.0762709Z ##[endgroup]
Broken VPS	UNKNOWN STEP	2026-10-03T09:51:51.0763695Z ##[group]GITHUB_TOKEN Permissions
Broken VPS	UNKNOWN STEP	2026-10-03T09:51:51.0765185Z Contents: read
Broken VPS	UNKNOWN STEP	2026-10-03T09:51:51.0765780Z Metadata: read
Broken VPS	UNKNOWN STEP	2026-10-03T09:51:51.0766566Z ##[endgroup]
Broken VPS	UNKNOWN STEP	2026-10-03T09:51:51.0768243Z Secret source: Actions
Broken VPS	UNKNOWN STEP	2026-10-03T09:51:51.0769307Z Cache mode: write
Broken VPS	UNKNOWN STEP	2026-10-03T09:51:51.0769901Z Prepare workflow directory
Broken VPS	UNKNOWN STEP	2026-10-03T09:51:51.1107425Z Prepare all required actions
Broken VPS	UNKNOWN STEP	2026-10-03T09:51:51.1151942Z Getting action download info
Broken VPS	UNKNOWN STEP	2026-10-03T09:51:51.4069604Z Download action repository 'actions/checkout@v7' (SHA:<hex>)
Broken VPS	UNKNOWN STEP	2026-10-03T09:51:51.4990128Z Download action repository 'oven-sh/setup-bun@v2' (SHA:<hex>)
Broken VPS	UNKNOWN STEP	2026-10-03T09:51:52.1696928Z Complete job name: Broken VPS
Broken VPS	UNKNOWN STEP	2026-10-03T09:51:52.2321667Z ##[group]Run actions/checkout@v7
Broken VPS	UNKNOWN STEP	2026-10-03T09:51:52.2322399Z with:
Broken VPS	UNKNOWN STEP	2026-10-03T09:51:52.2322840Z   repository: <org>/drangler
Broken VPS	UNKNOWN STEP	2026-10-03T09:51:52.2326198Z   token: ***
Broken VPS	UNKNOWN STEP	2026-10-03T09:51:52.2326577Z   ssh-strict: true
Broken VPS	UNKNOWN STEP	2026-10-03T09:51:52.2326962Z   ssh-user: git
Broken VPS	UNKNOWN STEP	2026-10-03T09:51:52.2327357Z   persist-credentials: true
Broken VPS	UNKNOWN STEP	2026-10-03T09:51:52.2327780Z   clean: true
Broken VPS	UNKNOWN STEP	2026-10-03T09:51:52.2328181Z   sparse-checkout-cone-mode: true
Broken VPS	UNKNOWN STEP	2026-10-03T09:51:52.2328787Z   fetch-depth: 1
Broken VPS	UNKNOWN STEP	2026-10-03T09:51:52.2329167Z   fetch-tags: false
Broken VPS	UNKNOWN STEP	2026-10-03T09:51:52.2329551Z   show-progress: true
Broken VPS	UNKNOWN STEP	2026-10-03T09:51:52.2329934Z   lfs: false
Broken VPS	UNKNOWN STEP	2026-10-03T09:51:52.2330305Z   submodules: false
Broken VPS	UNKNOWN STEP	2026-10-03T09:51:52.2330706Z   set-safe-directory: true
Broken VPS	UNKNOWN STEP	2026-10-03T09:51:52.2331141Z   allow-unsafe-pr-checkout: false
Broken VPS	UNKNOWN STEP	2026-10-03T09:51:52.2331743Z env:
Broken VPS	UNKNOWN STEP	2026-10-03T09:51:52.2332098Z   REQUIRE_DOCKER: 1
Broken VPS	UNKNOWN STEP	2026-10-03T09:51:52.2332477Z   REQUIRE_BROKEN: 1
Broken VPS	UNKNOWN STEP	2026-10-03T09:51:52.2332851Z ##[endgroup]
Broken VPS	UNKNOWN STEP	2026-10-03T09:51:52.3116160Z Syncing repository: <org>/drangler
Broken VPS	UNKNOWN STEP	2026-10-03T09:51:52.3117719Z ##[group]Getting Git version info
Broken VPS	UNKNOWN STEP	2026-10-03T09:51:52.3118358Z Working directory is '/home/runner/work/drangler/drangler'
Broken VPS	UNKNOWN STEP	2026-10-03T09:51:52.3119836Z [command]/usr/bin/git version
Broken VPS	UNKNOWN STEP	2026-10-03T09:51:52.3209955Z git version 2.55.0
Broken VPS	UNKNOWN STEP	2026-10-03T09:51:52.3230667Z ##[endgroup]
Broken VPS	UNKNOWN STEP	2026-10-03T09:51:52.3237925Z Temporarily overriding HOME='/home/runner/work/_temp/<uuid>' before making global git config changes
Broken VPS	UNKNOWN STEP	2026-10-03T09:51:52.3240471Z Adding repository directory to the temporary git global config as a safe directory
Broken VPS	UNKNOWN STEP	2026-10-03T09:51:52.3243689Z [command]/usr/bin/git config --global --add safe.directory /home/runner/work/drangler/drangler
Broken VPS	UNKNOWN STEP	2026-10-03T09:51:52.3289869Z Deleting the contents of '/home/runner/work/drangler/drangler'
Broken VPS	UNKNOWN STEP	2026-10-03T09:51:52.3293911Z ##[group]Determining repository object format
Broken VPS	UNKNOWN STEP	2026-10-03T09:51:52.3295493Z ##[endgroup]
Broken VPS	UNKNOWN STEP	2026-10-03T09:51:52.3296718Z ##[group]Initializing the repository
Broken VPS	UNKNOWN STEP	2026-10-03T09:51:52.3299142Z [command]/usr/bin/git init /home/runner/work/drangler/drangler
Broken VPS	UNKNOWN STEP	2026-10-03T09:51:52.3401478Z hint: Using 'master' as the name for the initial branch. This default branch name
Broken VPS	UNKNOWN STEP	2026-10-03T09:51:52.3402603Z hint: will change to "main" in Git 3.0. To configure the initial branch name
Broken VPS	UNKNOWN STEP	2026-10-03T09:51:52.3403416Z hint: to use in all of your new repositories, which will suppress this warning,
Broken VPS	UNKNOWN STEP	2026-10-03T09:51:52.3404052Z hint: call:
Broken VPS	UNKNOWN STEP	2026-10-03T09:51:52.3404405Z hint:
Broken VPS	UNKNOWN STEP	2026-10-03T09:51:52.3404859Z hint: 	git config --global init.defaultBranch <name>
Broken VPS	UNKNOWN STEP	2026-10-03T09:51:52.3405499Z hint:
Broken VPS	UNKNOWN STEP	2026-10-03T09:51:52.3406047Z hint: Names commonly chosen instead of 'master' are 'main', 'trunk' and
Broken VPS	UNKNOWN STEP	2026-10-03T09:51:52.3407169Z hint: 'development'. The just-created branch can be renamed via this command:
Broken VPS	UNKNOWN STEP	2026-10-03T09:51:52.3408036Z hint:
Broken VPS	UNKNOWN STEP	2026-10-03T09:51:52.3408888Z hint: 	git branch -m <name>
Broken VPS	UNKNOWN STEP	2026-10-03T09:51:52.3409582Z hint:
Broken VPS	UNKNOWN STEP	2026-10-03T09:51:52.3410539Z hint: Disable this message with "git config set advice.defaultBranchName false"
Broken VPS	UNKNOWN STEP	2026-10-03T09:51:52.3415569Z Initialized empty Git repository in /home/runner/work/drangler/drangler/.git/
Broken VPS	UNKNOWN STEP	2026-10-03T09:51:52.3426546Z [command]/usr/bin/git remote add origin https://github.com/<org>/drangler
Broken VPS	UNKNOWN STEP	2026-10-03T09:51:52.3476096Z ##[endgroup]
Broken VPS	UNKNOWN STEP	2026-10-03T09:51:52.3477136Z ##[group]Disabling automatic garbage collection
Broken VPS	UNKNOWN STEP	2026-10-03T09:51:52.3479463Z [command]/usr/bin/git config --local gc.auto 0
Broken VPS	UNKNOWN STEP	2026-10-03T09:51:52.3508992Z ##[endgroup]
Broken VPS	UNKNOWN STEP	2026-10-03T09:51:52.3510005Z ##[group]Setting up auth
Broken VPS	UNKNOWN STEP	2026-10-03T09:51:52.3510765Z Removing SSH command configuration
Broken VPS	UNKNOWN STEP	2026-10-03T09:51:52.3513779Z [command]/usr/bin/git config --local --name-only --get-regexp core\.sshCommand
Broken VPS	UNKNOWN STEP	2026-10-03T09:51:52.3543692Z [command]/usr/bin/git submodule foreach --recursive sh -c "git config --local --name-only --get-regexp 'core\.sshCommand' && git config --local --unset-all 'core.sshCommand' || :"
Broken VPS	UNKNOWN STEP	2026-10-03T09:51:52.3860160Z Removing HTTP extra header
Broken VPS	UNKNOWN STEP	2026-10-03T09:51:52.3866343Z [command]/usr/bin/git config --local --name-only --get-regexp http\.https\:\/\/github\.com\/\.extraheader
Broken VPS	UNKNOWN STEP	2026-10-03T09:51:52.3897763Z [command]/usr/bin/git submodule foreach --recursive sh -c "git config --local --name-only --get-regexp 'http\.https\:\/\/github\.com\/\.extraheader' && git config --local --unset-all 'http.https://github.com/.extraheader' || :"
Broken VPS	UNKNOWN STEP	2026-10-03T09:51:52.4085480Z Removing includeIf entries pointing to credentials config files
Broken VPS	UNKNOWN STEP	2026-10-03T09:51:52.4086353Z [command]/usr/bin/git config --local --name-only --get-regexp ^includeIf\.gitdir:
Broken VPS	UNKNOWN STEP	2026-10-03T09:51:52.4114071Z [command]/usr/bin/git submodule foreach --recursive git config --local --show-origin --name-only --get-regexp remote.origin.url
Broken VPS	UNKNOWN STEP	2026-10-03T09:51:52.4307104Z [command]/usr/bin/git config --file /home/runner/work/_temp/git-credentials-<uuid>.config http.https://github.com/.extraheader AUTHORIZATION: basic ***
Broken VPS	UNKNOWN STEP	2026-10-03T09:51:52.4339696Z [command]/usr/bin/git config --local includeIf.gitdir:/home/runner/work/drangler/drangler/.git.path /home/runner/work/_temp/git-credentials-<uuid>.config
Broken VPS	UNKNOWN STEP	2026-10-03T09:51:52.4368225Z [command]/usr/bin/git config --local includeIf.gitdir:/home/runner/work/drangler/drangler/.git/worktrees/*.path /home/runner/work/_temp/git-credentials-<uuid>.config
Broken VPS	UNKNOWN STEP	2026-10-03T09:51:52.4399934Z [command]/usr/bin/git config --local includeIf.gitdir:/github/workspace/.git.path /github/runner_temp/git-credentials-<uuid>.config
Broken VPS	UNKNOWN STEP	2026-10-03T09:51:52.4428875Z [command]/usr/bin/git config --local includeIf.gitdir:/github/workspace/.git/worktrees/*.path /github/runner_temp/git-credentials-<uuid>.config
Broken VPS	UNKNOWN STEP	2026-10-03T09:51:52.4454599Z ##[endgroup]
Broken VPS	UNKNOWN STEP	2026-10-03T09:51:52.4455245Z ##[group]Fetching the repository
Broken VPS	UNKNOWN STEP	2026-10-03T09:51:52.4459785Z [command]/usr/bin/git -c protocol.version=2 fetch --no-tags --prune --no-recurse-submodules --depth=1 origin +df6dce4b00d66439e0c1258c862da36342a7488a:refs/remotes/origin/master
Broken VPS	UNKNOWN STEP	2026-10-03T09:51:53.2753275Z From https://github.com/<org>/drangler
Broken VPS	UNKNOWN STEP	2026-10-03T09:51:53.2754431Z  * [new ref]         df6dce4b00d66439e0c1258c862da36342a7488a -> origin/master
Broken VPS	UNKNOWN STEP	2026-10-03T09:51:53.2761032Z [command]/usr/bin/git branch --list --remote origin/master
Broken VPS	UNKNOWN STEP	2026-10-03T09:51:53.2785492Z   origin/master
Broken VPS	UNKNOWN STEP	2026-10-03T09:51:53.2791866Z [command]/usr/bin/git rev-parse refs/remotes/origin/master
Broken VPS	UNKNOWN STEP	2026-10-03T09:51:53.2813788Z df6dce4b00d66439e0c1258c862da36342a7488a
Broken VPS	UNKNOWN STEP	2026-10-03T09:51:53.2817563Z ##[endgroup]
Broken VPS	UNKNOWN STEP	2026-10-03T09:51:53.2818848Z ##[group]Determining the checkout info
Broken VPS	UNKNOWN STEP	2026-10-03T09:51:53.2820119Z ##[endgroup]
Broken VPS	UNKNOWN STEP	2026-10-03T09:51:53.2821139Z [command]/usr/bin/git sparse-checkout disable
Broken VPS	UNKNOWN STEP	2026-10-03T09:51:53.2868858Z [command]/usr/bin/git config --local --unset-all extensions.worktreeConfig
Broken VPS	UNKNOWN STEP	2026-10-03T09:51:53.2897061Z ##[group]Checking out the ref
Broken VPS	UNKNOWN STEP	2026-10-03T09:51:53.2900196Z [command]/usr/bin/git checkout --progress --force -B master refs/remotes/origin/master
Broken VPS	UNKNOWN STEP	2026-10-03T09:51:53.3099648Z Reset branch 'master'
Broken VPS	UNKNOWN STEP	2026-10-03T09:51:53.3105354Z branch 'master' set up to track 'origin/master'.
Broken VPS	UNKNOWN STEP	2026-10-03T09:51:53.3112315Z ##[endgroup]
Broken VPS	UNKNOWN STEP	2026-10-03T09:51:53.3151780Z [command]/usr/bin/git log -1 --format=%H
Broken VPS	UNKNOWN STEP	2026-10-03T09:51:53.3183069Z df6dce4b00d66439e0c1258c862da36342a7488a
Broken VPS	UNKNOWN STEP	2026-10-03T09:51:53.3467259Z ##[group]Run oven-sh/setup-bun@v2
Broken VPS	UNKNOWN STEP	2026-10-03T09:51:53.3468184Z with:
Broken VPS	UNKNOWN STEP	2026-10-03T09:51:53.3469022Z   bun-version: latest
Broken VPS	UNKNOWN STEP	2026-10-03T09:51:53.3469851Z   no-cache: false
Broken VPS	UNKNOWN STEP	2026-10-03T09:51:53.3477464Z   token: ***
Broken VPS	UNKNOWN STEP	2026-10-03T09:51:53.3478161Z env:
Broken VPS	UNKNOWN STEP	2026-10-03T09:51:53.3478916Z   REQUIRE_DOCKER: 1
Broken VPS	UNKNOWN STEP	2026-10-03T09:51:53.3479669Z   REQUIRE_BROKEN: 1
Broken VPS	UNKNOWN STEP	2026-10-03T09:51:53.3480402Z ##[endgroup]
Broken VPS	UNKNOWN STEP	2026-10-03T09:51:53.8856687Z Downloading a new version of Bun: https://github.com/oven-sh/bun/releases/download/bun-v1.4.2/bun-linux-x64.zip
Broken VPS	UNKNOWN STEP	2026-10-03T09:51:54.2818195Z [command]/usr/bin/unzip -o -q /home/runner/work/_temp/<uuid>.zip
Broken VPS	UNKNOWN STEP	2026-10-03T09:51:54.8103336Z [command]/home/runner/.bun/bin/bun --revision
Broken VPS	UNKNOWN STEP	2026-10-03T09:51:54.8144786Z 1.4.2+744846f84
Broken VPS	UNKNOWN STEP	2026-10-03T09:51:54.8336569Z ##[group]Run bun install --frozen-lockfile
Broken VPS	UNKNOWN STEP	2026-10-03T09:51:54.8336941Z ^[[36;1mbun install --frozen-lockfile^[[0m
Broken VPS	UNKNOWN STEP	2026-10-03T09:51:54.9483603Z shell: /usr/bin/bash -e {0}
Broken VPS	UNKNOWN STEP	2026-10-03T09:51:54.9483886Z env:
Broken VPS	UNKNOWN STEP	2026-10-03T09:51:54.9484075Z   REQUIRE_DOCKER: 1
Broken VPS	UNKNOWN STEP	2026-10-03T09:51:54.9484261Z   REQUIRE_BROKEN: 1
Broken VPS	UNKNOWN STEP	2026-10-03T09:51:54.9484454Z ##[endgroup]
Broken VPS	UNKNOWN STEP	2026-10-03T09:51:54.9605517Z bun install v1.4.2 (744846f84)
Broken VPS	UNKNOWN STEP	2026-10-03T09:51:56.1489062Z 
Broken VPS	UNKNOWN STEP	2026-10-03T09:51:56.1489647Z $ husky
Broken VPS	UNKNOWN STEP	2026-10-03T09:51:56.2301005Z 
Broken VPS	UNKNOWN STEP	2026-10-03T09:51:56.2301671Z + @cloudflare/workers-types@5.20260815.1
Broken VPS	UNKNOWN STEP	2026-10-03T09:51:56.2328509Z + @types/node@26.2.0
Broken VPS	UNKNOWN STEP	2026-10-03T09:51:56.2329129Z + @vitest/coverage-v8@4.1.10
Broken VPS	UNKNOWN STEP	2026-10-03T09:51:56.2329451Z + husky@9.1.7
Broken VPS	UNKNOWN STEP	2026-10-03T09:51:56.2329719Z + lint-staged@17.3.0
Broken VPS	UNKNOWN STEP	2026-10-03T09:51:56.2330041Z + prettier@3.9.6
Broken VPS	UNKNOWN STEP	2026-10-03T09:51:56.2330363Z + prettier-plugin-organize-imports@4.3.0
Broken VPS	UNKNOWN STEP	2026-10-03T09:51:56.2330761Z + prettier-plugin-sh@0.20.2
Broken VPS	UNKNOWN STEP	2026-10-03T09:51:56.2331091Z + typedoc@0.28.20
Broken VPS	UNKNOWN STEP	2026-10-03T09:51:56.2331438Z + typescript@5.9.3
Broken VPS	UNKNOWN STEP	2026-10-03T09:51:56.2331711Z + vitest@4.1.10
Broken VPS	UNKNOWN STEP	2026-10-03T09:51:56.2331969Z + wrangler@4.146.0
Broken VPS	UNKNOWN STEP	2026-10-03T09:51:56.2332250Z + <private-pkg>@0.2.0
Broken VPS	UNKNOWN STEP	2026-10-03T09:51:56.2332585Z + @napi-rs/keyring@2.1.0
Broken VPS	UNKNOWN STEP	2026-10-03T09:51:56.2332912Z + commander@15.0.0
Broken VPS	UNKNOWN STEP	2026-10-03T09:51:56.2333089Z 
Broken VPS	UNKNOWN STEP	2026-10-03T09:51:56.2333241Z 137 packages installed [1270.00ms]
Broken VPS	UNKNOWN STEP	2026-10-03T09:51:56.2368548Z ##[group]Run bun tests/e2e/stack.ts broken
Broken VPS	UNKNOWN STEP	2026-10-03T09:51:56.2369090Z ^[[36;1mbun tests/e2e/stack.ts broken^[[0m
Broken VPS	UNKNOWN STEP	2026-10-03T09:51:56.2428415Z shell: /usr/bin/bash -e {0}
Broken VPS	UNKNOWN STEP	2026-10-03T09:51:56.2428804Z env:
Broken VPS	UNKNOWN STEP	2026-10-03T09:51:56.2428971Z   REQUIRE_DOCKER: 1
Broken VPS	UNKNOWN STEP	2026-10-03T09:51:56.2429145Z   REQUIRE_BROKEN: 1
Broken VPS	UNKNOWN STEP	2026-10-03T09:51:56.2429314Z ##[endgroup]
Broken VPS	UNKNOWN STEP	2026-10-03T09:51:56.2590525Z [e2e] bringing the stack and the broken arm up
Broken VPS	UNKNOWN STEP	2026-10-03T09:52:59.9386739Z [e2e] ready
Broken VPS	UNKNOWN STEP	2026-10-03T09:52:59.9432654Z ##[group]Run bunx vitest run --project=e2e tests/e2e/doctor-source.spec.ts
Broken VPS	UNKNOWN STEP	2026-10-03T09:52:59.9433390Z ^[[36;1mbunx vitest run --project=e2e tests/e2e/doctor-source.spec.ts^[[0m
Broken VPS	UNKNOWN STEP	2026-10-03T09:52:59.9489779Z shell: /usr/bin/bash -e {0}
Broken VPS	UNKNOWN STEP	2026-10-03T09:52:59.9489990Z env:
Broken VPS	UNKNOWN STEP	2026-10-03T09:52:59.9490155Z   REQUIRE_DOCKER: 1
Broken VPS	UNKNOWN STEP	2026-10-03T09:52:59.9490331Z   REQUIRE_BROKEN: 1
Broken VPS	UNKNOWN STEP	2026-10-03T09:52:59.9490499Z ##[endgroup]
Broken VPS	UNKNOWN STEP	2026-10-03T09:53:01.3136248Z 
Broken VPS	UNKNOWN STEP	2026-10-03T09:53:01.3139245Z ^[[1m^[[30m^[[46m RUN ^[[49m^[[39m^[[22m ^[[36mv4.1.10 ^[[39m^[[90m/home/runner/work/drangler/drangler^[[39m
Broken VPS	UNKNOWN STEP	2026-10-03T09:53:01.3139803Z 
Broken VPS	UNKNOWN STEP	2026-10-03T09:55:17.3893745Z  ^[[32m✓^[[39m ^[[30m^[[45m e2e ^[[49m^[[39m tests/e2e/doctor-source.spec.ts ^[[2m(^[[22m^[[2m5 tests^[[22m^[[2m)^[[22m^[[33m 135724^[[2mms^[[22m^[[39m
Broken VPS	UNKNOWN STEP	2026-10-03T09:55:17.3895043Z      ^[[33m^[[2m✓^[[22m^[[39m reports php-broken, and stops there because nothing below it was measured ^[[33m 23482^[[2mms^[[22m^[[39m
Broken VPS	UNKNOWN STEP	2026-10-03T09:55:17.3895801Z      ^[[33m^[[2m✓^[[22m^[[39m reports drush-absent as a warning rather than as four blockers ^[[33m 22646^[[2mms^[[22m^[[39m
Broken VPS	UNKNOWN STEP	2026-10-03T09:55:17.3896340Z      ^[[33m^[[2m✓^[[22m^[[39m reports db-unreachable with the driver named ^[[33m 23696^[[2mms^[[22m^[[39m
Broken VPS	UNKNOWN STEP	2026-10-03T09:55:17.3896876Z      ^[[33m^[[2m✓^[[22m^[[39m reports files-missing when the directory is not there ^[[33m 24132^[[2mms^[[22m^[[39m
Broken VPS	UNKNOWN STEP	2026-10-03T09:55:17.3897492Z      ^[[33m^[[2m✓^[[22m^[[39m reports bootstrap-fail on a truncated settings.php ^[[33m 23213^[[2mms^[[22m^[[39m
Broken VPS	UNKNOWN STEP	2026-10-03T09:55:17.3918942Z 
Broken VPS	UNKNOWN STEP	2026-10-03T09:55:17.3923553Z ^[[2m Test Files ^[[22m ^[[1m^[[32m1 passed^[[39m^[[22m^[[90m (1)^[[39m
Broken VPS	UNKNOWN STEP	2026-10-03T09:55:17.3924084Z ^[[2m      Tests ^[[22m ^[[1m^[[32m5 passed^[[39m^[[22m^[[90m (5)^[[39m
Broken VPS	UNKNOWN STEP	2026-10-03T09:55:17.3924536Z ^[[2m   Start at ^[[22m 09:53:01
Broken VPS	UNKNOWN STEP	2026-10-03T09:55:17.3925152Z ^[[2m   Duration ^[[22m 136.07s^[[2m (transform 140ms, setup 0ms, import 257ms, tests 135.72s, environment 0ms)^[[22m
Broken VPS	UNKNOWN STEP	2026-10-03T09:55:17.3926140Z 
Broken VPS	UNKNOWN STEP	2026-10-03T09:55:17.4115080Z ##[group]Run docker compose -f docker/compose.yml --profile broken down -v --remove-orphans
Broken VPS	UNKNOWN STEP	2026-10-03T09:55:17.4115597Z ^[[36;1mdocker compose -f docker/compose.yml --profile broken down -v --remove-orphans^[[0m
Broken VPS	UNKNOWN STEP	2026-10-03T09:55:17.4171287Z shell: /usr/bin/bash -e {0}
Broken VPS	UNKNOWN STEP	2026-10-03T09:55:17.4171514Z env:
Broken VPS	UNKNOWN STEP	2026-10-03T09:55:17.4171675Z   REQUIRE_DOCKER: 1
Broken VPS	UNKNOWN STEP	2026-10-03T09:55:17.4171842Z   REQUIRE_BROKEN: 1
Broken VPS	UNKNOWN STEP	2026-10-03T09:55:17.4172001Z ##[endgroup]
Broken VPS	UNKNOWN STEP	2026-10-03T09:55:17.4771742Z  Container docker-vps-broken-1  Stopping
Broken VPS	UNKNOWN STEP	2026-10-03T09:55:17.4772603Z  Container docker-drupal-1  Stopping
Broken VPS	UNKNOWN STEP	2026-10-03T09:55:19.3281361Z  Container docker-vps-broken-1  Stopped
Broken VPS	UNKNOWN STEP	2026-10-03T09:55:19.3281764Z  Container docker-vps-broken-1  Removing
Broken VPS	UNKNOWN STEP	2026-10-03T09:55:19.3282135Z  Container docker-drupal-1  Stopped
Broken VPS	UNKNOWN STEP	2026-10-03T09:55:19.3282474Z  Container docker-drupal-1  Removing
Broken VPS	UNKNOWN STEP	2026-10-03T09:55:19.8627117Z  Container docker-drupal-1  Removed
Broken VPS	UNKNOWN STEP	2026-10-03T09:55:19.8652420Z  Container docker-vps-broken-1  Removed
Broken VPS	UNKNOWN STEP	2026-10-03T09:55:19.8653012Z  Container docker-db-1  Stopping
Broken VPS	UNKNOWN STEP	2026-10-03T09:55:20.0579913Z  Container docker-db-1  Stopped
Broken VPS	UNKNOWN STEP	2026-10-03T09:55:20.0580333Z  Container docker-db-1  Removing
Broken VPS	UNKNOWN STEP	2026-10-03T09:55:20.1217417Z  Container docker-db-1  Removed
Broken VPS	UNKNOWN STEP	2026-10-03T09:55:20.1223561Z  Network docker_default  Removing
Broken VPS	UNKNOWN STEP	2026-10-03T09:55:20.2097516Z  Network docker_default  Removed
Broken VPS	UNKNOWN STEP	2026-10-03T09:55:20.2206794Z Post job cleanup.
Broken VPS	UNKNOWN STEP	2026-10-03T09:55:20.3620266Z Post job cleanup.
Broken VPS	UNKNOWN STEP	2026-10-03T09:55:20.4347833Z [command]/usr/bin/git version
Broken VPS	UNKNOWN STEP	2026-10-03T09:55:20.4382402Z git version 2.55.0
Broken VPS	UNKNOWN STEP	2026-10-03T09:55:20.4416180Z Temporarily overriding HOME='/home/runner/work/_temp/<uuid>' before making global git config changes
Broken VPS	UNKNOWN STEP	2026-10-03T09:55:20.4417186Z Adding repository directory to the temporary git global config as a safe directory
Broken VPS	UNKNOWN STEP	2026-10-03T09:55:20.4419813Z [command]/usr/bin/git config --global --add safe.directory /home/runner/work/drangler/drangler
Broken VPS	UNKNOWN STEP	2026-10-03T09:55:20.4448118Z Removing SSH command configuration
Broken VPS	UNKNOWN STEP	2026-10-03T09:55:20.4453489Z [command]/usr/bin/git config --local --name-only --get-regexp core\.sshCommand
Broken VPS	UNKNOWN STEP	2026-10-03T09:55:20.4484945Z [command]/usr/bin/git submodule foreach --recursive sh -c "git config --local --name-only --get-regexp 'core\.sshCommand' && git config --local --unset-all 'core.sshCommand' || :"
Broken VPS	UNKNOWN STEP	2026-10-03T09:55:20.4691861Z Removing HTTP extra header
Broken VPS	UNKNOWN STEP	2026-10-03T09:55:20.4697084Z [command]/usr/bin/git config --local --name-only --get-regexp http\.https\:\/\/github\.com\/\.extraheader
Broken VPS	UNKNOWN STEP	2026-10-03T09:55:20.4728850Z [command]/usr/bin/git submodule foreach --recursive sh -c "git config --local --name-only --get-regexp 'http\.https\:\/\/github\.com\/\.extraheader' && git config --local --unset-all 'http.https://github.com/.extraheader' || :"
Broken VPS	UNKNOWN STEP	2026-10-03T09:55:20.4952254Z Removing includeIf entries pointing to credentials config files
Broken VPS	UNKNOWN STEP	2026-10-03T09:55:20.4958389Z [command]/usr/bin/git config --local --name-only --get-regexp ^includeIf\.gitdir:
Broken VPS	UNKNOWN STEP	2026-10-03T09:55:20.4987633Z includeif.gitdir:/home/runner/work/drangler/drangler/.git.path
Broken VPS	UNKNOWN STEP	2026-10-03T09:55:20.4988412Z includeif.gitdir:/home/runner/work/drangler/drangler/.git/worktrees/*.path
Broken VPS	UNKNOWN STEP	2026-10-03T09:55:20.4989217Z includeif.gitdir:/github/workspace/.git.path
Broken VPS	UNKNOWN STEP	2026-10-03T09:55:20.4989841Z includeif.gitdir:/github/workspace/.git/worktrees/*.path
Broken VPS	UNKNOWN STEP	2026-10-03T09:55:20.4995106Z [command]/usr/bin/git config --local --get-all includeif.gitdir:/home/runner/work/drangler/drangler/.git.path
Broken VPS	UNKNOWN STEP	2026-10-03T09:55:20.5017572Z /home/runner/work/_temp/git-credentials-<uuid>.config
Broken VPS	UNKNOWN STEP	2026-10-03T09:55:20.5025788Z [command]/usr/bin/git config --local --unset includeif.gitdir:/home/runner/work/drangler/drangler/.git.path \/home\/runner\/work\/_temp\/git\-credentials\-<uuid>\.config
Broken VPS	UNKNOWN STEP	2026-10-03T09:55:20.5061519Z [command]/usr/bin/git config --local --get-all includeif.gitdir:/home/runner/work/drangler/drangler/.git/worktrees/*.path
Broken VPS	UNKNOWN STEP	2026-10-03T09:55:20.5084912Z /home/runner/work/_temp/git-credentials-<uuid>.config
Broken VPS	UNKNOWN STEP	2026-10-03T09:55:20.5098797Z [command]/usr/bin/git config --local --unset includeif.gitdir:/home/runner/work/drangler/drangler/.git/worktrees/*.path \/home\/runner\/work\/_temp\/git\-credentials\-<uuid>\.config
Broken VPS	UNKNOWN STEP	2026-10-03T09:55:20.5132286Z [command]/usr/bin/git config --local --get-all includeif.gitdir:/github/workspace/.git.path
Broken VPS	UNKNOWN STEP	2026-10-03T09:55:20.5154939Z /github/runner_temp/git-credentials-<uuid>.config
Broken VPS	UNKNOWN STEP	2026-10-03T09:55:20.5161225Z [command]/usr/bin/git config --local --unset includeif.gitdir:/github/workspace/.git.path \/github\/runner_temp\/git\-credentials\-<uuid>\.config
Broken VPS	UNKNOWN STEP	2026-10-03T09:55:20.5192238Z [command]/usr/bin/git config --local --get-all includeif.gitdir:/github/workspace/.git/worktrees/*.path
Broken VPS	UNKNOWN STEP	2026-10-03T09:55:20.5213946Z /github/runner_temp/git-credentials-<uuid>.config
Broken VPS	UNKNOWN STEP	2026-10-03T09:55:20.5220992Z [command]/usr/bin/git config --local --unset includeif.gitdir:/github/workspace/.git/worktrees/*.path \/github\/runner_temp\/git\-credentials\-<uuid>\.config
Broken VPS	UNKNOWN STEP	2026-10-03T09:55:20.5253066Z [command]/usr/bin/git submodule foreach --recursive git config --local --show-origin --name-only --get-regexp remote.origin.url
Broken VPS	UNKNOWN STEP	2026-10-03T09:55:20.5440881Z Removing credentials config '/home/runner/work/_temp/git-credentials-<uuid>.config'
Broken VPS	UNKNOWN STEP	2026-10-03T09:55:20.5566774Z Cleaning up orphan processes
