Docker E2E	UNKNOWN STEP	2026-10-04T10:34:33.1797260Z Current runner version: '2.337.0'
Docker E2E	UNKNOWN STEP	2026-10-04T10:34:33.1833712Z ##[group]Runner Image Provisioner
Docker E2E	UNKNOWN STEP	2026-10-04T10:34:33.1835250Z Hosted Compute Agent
Docker E2E	UNKNOWN STEP	2026-10-04T10:34:33.1836369Z Version: 20260901.588
Docker E2E	UNKNOWN STEP	2026-10-04T10:34:33.1837689Z Commit: <hex>
Docker E2E	UNKNOWN STEP	2026-10-04T10:34:33.1839034Z Build Date: 2026-09-01T19:56:44Z
Docker E2E	UNKNOWN STEP	2026-10-04T10:34:33.1840501Z Worker ID: {<uuid>}
Docker E2E	UNKNOWN STEP	2026-10-04T10:34:33.1841868Z Azure Region: northcentralus
Docker E2E	UNKNOWN STEP	2026-10-04T10:34:33.1842897Z ##[endgroup]
Docker E2E	UNKNOWN STEP	2026-10-04T10:34:33.1845360Z ##[group]Operating System
Docker E2E	UNKNOWN STEP	2026-10-04T10:34:33.1846457Z Ubuntu
Docker E2E	UNKNOWN STEP	2026-10-04T10:34:33.1847298Z 24.04.5
Docker E2E	UNKNOWN STEP	2026-10-04T10:34:33.1848354Z LTS
Docker E2E	UNKNOWN STEP	2026-10-04T10:34:33.1849194Z ##[endgroup]
Docker E2E	UNKNOWN STEP	2026-10-04T10:34:33.1850470Z ##[group]Runner Image
Docker E2E	UNKNOWN STEP	2026-10-04T10:34:33.1851668Z Image: ubuntu-24.04
Docker E2E	UNKNOWN STEP	2026-10-04T10:34:33.1852580Z Version: 20260927.320.1
Docker E2E	UNKNOWN STEP	2026-10-04T10:34:33.1855380Z Included Software: https://github.com/actions/runner-images/blob/ubuntu24/20260927.320/images/ubuntu/Ubuntu2404-Readme.md
Docker E2E	UNKNOWN STEP	2026-10-04T10:34:33.1858415Z Image Release: https://github.com/actions/runner-images/releases/tag/ubuntu24%2F20260927.320
Docker E2E	UNKNOWN STEP	2026-10-04T10:34:33.1860536Z ##[endgroup]
Docker E2E	UNKNOWN STEP	2026-10-04T10:34:33.1862699Z ##[group]GITHUB_TOKEN Permissions
Docker E2E	UNKNOWN STEP	2026-10-04T10:34:33.1865729Z Contents: read
Docker E2E	UNKNOWN STEP	2026-10-04T10:34:33.1866698Z Metadata: read
Docker E2E	UNKNOWN STEP	2026-10-04T10:34:33.1867820Z ##[endgroup]
Docker E2E	UNKNOWN STEP	2026-10-04T10:34:33.1871860Z Secret source: Actions
Docker E2E	UNKNOWN STEP	2026-10-04T10:34:33.1873543Z Cache mode: write
Docker E2E	UNKNOWN STEP	2026-10-04T10:34:33.1875218Z Prepare workflow directory
Docker E2E	UNKNOWN STEP	2026-10-04T10:34:33.2477176Z Prepare all required actions
Docker E2E	UNKNOWN STEP	2026-10-04T10:34:33.2552260Z Getting action download info
Docker E2E	UNKNOWN STEP	2026-10-04T10:34:33.5247852Z Download action repository 'actions/checkout@v7' (SHA:<hex>)
Docker E2E	UNKNOWN STEP	2026-10-04T10:34:33.6532065Z Download action repository 'actions/setup-node@v7' (SHA:<hex>)
Docker E2E	UNKNOWN STEP	2026-10-04T10:34:33.7902137Z Download action repository 'oven-sh/setup-bun@v2' (SHA:<hex>)
Docker E2E	UNKNOWN STEP	2026-10-04T10:34:34.0648023Z Download action repository 'actions/cache@v6' (SHA:<hex>)
Docker E2E	UNKNOWN STEP	2026-10-04T10:34:34.2607789Z Download action repository 'codecov/codecov-action@v7' (SHA:<hex>)
Docker E2E	UNKNOWN STEP	2026-10-04T10:34:34.5708525Z Getting action download info
Docker E2E	UNKNOWN STEP	2026-10-04T10:34:34.6832065Z Download action repository 'actions/github-script@<hex>' (SHA:<hex>)
Docker E2E	UNKNOWN STEP	2026-10-04T10:34:35.0447652Z Complete job name: Docker E2E
Docker E2E	UNKNOWN STEP	2026-10-04T10:34:35.1547726Z ##[group]Run actions/checkout@v7
Docker E2E	UNKNOWN STEP	2026-10-04T10:34:35.1549133Z with:
Docker E2E	UNKNOWN STEP	2026-10-04T10:34:35.1550389Z   repository: <org>/drangler
Docker E2E	UNKNOWN STEP	2026-10-04T10:34:35.1558731Z   token: ***
Docker E2E	UNKNOWN STEP	2026-10-04T10:34:35.1559812Z   ssh-strict: true
Docker E2E	UNKNOWN STEP	2026-10-04T10:34:35.1560735Z   ssh-user: git
Docker E2E	UNKNOWN STEP	2026-10-04T10:34:35.1561642Z   persist-credentials: true
Docker E2E	UNKNOWN STEP	2026-10-04T10:34:35.1562638Z   clean: true
Docker E2E	UNKNOWN STEP	2026-10-04T10:34:35.1563559Z   sparse-checkout-cone-mode: true
Docker E2E	UNKNOWN STEP	2026-10-04T10:34:35.1564641Z   fetch-depth: 1
Docker E2E	UNKNOWN STEP	2026-10-04T10:34:35.1565554Z   fetch-tags: false
Docker E2E	UNKNOWN STEP	2026-10-04T10:34:35.1566491Z   show-progress: true
Docker E2E	UNKNOWN STEP	2026-10-04T10:34:35.1567428Z   lfs: false
Docker E2E	UNKNOWN STEP	2026-10-04T10:34:35.1568286Z   submodules: false
Docker E2E	UNKNOWN STEP	2026-10-04T10:34:35.1569225Z   set-safe-directory: true
Docker E2E	UNKNOWN STEP	2026-10-04T10:34:35.1570413Z   allow-unsafe-pr-checkout: false
Docker E2E	UNKNOWN STEP	2026-10-04T10:34:35.1571778Z env:
Docker E2E	UNKNOWN STEP	2026-10-04T10:34:35.1572600Z   REQUIRE_DOCKER: 1
Docker E2E	UNKNOWN STEP	2026-10-04T10:34:35.1573490Z ##[endgroup]
Docker E2E	UNKNOWN STEP	2026-10-04T10:34:35.2765016Z Syncing repository: <org>/drangler
Docker E2E	UNKNOWN STEP	2026-10-04T10:34:35.2768226Z ##[group]Getting Git version info
Docker E2E	UNKNOWN STEP	2026-10-04T10:34:35.2769851Z Working directory is '/home/runner/work/drangler/drangler'
Docker E2E	UNKNOWN STEP	2026-10-04T10:34:35.2772018Z [command]/usr/bin/git version
Docker E2E	UNKNOWN STEP	2026-10-04T10:34:35.4524378Z git version 2.55.0
Docker E2E	UNKNOWN STEP	2026-10-04T10:34:35.4548937Z ##[endgroup]
Docker E2E	UNKNOWN STEP	2026-10-04T10:34:35.4561937Z Temporarily overriding HOME='/home/runner/work/_temp/<uuid>' before making global git config changes
Docker E2E	UNKNOWN STEP	2026-10-04T10:34:35.4567234Z Adding repository directory to the temporary git global config as a safe directory
Docker E2E	UNKNOWN STEP	2026-10-04T10:34:35.4572145Z [command]/usr/bin/git config --global --add safe.directory /home/runner/work/drangler/drangler
Docker E2E	UNKNOWN STEP	2026-10-04T10:34:35.4927285Z Deleting the contents of '/home/runner/work/drangler/drangler'
Docker E2E	UNKNOWN STEP	2026-10-04T10:34:35.4931753Z ##[group]Determining repository object format
Docker E2E	UNKNOWN STEP	2026-10-04T10:34:35.4935348Z ##[endgroup]
Docker E2E	UNKNOWN STEP	2026-10-04T10:34:35.4938120Z ##[group]Initializing the repository
Docker E2E	UNKNOWN STEP	2026-10-04T10:34:35.4940905Z [command]/usr/bin/git init /home/runner/work/drangler/drangler
Docker E2E	UNKNOWN STEP	2026-10-04T10:34:35.5652070Z hint: Using 'master' as the name for the initial branch. This default branch name
Docker E2E	UNKNOWN STEP	2026-10-04T10:34:35.5655969Z hint: will change to "main" in Git 3.0. To configure the initial branch name
Docker E2E	UNKNOWN STEP	2026-10-04T10:34:35.5659016Z hint: to use in all of your new repositories, which will suppress this warning,
Docker E2E	UNKNOWN STEP	2026-10-04T10:34:35.5661524Z hint: call:
Docker E2E	UNKNOWN STEP	2026-10-04T10:34:35.5662630Z hint:
Docker E2E	UNKNOWN STEP	2026-10-04T10:34:35.5663663Z hint: 	git config --global init.defaultBranch <name>
Docker E2E	UNKNOWN STEP	2026-10-04T10:34:35.5664926Z hint:
Docker E2E	UNKNOWN STEP	2026-10-04T10:34:35.5666359Z hint: Names commonly chosen instead of 'master' are 'main', 'trunk' and
Docker E2E	UNKNOWN STEP	2026-10-04T10:34:35.5668652Z hint: 'development'. The just-created branch can be renamed via this command:
Docker E2E	UNKNOWN STEP	2026-10-04T10:34:35.5670439Z hint:
Docker E2E	UNKNOWN STEP	2026-10-04T10:34:35.5671287Z hint: 	git branch -m <name>
Docker E2E	UNKNOWN STEP	2026-10-04T10:34:35.5672238Z hint:
Docker E2E	UNKNOWN STEP	2026-10-04T10:34:35.5673509Z hint: Disable this message with "git config set advice.defaultBranchName false"
Docker E2E	UNKNOWN STEP	2026-10-04T10:34:35.5675768Z Initialized empty Git repository in /home/runner/work/drangler/drangler/.git/
Docker E2E	UNKNOWN STEP	2026-10-04T10:34:35.5679036Z [command]/usr/bin/git remote add origin https://github.com/<org>/drangler
Docker E2E	UNKNOWN STEP	2026-10-04T10:34:35.6029147Z ##[endgroup]
Docker E2E	UNKNOWN STEP	2026-10-04T10:34:35.6031251Z ##[group]Disabling automatic garbage collection
Docker E2E	UNKNOWN STEP	2026-10-04T10:34:35.6032932Z [command]/usr/bin/git config --local gc.auto 0
Docker E2E	UNKNOWN STEP	2026-10-04T10:34:35.6065582Z ##[endgroup]
Docker E2E	UNKNOWN STEP	2026-10-04T10:34:35.6067725Z ##[group]Setting up auth
Docker E2E	UNKNOWN STEP	2026-10-04T10:34:35.6068898Z Removing SSH command configuration
Docker E2E	UNKNOWN STEP	2026-10-04T10:34:35.6071769Z [command]/usr/bin/git config --local --name-only --get-regexp core\.sshCommand
Docker E2E	UNKNOWN STEP	2026-10-04T10:34:35.6106827Z [command]/usr/bin/git submodule foreach --recursive sh -c "git config --local --name-only --get-regexp 'core\.sshCommand' && git config --local --unset-all 'core.sshCommand' || :"
Docker E2E	UNKNOWN STEP	2026-10-04T10:34:35.8894345Z Removing HTTP extra header
Docker E2E	UNKNOWN STEP	2026-10-04T10:34:35.8901467Z [command]/usr/bin/git config --local --name-only --get-regexp http\.https\:\/\/github\.com\/\.extraheader
Docker E2E	UNKNOWN STEP	2026-10-04T10:34:35.8937128Z [command]/usr/bin/git submodule foreach --recursive sh -c "git config --local --name-only --get-regexp 'http\.https\:\/\/github\.com\/\.extraheader' && git config --local --unset-all 'http.https://github.com/.extraheader' || :"
Docker E2E	UNKNOWN STEP	2026-10-04T10:34:35.9157889Z Removing includeIf entries pointing to credentials config files
Docker E2E	UNKNOWN STEP	2026-10-04T10:34:35.9162862Z [command]/usr/bin/git config --local --name-only --get-regexp ^includeIf\.gitdir:
Docker E2E	UNKNOWN STEP	2026-10-04T10:34:35.9200483Z [command]/usr/bin/git submodule foreach --recursive git config --local --show-origin --name-only --get-regexp remote.origin.url
Docker E2E	UNKNOWN STEP	2026-10-04T10:34:35.9433726Z [command]/usr/bin/git config --file /home/runner/work/_temp/git-credentials-<uuid>.config http.https://github.com/.extraheader AUTHORIZATION: basic ***
Docker E2E	UNKNOWN STEP	2026-10-04T10:34:35.9475286Z [command]/usr/bin/git config --local includeIf.gitdir:/home/runner/work/drangler/drangler/.git.path /home/runner/work/_temp/git-credentials-<uuid>.config
Docker E2E	UNKNOWN STEP	2026-10-04T10:34:35.9510776Z [command]/usr/bin/git config --local includeIf.gitdir:/home/runner/work/drangler/drangler/.git/worktrees/*.path /home/runner/work/_temp/git-credentials-<uuid>.config
Docker E2E	UNKNOWN STEP	2026-10-04T10:34:35.9553631Z [command]/usr/bin/git config --local includeIf.gitdir:/github/workspace/.git.path /github/runner_temp/git-credentials-<uuid>.config
Docker E2E	UNKNOWN STEP	2026-10-04T10:34:35.9589562Z [command]/usr/bin/git config --local includeIf.gitdir:/github/workspace/.git/worktrees/*.path /github/runner_temp/git-credentials-<uuid>.config
Docker E2E	UNKNOWN STEP	2026-10-04T10:34:35.9622772Z ##[endgroup]
Docker E2E	UNKNOWN STEP	2026-10-04T10:34:35.9625253Z ##[group]Fetching the repository
Docker E2E	UNKNOWN STEP	2026-10-04T10:34:35.9630871Z [command]/usr/bin/git -c protocol.version=2 fetch --no-tags --prune --no-recurse-submodules --depth=1 origin +df6dce4b00d66439e0c1258c862da36342a7488a:refs/remotes/origin/master
Docker E2E	UNKNOWN STEP	2026-10-04T10:34:36.6144574Z From https://github.com/<org>/drangler
Docker E2E	UNKNOWN STEP	2026-10-04T10:34:36.6147412Z  * [new ref]         df6dce4b00d66439e0c1258c862da36342a7488a -> origin/master
Docker E2E	UNKNOWN STEP	2026-10-04T10:34:36.6157429Z [command]/usr/bin/git branch --list --remote origin/master
Docker E2E	UNKNOWN STEP	2026-10-04T10:34:36.6191047Z   origin/master
Docker E2E	UNKNOWN STEP	2026-10-04T10:34:36.6201567Z [command]/usr/bin/git rev-parse refs/remotes/origin/master
Docker E2E	UNKNOWN STEP	2026-10-04T10:34:36.6231030Z df6dce4b00d66439e0c1258c862da36342a7488a
Docker E2E	UNKNOWN STEP	2026-10-04T10:34:36.6244938Z ##[endgroup]
Docker E2E	UNKNOWN STEP	2026-10-04T10:34:36.6247151Z ##[group]Determining the checkout info
Docker E2E	UNKNOWN STEP	2026-10-04T10:34:36.6250000Z ##[endgroup]
Docker E2E	UNKNOWN STEP	2026-10-04T10:34:36.6251476Z [command]/usr/bin/git sparse-checkout disable
Docker E2E	UNKNOWN STEP	2026-10-04T10:34:36.6538444Z [command]/usr/bin/git config --local --unset-all extensions.worktreeConfig
Docker E2E	UNKNOWN STEP	2026-10-04T10:34:36.6582627Z ##[group]Checking out the ref
Docker E2E	UNKNOWN STEP	2026-10-04T10:34:36.6588530Z [command]/usr/bin/git checkout --progress --force -B master refs/remotes/origin/master
Docker E2E	UNKNOWN STEP	2026-10-04T10:34:36.6795175Z Reset branch 'master'
Docker E2E	UNKNOWN STEP	2026-10-04T10:34:36.6802727Z branch 'master' set up to track 'origin/master'.
Docker E2E	UNKNOWN STEP	2026-10-04T10:34:36.6812360Z ##[endgroup]
Docker E2E	UNKNOWN STEP	2026-10-04T10:34:36.6880034Z [command]/usr/bin/git log -1 --format=%H
Docker E2E	UNKNOWN STEP	2026-10-04T10:34:36.6911347Z df6dce4b00d66439e0c1258c862da36342a7488a
Docker E2E	UNKNOWN STEP	2026-10-04T10:34:36.7170387Z ##[group]Run actions/setup-node@v7
Docker E2E	UNKNOWN STEP	2026-10-04T10:34:36.7170778Z with:
Docker E2E	UNKNOWN STEP	2026-10-04T10:34:36.7171036Z   node-version: 24
Docker E2E	UNKNOWN STEP	2026-10-04T10:34:36.7171325Z   check-latest: false
Docker E2E	UNKNOWN STEP	2026-10-04T10:34:36.7174099Z   token: ***
Docker E2E	UNKNOWN STEP	2026-10-04T10:34:36.7174381Z   package-manager-cache: true
Docker E2E	UNKNOWN STEP	2026-10-04T10:34:36.7174713Z env:
Docker E2E	UNKNOWN STEP	2026-10-04T10:34:36.7174956Z   REQUIRE_DOCKER: 1
Docker E2E	UNKNOWN STEP	2026-10-04T10:34:36.7175220Z ##[endgroup]
Docker E2E	UNKNOWN STEP	2026-10-04T10:34:36.8739169Z Found in cache @ /opt/hostedtoolcache/node/24.21.0/x64
Docker E2E	UNKNOWN STEP	2026-10-04T10:34:36.8740805Z ##[group]Environment details
Docker E2E	UNKNOWN STEP	2026-10-04T10:34:40.2214903Z node: v24.21.0
Docker E2E	UNKNOWN STEP	2026-10-04T10:34:40.2215329Z npm: 11.19.0
Docker E2E	UNKNOWN STEP	2026-10-04T10:34:40.2215562Z yarn: 1.22.22
Docker E2E	UNKNOWN STEP	2026-10-04T10:34:40.2216229Z ##[endgroup]
Docker E2E	UNKNOWN STEP	2026-10-04T10:34:40.2380851Z ##[group]Run oven-sh/setup-bun@v2
Docker E2E	UNKNOWN STEP	2026-10-04T10:34:40.2381160Z with:
Docker E2E	UNKNOWN STEP	2026-10-04T10:34:40.2381371Z   bun-version: latest
Docker E2E	UNKNOWN STEP	2026-10-04T10:34:40.2381610Z   no-cache: false
Docker E2E	UNKNOWN STEP	2026-10-04T10:34:40.2383999Z   token: ***
Docker E2E	UNKNOWN STEP	2026-10-04T10:34:40.2384203Z env:
Docker E2E	UNKNOWN STEP	2026-10-04T10:34:40.2384395Z   REQUIRE_DOCKER: 1
Docker E2E	UNKNOWN STEP	2026-10-04T10:34:40.2384614Z ##[endgroup]
Docker E2E	UNKNOWN STEP	2026-10-04T10:34:40.7623948Z Downloading a new version of Bun: https://github.com/oven-sh/bun/releases/download/bun-v1.4.2/bun-linux-x64.zip
Docker E2E	UNKNOWN STEP	2026-10-04T10:34:41.0422937Z [command]/usr/bin/unzip -o -q /home/runner/work/_temp/<uuid>.zip
Docker E2E	UNKNOWN STEP	2026-10-04T10:34:41.6698331Z [command]/home/runner/.bun/bin/bun --revision
Docker E2E	UNKNOWN STEP	2026-10-04T10:34:41.6754076Z 1.4.2+744846f84
Docker E2E	UNKNOWN STEP	2026-10-04T10:34:41.6928501Z ##[group]Run bun install --frozen-lockfile
Docker E2E	UNKNOWN STEP	2026-10-04T10:34:41.6928971Z ^[[36;1mbun install --frozen-lockfile^[[0m
Docker E2E	UNKNOWN STEP	2026-10-04T10:34:41.7283893Z shell: /usr/bin/bash -e {0}
Docker E2E	UNKNOWN STEP	2026-10-04T10:34:41.7284340Z env:
Docker E2E	UNKNOWN STEP	2026-10-04T10:34:41.7284653Z   REQUIRE_DOCKER: 1
Docker E2E	UNKNOWN STEP	2026-10-04T10:34:41.7285016Z ##[endgroup]
Docker E2E	UNKNOWN STEP	2026-10-04T10:34:41.7443839Z bun install v1.4.2 (744846f84)
Docker E2E	UNKNOWN STEP	2026-10-04T10:34:42.6740989Z 
Docker E2E	UNKNOWN STEP	2026-10-04T10:34:42.6741631Z $ husky
Docker E2E	UNKNOWN STEP	2026-10-04T10:34:42.7240694Z 
Docker E2E	UNKNOWN STEP	2026-10-04T10:34:42.7241642Z + @cloudflare/workers-types@5.20260815.1
Docker E2E	UNKNOWN STEP	2026-10-04T10:34:42.7242248Z + @types/node@26.2.0
Docker E2E	UNKNOWN STEP	2026-10-04T10:34:42.7242715Z + @vitest/coverage-v8@4.1.10
Docker E2E	UNKNOWN STEP	2026-10-04T10:34:42.7243191Z + husky@9.1.7
Docker E2E	UNKNOWN STEP	2026-10-04T10:34:42.7243584Z + lint-staged@17.3.0
Docker E2E	UNKNOWN STEP	2026-10-04T10:34:42.7243973Z + prettier@3.9.6
Docker E2E	UNKNOWN STEP	2026-10-04T10:34:42.7244523Z + prettier-plugin-organize-imports@4.3.0
Docker E2E	UNKNOWN STEP	2026-10-04T10:34:42.7245447Z + prettier-plugin-sh@0.20.2
Docker E2E	UNKNOWN STEP	2026-10-04T10:34:42.7245904Z + typedoc@0.28.20
Docker E2E	UNKNOWN STEP	2026-10-04T10:34:42.7246170Z + typescript@5.9.3
Docker E2E	UNKNOWN STEP	2026-10-04T10:34:42.7246460Z + vitest@4.1.10
Docker E2E	UNKNOWN STEP	2026-10-04T10:34:42.7246700Z + wrangler@4.146.0
Docker E2E	UNKNOWN STEP	2026-10-04T10:34:42.7246939Z + <private-pkg>@0.2.0
Docker E2E	UNKNOWN STEP	2026-10-04T10:34:42.7247228Z + @napi-rs/keyring@2.1.0
Docker E2E	UNKNOWN STEP	2026-10-04T10:34:42.7247474Z + commander@15.0.0
Docker E2E	UNKNOWN STEP	2026-10-04T10:34:42.7247614Z 
Docker E2E	UNKNOWN STEP	2026-10-04T10:34:42.7247772Z 137 packages installed [980.00ms]
Docker E2E	UNKNOWN STEP	2026-10-04T10:34:42.7920089Z ##[group]Run actions/cache@v6
Docker E2E	UNKNOWN STEP	2026-10-04T10:34:42.7920431Z with:
Docker E2E	UNKNOWN STEP	2026-10-04T10:34:42.7920649Z   path: /tmp/docker-images
Docker E2E	UNKNOWN STEP	2026-10-04T10:34:42.7921088Z   key: <redacted>
Docker E2E	UNKNOWN STEP	2026-10-04T10:34:42.7921562Z   enableCrossOsArchive: false
Docker E2E	UNKNOWN STEP	2026-10-04T10:34:42.7921823Z   fail-on-cache-miss: false
Docker E2E	UNKNOWN STEP	2026-10-04T10:34:42.7922069Z   lookup-only: false
Docker E2E	UNKNOWN STEP	2026-10-04T10:34:42.7922294Z   save-always: false
Docker E2E	UNKNOWN STEP	2026-10-04T10:34:42.7922494Z env:
Docker E2E	UNKNOWN STEP	2026-10-04T10:34:42.7922702Z   REQUIRE_DOCKER: 1
Docker E2E	UNKNOWN STEP	2026-10-04T10:34:42.7922915Z ##[endgroup]
Docker E2E	UNKNOWN STEP	2026-10-04T10:34:43.1049465Z Cache not found for input keys: <redacted>
Docker E2E	UNKNOWN STEP	2026-10-04T10:34:43.1129416Z ##[group]Run if [ -f /tmp/docker-images/images.tar ]; then
Docker E2E	UNKNOWN STEP	2026-10-04T10:34:43.1130197Z ^[[36;1mif [ -f /tmp/docker-images/images.tar ]; then^[[0m
Docker E2E	UNKNOWN STEP	2026-10-04T10:34:43.1130593Z ^[[36;1m  docker load -i /tmp/docker-images/images.tar^[[0m
Docker E2E	UNKNOWN STEP	2026-10-04T10:34:43.1130914Z ^[[36;1melse^[[0m
Docker E2E	UNKNOWN STEP	2026-10-04T10:34:43.1131164Z ^[[36;1m  docker compose -f docker/compose.yml pull^[[0m
Docker E2E	UNKNOWN STEP	2026-10-04T10:34:43.1131495Z ^[[36;1m  mkdir -p /tmp/docker-images^[[0m
Docker E2E	UNKNOWN STEP	2026-10-04T10:34:43.1132059Z ^[[36;1m  docker compose -f docker/compose.yml config --images | sort -u | xargs docker save -o /tmp/docker-images/images.tar^[[0m
Docker E2E	UNKNOWN STEP	2026-10-04T10:34:43.1132609Z ^[[36;1mfi^[[0m
Docker E2E	UNKNOWN STEP	2026-10-04T10:34:43.1195766Z shell: /usr/bin/bash -e {0}
Docker E2E	UNKNOWN STEP	2026-10-04T10:34:43.1196025Z env:
Docker E2E	UNKNOWN STEP	2026-10-04T10:34:43.1196214Z   REQUIRE_DOCKER: 1
Docker E2E	UNKNOWN STEP	2026-10-04T10:34:43.1196451Z ##[endgroup]
Docker E2E	UNKNOWN STEP	2026-10-04T10:34:46.5260341Z  drupal Pulling 
Docker E2E	UNKNOWN STEP	2026-10-04T10:34:46.5262045Z  db Pulling 
Docker E2E	UNKNOWN STEP	2026-10-04T10:34:46.9452309Z  6b37362b3da7 Pulling fs layer 
Docker E2E	UNKNOWN STEP	2026-10-04T10:34:46.9453433Z  215869c9ffb9 Pulling fs layer 
Docker E2E	UNKNOWN STEP	2026-10-04T10:34:46.9454223Z  9b6866565b74 Pulling fs layer 
Docker E2E	UNKNOWN STEP	2026-10-04T10:34:46.9454773Z  6c771fe90ccb Pulling fs layer 
Docker E2E	UNKNOWN STEP	2026-10-04T10:34:46.9455242Z  28eb77c41f92 Pulling fs layer 
Docker E2E	UNKNOWN STEP	2026-10-04T10:34:46.9455673Z  3d65371285a9 Pulling fs layer 
Docker E2E	UNKNOWN STEP	2026-10-04T10:34:46.9456174Z  4d7d1f2229ea Pulling fs layer 
Docker E2E	UNKNOWN STEP	2026-10-04T10:34:46.9456693Z  9a9e523ba1c6 Pulling fs layer 
Docker E2E	UNKNOWN STEP	2026-10-04T10:34:46.9457195Z  345d40a81509 Pulling fs layer 
Docker E2E	UNKNOWN STEP	2026-10-04T10:34:46.9457710Z  82a7cee9903f Pulling fs layer 
Docker E2E	UNKNOWN STEP	2026-10-04T10:34:46.9458200Z  97b775105118 Pulling fs layer 
Docker E2E	UNKNOWN STEP	2026-10-04T10:34:46.9458688Z  8280252f5126 Pulling fs layer 
Docker E2E	UNKNOWN STEP	2026-10-04T10:34:46.9459138Z  51096eb23faa Pulling fs layer 
Docker E2E	UNKNOWN STEP	2026-10-04T10:34:46.9459861Z  4f4fb700ef54 Pulling fs layer 
Docker E2E	UNKNOWN STEP	2026-10-04T10:34:46.9460289Z  b4bfdaf16fb9 Pulling fs layer 
Docker E2E	UNKNOWN STEP	2026-10-04T10:34:46.9460579Z  ae322d0b4216 Pulling fs layer 
Docker E2E	UNKNOWN STEP	2026-10-04T10:34:46.9460841Z  fcdedffe8dcb Pulling fs layer 
Docker E2E	UNKNOWN STEP	2026-10-04T10:34:46.9461241Z  c7fe7819114b Pulling fs layer 
Docker E2E	UNKNOWN STEP	2026-10-04T10:34:46.9461787Z  119f7366a2e0 Pulling fs layer 
Docker E2E	UNKNOWN STEP	2026-10-04T10:34:46.9462286Z  ef4131a874b6 Pulling fs layer 
Docker E2E	UNKNOWN STEP	2026-10-04T10:34:46.9462747Z  6c771fe90ccb Waiting 
Docker E2E	UNKNOWN STEP	2026-10-04T10:34:46.9463165Z  28eb77c41f92 Waiting 
Docker E2E	UNKNOWN STEP	2026-10-04T10:34:46.9463543Z  3d65371285a9 Waiting 
Docker E2E	UNKNOWN STEP	2026-10-04T10:34:46.9463935Z  4d7d1f2229ea Waiting 
Docker E2E	UNKNOWN STEP	2026-10-04T10:34:46.9464366Z  9a9e523ba1c6 Waiting 
Docker E2E	UNKNOWN STEP	2026-10-04T10:34:46.9464725Z  345d40a81509 Waiting 
Docker E2E	UNKNOWN STEP	2026-10-04T10:34:46.9465107Z  82a7cee9903f Waiting 
Docker E2E	UNKNOWN STEP	2026-10-04T10:34:46.9465474Z  97b775105118 Waiting 
Docker E2E	UNKNOWN STEP	2026-10-04T10:34:46.9465833Z  8280252f5126 Waiting 
Docker E2E	UNKNOWN STEP	2026-10-04T10:34:46.9466197Z  51096eb23faa Waiting 
Docker E2E	UNKNOWN STEP	2026-10-04T10:34:46.9466577Z  4f4fb700ef54 Waiting 
Docker E2E	UNKNOWN STEP	2026-10-04T10:34:46.9466942Z  b4bfdaf16fb9 Waiting 
Docker E2E	UNKNOWN STEP	2026-10-04T10:34:46.9467306Z  ae322d0b4216 Waiting 
Docker E2E	UNKNOWN STEP	2026-10-04T10:34:46.9468008Z  fcdedffe8dcb Waiting 
Docker E2E	UNKNOWN STEP	2026-10-04T10:34:46.9468267Z  c7fe7819114b Waiting 
Docker E2E	UNKNOWN STEP	2026-10-04T10:34:46.9468475Z  119f7366a2e0 Waiting 
Docker E2E	UNKNOWN STEP	2026-10-04T10:34:46.9468679Z  ef4131a874b6 Waiting 
Docker E2E	UNKNOWN STEP	2026-10-04T10:34:46.9468939Z  09923199ca0e Pulling fs layer 
Docker E2E	UNKNOWN STEP	2026-10-04T10:34:46.9469201Z  d9b985643753 Pulling fs layer 
Docker E2E	UNKNOWN STEP	2026-10-04T10:34:46.9469467Z  2e22be087fd8 Pulling fs layer 
Docker E2E	UNKNOWN STEP	2026-10-04T10:34:46.9470066Z  29aea408d531 Pulling fs layer 
Docker E2E	UNKNOWN STEP	2026-10-04T10:34:46.9470335Z  06237a023be8 Pulling fs layer 
Docker E2E	UNKNOWN STEP	2026-10-04T10:34:46.9470600Z  be29340626a9 Pulling fs layer 
Docker E2E	UNKNOWN STEP	2026-10-04T10:34:46.9470859Z  35db766aaa46 Pulling fs layer 
Docker E2E	UNKNOWN STEP	2026-10-04T10:34:46.9471115Z  9fbe1c7b50ad Pulling fs layer 
Docker E2E	UNKNOWN STEP	2026-10-04T10:34:46.9471370Z  07aed2594a34 Pulling fs layer 
Docker E2E	UNKNOWN STEP	2026-10-04T10:34:46.9471620Z  d9b985643753 Waiting 
Docker E2E	UNKNOWN STEP	2026-10-04T10:34:46.9471844Z  2e22be087fd8 Waiting 
Docker E2E	UNKNOWN STEP	2026-10-04T10:34:46.9472069Z  29aea408d531 Waiting 
Docker E2E	UNKNOWN STEP	2026-10-04T10:34:46.9472292Z  06237a023be8 Waiting 
Docker E2E	UNKNOWN STEP	2026-10-04T10:34:46.9472515Z  9fbe1c7b50ad Waiting 
Docker E2E	UNKNOWN STEP	2026-10-04T10:34:46.9472727Z  be29340626a9 Waiting 
Docker E2E	UNKNOWN STEP	2026-10-04T10:34:46.9472947Z  35db766aaa46 Waiting 
Docker E2E	UNKNOWN STEP	2026-10-04T10:34:46.9473153Z  07aed2594a34 Waiting 
Docker E2E	UNKNOWN STEP	2026-10-04T10:34:46.9473360Z  09923199ca0e Waiting 
Docker E2E	UNKNOWN STEP	2026-10-04T10:34:47.0144132Z  215869c9ffb9 Downloading [==================================================>]     227B/227B
Docker E2E	UNKNOWN STEP	2026-10-04T10:34:47.0144692Z  215869c9ffb9 Verifying Checksum 
Docker E2E	UNKNOWN STEP	2026-10-04T10:34:47.0145375Z  215869c9ffb9 Download complete 
Docker E2E	UNKNOWN STEP	2026-10-04T10:34:47.0219239Z  6b37362b3da7 Downloading [>                                                  ]  310.7kB/29.83MB
Docker E2E	UNKNOWN STEP	2026-10-04T10:34:47.0231512Z  9b6866565b74 Downloading [>                                                  ]  528.4kB/117.8MB
Docker E2E	UNKNOWN STEP	2026-10-04T10:34:47.0875283Z  6c771fe90ccb Downloading [==================================================>]     227B/227B
Docker E2E	UNKNOWN STEP	2026-10-04T10:34:47.0876917Z  6c771fe90ccb Verifying Checksum 
Docker E2E	UNKNOWN STEP	2026-10-04T10:34:47.0877529Z  6c771fe90ccb Download complete 
Docker E2E	UNKNOWN STEP	2026-10-04T10:34:47.1222009Z  6b37362b3da7 Downloading [=================================================> ]  29.26MB/29.83MB
Docker E2E	UNKNOWN STEP	2026-10-04T10:34:47.1243738Z  6b37362b3da7 Verifying Checksum 
Docker E2E	UNKNOWN STEP	2026-10-04T10:34:47.1244621Z  6b37362b3da7 Download complete 
Docker E2E	UNKNOWN STEP	2026-10-04T10:34:47.1245555Z  9b6866565b74 Downloading [============>                                      ]  29.89MB/117.8MB
Docker E2E	UNKNOWN STEP	2026-10-04T10:34:47.1653742Z  28eb77c41f92 Downloading [>                                                  ]  48.55kB/4.239MB
Docker E2E	UNKNOWN STEP	2026-10-04T10:34:47.1691164Z  6b37362b3da7 Extracting [>                                                  ]  327.7kB/29.83MB
Docker E2E	UNKNOWN STEP	2026-10-04T10:34:47.1946570Z  28eb77c41f92 Verifying Checksum 
Docker E2E	UNKNOWN STEP	2026-10-04T10:34:47.1947878Z  28eb77c41f92 Download complete 
Docker E2E	UNKNOWN STEP	2026-10-04T10:34:47.2002646Z  3d65371285a9 Downloading [==================================================>]     425B/425B
Docker E2E	UNKNOWN STEP	2026-10-04T10:34:47.2003716Z  3d65371285a9 Verifying Checksum 
Docker E2E	UNKNOWN STEP	2026-10-04T10:34:47.2004254Z  3d65371285a9 Download complete 
Docker E2E	UNKNOWN STEP	2026-10-04T10:34:47.2254412Z  9b6866565b74 Downloading [========================>                          ]   57.1MB/117.8MB
Docker E2E	UNKNOWN STEP	2026-10-04T10:34:47.2690407Z  4d7d1f2229ea Downloading [==================================================>]     480B/480B
Docker E2E	UNKNOWN STEP	2026-10-04T10:34:47.2691713Z  4d7d1f2229ea Verifying Checksum 
Docker E2E	UNKNOWN STEP	2026-10-04T10:34:47.2692557Z  4d7d1f2229ea Download complete 
Docker E2E	UNKNOWN STEP	2026-10-04T10:34:47.2731032Z  6b37362b3da7 Extracting [========>                                          ]  4.915MB/29.83MB
Docker E2E	UNKNOWN STEP	2026-10-04T10:34:47.2748077Z  9a9e523ba1c6 Downloading [>                                                  ]  146.9kB/14.64MB
Docker E2E	UNKNOWN STEP	2026-10-04T10:34:47.3284286Z  9b6866565b74 Downloading [====================================>              ]  85.88MB/117.8MB
Docker E2E	UNKNOWN STEP	2026-10-04T10:34:47.3435147Z  345d40a81509 Downloading [==================================================>]     488B/488B
Docker E2E	UNKNOWN STEP	2026-10-04T10:34:47.3439001Z  345d40a81509 Verifying Checksum 
Docker E2E	UNKNOWN STEP	2026-10-04T10:34:47.3440523Z  345d40a81509 Download complete 
Docker E2E	UNKNOWN STEP	2026-10-04T10:34:47.3442051Z  9a9e523ba1c6 Verifying Checksum 
Docker E2E	UNKNOWN STEP	2026-10-04T10:34:47.3443316Z  9a9e523ba1c6 Download complete 
Docker E2E	UNKNOWN STEP	2026-10-04T10:34:47.3793215Z  6b37362b3da7 Extracting [==============>                                    ]  8.847MB/29.83MB
Docker E2E	UNKNOWN STEP	2026-10-04T10:34:47.4188615Z  97b775105118 Downloading [==================================================>]  2.459kB/2.459kB
Docker E2E	UNKNOWN STEP	2026-10-04T10:34:47.4201532Z  97b775105118 Verifying Checksum 
Docker E2E	UNKNOWN STEP	2026-10-04T10:34:47.4213070Z  97b775105118 Download complete 
Docker E2E	UNKNOWN STEP	2026-10-04T10:34:47.4214387Z  82a7cee9903f Downloading [>                                                  ]  163.2kB/15.19MB
Docker E2E	UNKNOWN STEP	2026-10-04T10:34:47.4269189Z  9b6866565b74 Downloading [================================================>  ]  113.6MB/117.8MB
Docker E2E	UNKNOWN STEP	2026-10-04T10:34:47.4409834Z  9b6866565b74 Download complete 
Docker E2E	UNKNOWN STEP	2026-10-04T10:34:47.4877041Z  82a7cee9903f Verifying Checksum 
Docker E2E	UNKNOWN STEP	2026-10-04T10:34:47.4877747Z  82a7cee9903f Download complete 
Docker E2E	UNKNOWN STEP	2026-10-04T10:34:47.4925726Z  8280252f5126 Downloading [==================================================>]     245B/245B
Docker E2E	UNKNOWN STEP	2026-10-04T10:34:47.4926554Z  8280252f5126 Verifying Checksum 
Docker E2E	UNKNOWN STEP	2026-10-04T10:34:47.4927097Z  8280252f5126 Download complete 
Docker E2E	UNKNOWN STEP	2026-10-04T10:34:47.4940398Z  6b37362b3da7 Extracting [==================>                                ]  11.14MB/29.83MB
Docker E2E	UNKNOWN STEP	2026-10-04T10:34:47.5148264Z  51096eb23faa Downloading [==================================================>]     890B/890B
Docker E2E	UNKNOWN STEP	2026-10-04T10:34:47.5150492Z  51096eb23faa Verifying Checksum 
Docker E2E	UNKNOWN STEP	2026-10-04T10:34:47.5151424Z  51096eb23faa Download complete 
Docker E2E	UNKNOWN STEP	2026-10-04T10:34:47.5706128Z  4f4fb700ef54 Downloading [==================================================>]      32B/32B
Docker E2E	UNKNOWN STEP	2026-10-04T10:34:47.5709033Z  4f4fb700ef54 Verifying Checksum 
Docker E2E	UNKNOWN STEP	2026-10-04T10:34:47.5710267Z  4f4fb700ef54 Download complete 
Docker E2E	UNKNOWN STEP	2026-10-04T10:34:47.5856221Z  b4bfdaf16fb9 Downloading [>                                                  ]  113.4kB/10.82MB
Docker E2E	UNKNOWN STEP	2026-10-04T10:34:47.5931948Z  ae322d0b4216 Downloading [==================================================>]     312B/312B
Docker E2E	UNKNOWN STEP	2026-10-04T10:34:47.5933352Z  ae322d0b4216 Verifying Checksum 
Docker E2E	UNKNOWN STEP	2026-10-04T10:34:47.5935012Z  ae322d0b4216 Download complete 
Docker E2E	UNKNOWN STEP	2026-10-04T10:34:47.5978737Z  6b37362b3da7 Extracting [=============================>                     ]  17.69MB/29.83MB
Docker E2E	UNKNOWN STEP	2026-10-04T10:34:47.6409981Z  b4bfdaf16fb9 Verifying Checksum 
Docker E2E	UNKNOWN STEP	2026-10-04T10:34:47.6410576Z  b4bfdaf16fb9 Download complete 
Docker E2E	UNKNOWN STEP	2026-10-04T10:34:47.6538746Z  fcdedffe8dcb Downloading [==================================================>]     256B/256B
Docker E2E	UNKNOWN STEP	2026-10-04T10:34:47.6540279Z  fcdedffe8dcb Verifying Checksum 
Docker E2E	UNKNOWN STEP	2026-10-04T10:34:47.6540862Z  fcdedffe8dcb Download complete 
Docker E2E	UNKNOWN STEP	2026-10-04T10:34:47.6764459Z  c7fe7819114b Downloading [>                                                  ]  16.38kB/833kB
Docker E2E	UNKNOWN STEP	2026-10-04T10:34:47.6887444Z  c7fe7819114b Verifying Checksum 
Docker E2E	UNKNOWN STEP	2026-10-04T10:34:47.6888029Z  c7fe7819114b Download complete 
Docker E2E	UNKNOWN STEP	2026-10-04T10:34:47.7005027Z  6b37362b3da7 Extracting [=========================================>         ]   24.9MB/29.83MB
Docker E2E	UNKNOWN STEP	2026-10-04T10:34:47.7118236Z  119f7366a2e0 Downloading [==================================================>]     115B/115B
Docker E2E	UNKNOWN STEP	2026-10-04T10:34:47.7119848Z  119f7366a2e0 Verifying Checksum 
Docker E2E	UNKNOWN STEP	2026-10-04T10:34:47.7121174Z  119f7366a2e0 Download complete 
Docker E2E	UNKNOWN STEP	2026-10-04T10:34:47.7436801Z  ef4131a874b6 Downloading [>                                                  ]  244.5kB/23.63MB
Docker E2E	UNKNOWN STEP	2026-10-04T10:34:47.7688523Z  09923199ca0e Downloading [>                                                  ]  425.4kB/41.57MB
Docker E2E	UNKNOWN STEP	2026-10-04T10:34:47.7826538Z  d9b985643753 Downloading [==================================================>]     391B/391B
Docker E2E	UNKNOWN STEP	2026-10-04T10:34:47.7841293Z  d9b985643753 Verifying Checksum 
Docker E2E	UNKNOWN STEP	2026-10-04T10:34:47.7841896Z  d9b985643753 Download complete 
Docker E2E	UNKNOWN STEP	2026-10-04T10:34:47.8437615Z  ef4131a874b6 Verifying Checksum 
Docker E2E	UNKNOWN STEP	2026-10-04T10:34:47.8439555Z  ef4131a874b6 Download complete 
Docker E2E	UNKNOWN STEP	2026-10-04T10:34:47.8635579Z  2e22be087fd8 Downloading [==================================================>]  1.342kB/1.342kB
Docker E2E	UNKNOWN STEP	2026-10-04T10:34:47.8648020Z  2e22be087fd8 Verifying Checksum 
Docker E2E	UNKNOWN STEP	2026-10-04T10:34:47.8655063Z  2e22be087fd8 Download complete 
Docker E2E	UNKNOWN STEP	2026-10-04T10:34:47.8755819Z  09923199ca0e Downloading [===========================>                       ]  22.58MB/41.57MB
Docker E2E	UNKNOWN STEP	2026-10-04T10:34:47.9164109Z  6b37362b3da7 Extracting [===========================================>       ]  26.21MB/29.83MB
Docker E2E	UNKNOWN STEP	2026-10-04T10:34:47.9235252Z  29aea408d531 Downloading [>                                                  ]  64.94kB/5.756MB
Docker E2E	UNKNOWN STEP	2026-10-04T10:34:47.9347838Z  06237a023be8 Downloading [==================================================>]     116B/116B
Docker E2E	UNKNOWN STEP	2026-10-04T10:34:47.9354945Z  06237a023be8 Verifying Checksum 
Docker E2E	UNKNOWN STEP	2026-10-04T10:34:47.9355456Z  06237a023be8 Download complete 
Docker E2E	UNKNOWN STEP	2026-10-04T10:34:47.9651838Z  29aea408d531 Verifying Checksum 
Docker E2E	UNKNOWN STEP	2026-10-04T10:34:47.9652733Z  29aea408d531 Download complete 
Docker E2E	UNKNOWN STEP	2026-10-04T10:34:47.9748637Z  09923199ca0e Downloading [==============================================>    ]  38.76MB/41.57MB
Docker E2E	UNKNOWN STEP	2026-10-04T10:34:47.9838498Z  09923199ca0e Verifying Checksum 
Docker E2E	UNKNOWN STEP	2026-10-04T10:34:47.9840687Z  09923199ca0e Download complete 
Docker E2E	UNKNOWN STEP	2026-10-04T10:34:48.0027609Z  be29340626a9 Downloading [==================================================>]     333B/333B
Docker E2E	UNKNOWN STEP	2026-10-04T10:34:48.0435587Z  be29340626a9 Download complete 
Docker E2E	UNKNOWN STEP	2026-10-04T10:34:48.0504616Z  35db766aaa46 Downloading [>                                                  ]  538.1kB/71.95MB
Docker E2E	UNKNOWN STEP	2026-10-04T10:34:48.0585936Z  9fbe1c7b50ad Downloading [==================================================>]  4.037kB/4.037kB
Docker E2E	UNKNOWN STEP	2026-10-04T10:34:48.0587992Z  9fbe1c7b50ad Verifying Checksum 
Docker E2E	UNKNOWN STEP	2026-10-04T10:34:48.0589102Z  9fbe1c7b50ad Download complete 
Docker E2E	UNKNOWN STEP	2026-10-04T10:34:48.0824536Z  6b37362b3da7 Extracting [===============================================>   ]  28.51MB/29.83MB
Docker E2E	UNKNOWN STEP	2026-10-04T10:34:48.1141753Z  07aed2594a34 Downloading [==================================================>]  8.498kB/8.498kB
Docker E2E	UNKNOWN STEP	2026-10-04T10:34:48.1142784Z  07aed2594a34 Verifying Checksum 
Docker E2E	UNKNOWN STEP	2026-10-04T10:34:48.1144043Z  07aed2594a34 Download complete 
Docker E2E	UNKNOWN STEP	2026-10-04T10:34:48.1379101Z  09923199ca0e Extracting [>                                                  ]    426kB/41.57MB
Docker E2E	UNKNOWN STEP	2026-10-04T10:34:48.1519303Z  35db766aaa46 Downloading [=================>                                 ]  24.52MB/71.95MB
Docker E2E	UNKNOWN STEP	2026-10-04T10:34:48.2403367Z  09923199ca0e Extracting [======>                                            ]  5.538MB/41.57MB
Docker E2E	UNKNOWN STEP	2026-10-04T10:34:48.2539885Z  35db766aaa46 Downloading [===================================>               ]  50.71MB/71.95MB
Docker E2E	UNKNOWN STEP	2026-10-04T10:34:48.3291837Z  35db766aaa46 Verifying Checksum 
Docker E2E	UNKNOWN STEP	2026-10-04T10:34:48.3292810Z  35db766aaa46 Download complete 
Docker E2E	UNKNOWN STEP	2026-10-04T10:34:48.3474117Z  09923199ca0e Extracting [===========>                                       ]  9.372MB/41.57MB
Docker E2E	UNKNOWN STEP	2026-10-04T10:34:48.3555993Z  6b37362b3da7 Extracting [================================================>  ]  29.16MB/29.83MB
Docker E2E	UNKNOWN STEP	2026-10-04T10:34:48.4498443Z  09923199ca0e Extracting [=================>                                 ]  14.91MB/41.57MB
Docker E2E	UNKNOWN STEP	2026-10-04T10:34:48.4712294Z  6b37362b3da7 Extracting [==================================================>]  29.83MB/29.83MB
Docker E2E	UNKNOWN STEP	2026-10-04T10:34:48.4968657Z  6b37362b3da7 Pull complete 
Docker E2E	UNKNOWN STEP	2026-10-04T10:34:48.4996213Z  215869c9ffb9 Extracting [==================================================>]     227B/227B
Docker E2E	UNKNOWN STEP	2026-10-04T10:34:48.4999076Z  215869c9ffb9 Extracting [==================================================>]     227B/227B
Docker E2E	UNKNOWN STEP	2026-10-04T10:34:48.6019540Z  09923199ca0e Extracting [======================>                            ]  18.32MB/41.57MB
Docker E2E	UNKNOWN STEP	2026-10-04T10:34:48.7106497Z  09923199ca0e Extracting [========================>                          ]  20.45MB/41.57MB
Docker E2E	UNKNOWN STEP	2026-10-04T10:34:48.8149527Z  09923199ca0e Extracting [=================================>                 ]  27.69MB/41.57MB
Docker E2E	UNKNOWN STEP	2026-10-04T10:34:48.9162759Z  09923199ca0e Extracting [==========================================>        ]  34.93MB/41.57MB
Docker E2E	UNKNOWN STEP	2026-10-04T10:34:49.0924120Z  09923199ca0e Extracting [==========================================>        ]  35.36MB/41.57MB
Docker E2E	UNKNOWN STEP	2026-10-04T10:34:49.3406294Z  09923199ca0e Extracting [===========================================>       ]  36.21MB/41.57MB
Docker E2E	UNKNOWN STEP	2026-10-04T10:34:49.6577795Z  09923199ca0e Extracting [==============================================>    ]  38.76MB/41.57MB
Docker E2E	UNKNOWN STEP	2026-10-04T10:34:50.0992766Z  09923199ca0e Extracting [===============================================>   ]  39.19MB/41.57MB
Docker E2E	UNKNOWN STEP	2026-10-04T10:34:50.3444356Z  09923199ca0e Extracting [===============================================>   ]  39.62MB/41.57MB
Docker E2E	UNKNOWN STEP	2026-10-04T10:34:50.4537116Z  09923199ca0e Extracting [================================================>  ]  40.47MB/41.57MB
Docker E2E	UNKNOWN STEP	2026-10-04T10:34:50.5750245Z  09923199ca0e Extracting [=================================================> ]  40.89MB/41.57MB
Docker E2E	UNKNOWN STEP	2026-10-04T10:34:50.7066173Z  09923199ca0e Extracting [=================================================> ]  41.32MB/41.57MB
Docker E2E	UNKNOWN STEP	2026-10-04T10:34:50.8037848Z  09923199ca0e Extracting [==================================================>]  41.57MB/41.57MB
Docker E2E	UNKNOWN STEP	2026-10-04T10:34:51.9895884Z  09923199ca0e Pull complete 
Docker E2E	UNKNOWN STEP	2026-10-04T10:34:52.0894121Z  d9b985643753 Extracting [==================================================>]     391B/391B
Docker E2E	UNKNOWN STEP	2026-10-04T10:34:52.0895688Z  d9b985643753 Extracting [==================================================>]     391B/391B
Docker E2E	UNKNOWN STEP	2026-10-04T10:34:52.1033340Z  215869c9ffb9 Pull complete 
Docker E2E	UNKNOWN STEP	2026-10-04T10:34:52.1321897Z  d9b985643753 Pull complete 
Docker E2E	UNKNOWN STEP	2026-10-04T10:34:52.1344389Z  2e22be087fd8 Extracting [==================================================>]  1.342kB/1.342kB
Docker E2E	UNKNOWN STEP	2026-10-04T10:34:52.1363873Z  2e22be087fd8 Extracting [==================================================>]  1.342kB/1.342kB
Docker E2E	UNKNOWN STEP	2026-10-04T10:34:52.1905208Z  2e22be087fd8 Pull complete 
Docker E2E	UNKNOWN STEP	2026-10-04T10:34:52.1922062Z  29aea408d531 Extracting [>                                                  ]  65.54kB/5.756MB
Docker E2E	UNKNOWN STEP	2026-10-04T10:34:52.2116014Z  9b6866565b74 Extracting [>                                                  ]  557.1kB/117.8MB
Docker E2E	UNKNOWN STEP	2026-10-04T10:34:52.2925363Z  29aea408d531 Extracting [=========================>                         ]  2.884MB/5.756MB
Docker E2E	UNKNOWN STEP	2026-10-04T10:34:52.3130007Z  9b6866565b74 Extracting [==>                                                ]  5.014MB/117.8MB
Docker E2E	UNKNOWN STEP	2026-10-04T10:34:52.4173452Z  9b6866565b74 Extracting [=====>                                             ]  12.26MB/117.8MB
Docker E2E	UNKNOWN STEP	2026-10-04T10:34:52.4349382Z  29aea408d531 Extracting [============================================>      ]  5.177MB/5.756MB
Docker E2E	UNKNOWN STEP	2026-10-04T10:34:52.5208888Z  9b6866565b74 Extracting [========>                                          ]  20.61MB/117.8MB
Docker E2E	UNKNOWN STEP	2026-10-04T10:34:52.5359285Z  29aea408d531 Extracting [===============================================>   ]  5.505MB/5.756MB
Docker E2E	UNKNOWN STEP	2026-10-04T10:34:52.5650384Z  29aea408d531 Extracting [==================================================>]  5.756MB/5.756MB
Docker E2E	UNKNOWN STEP	2026-10-04T10:34:52.6269249Z  29aea408d531 Pull complete 
Docker E2E	UNKNOWN STEP	2026-10-04T10:34:52.6286750Z  06237a023be8 Extracting [==================================================>]     116B/116B
Docker E2E	UNKNOWN STEP	2026-10-04T10:34:52.6288008Z  06237a023be8 Extracting [==================================================>]     116B/116B
Docker E2E	UNKNOWN STEP	2026-10-04T10:34:52.6371692Z  06237a023be8 Pull complete 
Docker E2E	UNKNOWN STEP	2026-10-04T10:34:52.6382561Z  be29340626a9 Extracting [==================================================>]     333B/333B
Docker E2E	UNKNOWN STEP	2026-10-04T10:34:52.6386780Z  be29340626a9 Extracting [==================================================>]     333B/333B
Docker E2E	UNKNOWN STEP	2026-10-04T10:34:52.6487111Z  be29340626a9 Pull complete 
Docker E2E	UNKNOWN STEP	2026-10-04T10:34:52.6593278Z  9b6866565b74 Extracting [==========>                                        ]  23.95MB/117.8MB
Docker E2E	UNKNOWN STEP	2026-10-04T10:34:52.6825426Z  35db766aaa46 Extracting [>                                                  ]  557.1kB/71.95MB
Docker E2E	UNKNOWN STEP	2026-10-04T10:34:52.7891813Z  35db766aaa46 Extracting [====>                                              ]  6.128MB/71.95MB
Docker E2E	UNKNOWN STEP	2026-10-04T10:34:52.8651750Z  9b6866565b74 Extracting [==========>                                        ]  25.07MB/117.8MB
Docker E2E	UNKNOWN STEP	2026-10-04T10:34:52.8949112Z  35db766aaa46 Extracting [========>                                          ]  12.81MB/71.95MB
Docker E2E	UNKNOWN STEP	2026-10-04T10:34:53.0047471Z  35db766aaa46 Extracting [=============>                                     ]   19.5MB/71.95MB
Docker E2E	UNKNOWN STEP	2026-10-04T10:34:53.0291087Z  9b6866565b74 Extracting [===========>                                       ]  26.18MB/117.8MB
Docker E2E	UNKNOWN STEP	2026-10-04T10:34:53.1125781Z  35db766aaa46 Extracting [=================>                                 ]  25.07MB/71.95MB
Docker E2E	UNKNOWN STEP	2026-10-04T10:34:53.1641730Z  9b6866565b74 Extracting [===========>                                       ]  26.74MB/117.8MB
Docker E2E	UNKNOWN STEP	2026-10-04T10:34:53.2142030Z  35db766aaa46 Extracting [====================>                              ]  30.08MB/71.95MB
Docker E2E	UNKNOWN STEP	2026-10-04T10:34:53.3152007Z  35db766aaa46 Extracting [==========================>                        ]  37.88MB/71.95MB
Docker E2E	UNKNOWN STEP	2026-10-04T10:34:53.3677717Z  9b6866565b74 Extracting [===========>                                       ]   27.3MB/117.8MB
Docker E2E	UNKNOWN STEP	2026-10-04T10:34:53.4292198Z  35db766aaa46 Extracting [===============================>                   ]  45.12MB/71.95MB
Docker E2E	UNKNOWN STEP	2026-10-04T10:34:53.5371427Z  9b6866565b74 Extracting [===========>                                       ]  27.85MB/117.8MB
Docker E2E	UNKNOWN STEP	2026-10-04T10:34:53.5481256Z  35db766aaa46 Extracting [==================================>                ]  49.58MB/71.95MB
Docker E2E	UNKNOWN STEP	2026-10-04T10:34:53.6392293Z  9b6866565b74 Extracting [============>                                      ]  29.52MB/117.8MB
Docker E2E	UNKNOWN STEP	2026-10-04T10:34:53.6575106Z  35db766aaa46 Extracting [====================================>              ]  52.36MB/71.95MB
Docker E2E	UNKNOWN STEP	2026-10-04T10:34:53.7714323Z  35db766aaa46 Extracting [=====================================>             ]  54.59MB/71.95MB
Docker E2E	UNKNOWN STEP	2026-10-04T10:34:53.7725253Z  9b6866565b74 Extracting [===============>                                   ]  35.65MB/117.8MB
Docker E2E	UNKNOWN STEP	2026-10-04T10:34:53.8778343Z  35db766aaa46 Extracting [==========================================>        ]  60.72MB/71.95MB
Docker E2E	UNKNOWN STEP	2026-10-04T10:34:53.9342733Z  9b6866565b74 Extracting [===============>                                   ]  36.21MB/117.8MB
Docker E2E	UNKNOWN STEP	2026-10-04T10:34:54.0263310Z  35db766aaa46 Extracting [=============================================>     ]  65.73MB/71.95MB
Docker E2E	UNKNOWN STEP	2026-10-04T10:34:54.0410695Z  9b6866565b74 Extracting [================>                                  ]  39.55MB/117.8MB
Docker E2E	UNKNOWN STEP	2026-10-04T10:34:54.1472440Z  9b6866565b74 Extracting [===================>                               ]  46.24MB/117.8MB
Docker E2E	UNKNOWN STEP	2026-10-04T10:34:54.1555055Z  35db766aaa46 Extracting [===============================================>   ]  67.96MB/71.95MB
Docker E2E	UNKNOWN STEP	2026-10-04T10:34:54.2517046Z  9b6866565b74 Extracting [======================>                            ]  53.48MB/117.8MB
Docker E2E	UNKNOWN STEP	2026-10-04T10:34:54.2591821Z  35db766aaa46 Extracting [===============================================>   ]  69.07MB/71.95MB
Docker E2E	UNKNOWN STEP	2026-10-04T10:34:54.3686585Z  9b6866565b74 Extracting [=========================>                         ]  61.28MB/117.8MB
Docker E2E	UNKNOWN STEP	2026-10-04T10:34:54.3692267Z  35db766aaa46 Extracting [================================================>  ]  70.19MB/71.95MB
Docker E2E	UNKNOWN STEP	2026-10-04T10:34:54.4789922Z  9b6866565b74 Extracting [==========================>                        ]   63.5MB/117.8MB
Docker E2E	UNKNOWN STEP	2026-10-04T10:34:54.5496944Z  35db766aaa46 Extracting [=================================================> ]   71.3MB/71.95MB
Docker E2E	UNKNOWN STEP	2026-10-04T10:34:54.5989860Z  9b6866565b74 Extracting [============================>                      ]  66.85MB/117.8MB
Docker E2E	UNKNOWN STEP	2026-10-04T10:34:54.6684424Z  35db766aaa46 Extracting [==================================================>]  71.95MB/71.95MB
Docker E2E	UNKNOWN STEP	2026-10-04T10:34:54.7025208Z  9b6866565b74 Extracting [===============================>                   ]  74.65MB/117.8MB
Docker E2E	UNKNOWN STEP	2026-10-04T10:34:54.8072566Z  9b6866565b74 Extracting [===================================>               ]     83MB/117.8MB
Docker E2E	UNKNOWN STEP	2026-10-04T10:34:54.9084595Z  9b6866565b74 Extracting [=====================================>             ]  87.46MB/117.8MB
Docker E2E	UNKNOWN STEP	2026-10-04T10:34:55.0087942Z  9b6866565b74 Extracting [========================================>          ]  95.81MB/117.8MB
Docker E2E	UNKNOWN STEP	2026-10-04T10:34:55.1090636Z  9b6866565b74 Extracting [============================================>      ]  104.7MB/117.8MB
Docker E2E	UNKNOWN STEP	2026-10-04T10:34:55.2928352Z  9b6866565b74 Extracting [===============================================>   ]  111.4MB/117.8MB
Docker E2E	UNKNOWN STEP	2026-10-04T10:34:55.5503246Z  9b6866565b74 Extracting [===============================================>   ]  112.5MB/117.8MB
Docker E2E	UNKNOWN STEP	2026-10-04T10:34:55.6413875Z  35db766aaa46 Pull complete 
Docker E2E	UNKNOWN STEP	2026-10-04T10:34:55.6426242Z  9fbe1c7b50ad Extracting [==================================================>]  4.037kB/4.037kB
Docker E2E	UNKNOWN STEP	2026-10-04T10:34:55.6432442Z  9fbe1c7b50ad Extracting [==================================================>]  4.037kB/4.037kB
Docker E2E	UNKNOWN STEP	2026-10-04T10:34:55.6614221Z  9b6866565b74 Extracting [================================================>  ]  114.2MB/117.8MB
Docker E2E	UNKNOWN STEP	2026-10-04T10:34:55.7489466Z  9fbe1c7b50ad Pull complete 
Docker E2E	UNKNOWN STEP	2026-10-04T10:34:55.7498859Z  07aed2594a34 Extracting [==================================================>]  8.498kB/8.498kB
Docker E2E	UNKNOWN STEP	2026-10-04T10:34:55.7506215Z  07aed2594a34 Extracting [==================================================>]  8.498kB/8.498kB
Docker E2E	UNKNOWN STEP	2026-10-04T10:34:55.7928470Z  07aed2594a34 Pull complete 
Docker E2E	UNKNOWN STEP	2026-10-04T10:34:55.7994016Z  db Pulled 
Docker E2E	UNKNOWN STEP	2026-10-04T10:34:55.8280883Z  9b6866565b74 Extracting [================================================>  ]  115.3MB/117.8MB
Docker E2E	UNKNOWN STEP	2026-10-04T10:34:56.0288014Z  9b6866565b74 Extracting [=================================================> ]    117MB/117.8MB
Docker E2E	UNKNOWN STEP	2026-10-04T10:34:56.1395596Z  9b6866565b74 Extracting [==================================================>]  117.8MB/117.8MB
Docker E2E	UNKNOWN STEP	2026-10-04T10:34:56.2080923Z  9b6866565b74 Pull complete 
Docker E2E	UNKNOWN STEP	2026-10-04T10:34:56.2091913Z  6c771fe90ccb Extracting [==================================================>]     227B/227B
Docker E2E	UNKNOWN STEP	2026-10-04T10:34:56.2096587Z  6c771fe90ccb Extracting [==================================================>]     227B/227B
Docker E2E	UNKNOWN STEP	2026-10-04T10:34:56.2202959Z  6c771fe90ccb Pull complete 
Docker E2E	UNKNOWN STEP	2026-10-04T10:34:56.2218200Z  28eb77c41f92 Extracting [>                                                  ]  65.54kB/4.239MB
Docker E2E	UNKNOWN STEP	2026-10-04T10:34:56.3237993Z  28eb77c41f92 Extracting [=====================>                             ]  1.835MB/4.239MB
Docker E2E	UNKNOWN STEP	2026-10-04T10:34:56.4466068Z  28eb77c41f92 Extracting [==================================================>]  4.239MB/4.239MB
Docker E2E	UNKNOWN STEP	2026-10-04T10:34:56.4620510Z  28eb77c41f92 Extracting [==================================================>]  4.239MB/4.239MB
Docker E2E	UNKNOWN STEP	2026-10-04T10:34:56.4946442Z  28eb77c41f92 Pull complete 
Docker E2E	UNKNOWN STEP	2026-10-04T10:34:56.4958337Z  3d65371285a9 Extracting [==================================================>]     425B/425B
Docker E2E	UNKNOWN STEP	2026-10-04T10:34:56.4962072Z  3d65371285a9 Extracting [==================================================>]     425B/425B
Docker E2E	UNKNOWN STEP	2026-10-04T10:34:56.5060382Z  3d65371285a9 Pull complete 
Docker E2E	UNKNOWN STEP	2026-10-04T10:34:56.5071464Z  4d7d1f2229ea Extracting [==================================================>]     480B/480B
Docker E2E	UNKNOWN STEP	2026-10-04T10:34:56.5074508Z  4d7d1f2229ea Extracting [==================================================>]     480B/480B
Docker E2E	UNKNOWN STEP	2026-10-04T10:34:56.5175598Z  4d7d1f2229ea Pull complete 
Docker E2E	UNKNOWN STEP	2026-10-04T10:34:56.5197302Z  9a9e523ba1c6 Extracting [>                                                  ]  163.8kB/14.64MB
Docker E2E	UNKNOWN STEP	2026-10-04T10:34:56.5803036Z  9a9e523ba1c6 Extracting [==================================================>]  14.64MB/14.64MB
Docker E2E	UNKNOWN STEP	2026-10-04T10:34:56.5991533Z  9a9e523ba1c6 Pull complete 
Docker E2E	UNKNOWN STEP	2026-10-04T10:34:56.6002544Z  345d40a81509 Extracting [==================================================>]     488B/488B
Docker E2E	UNKNOWN STEP	2026-10-04T10:34:56.6004976Z  345d40a81509 Extracting [==================================================>]     488B/488B
Docker E2E	UNKNOWN STEP	2026-10-04T10:34:56.6073169Z  345d40a81509 Pull complete 
Docker E2E	UNKNOWN STEP	2026-10-04T10:34:56.6096034Z  82a7cee9903f Extracting [>                                                  ]  163.8kB/15.19MB
Docker E2E	UNKNOWN STEP	2026-10-04T10:34:56.7119181Z  82a7cee9903f Extracting [==================>                                ]  5.734MB/15.19MB
Docker E2E	UNKNOWN STEP	2026-10-04T10:34:56.8217985Z  82a7cee9903f Extracting [=====================================>             ]   11.3MB/15.19MB
Docker E2E	UNKNOWN STEP	2026-10-04T10:34:56.9227393Z  82a7cee9903f Extracting [=============================================>     ]  13.93MB/15.19MB
Docker E2E	UNKNOWN STEP	2026-10-04T10:34:57.0278258Z  82a7cee9903f Extracting [=================================================> ]  14.91MB/15.19MB
Docker E2E	UNKNOWN STEP	2026-10-04T10:34:57.0350487Z  82a7cee9903f Extracting [==================================================>]  15.19MB/15.19MB
Docker E2E	UNKNOWN STEP	2026-10-04T10:34:57.0857387Z  82a7cee9903f Pull complete 
Docker E2E	UNKNOWN STEP	2026-10-04T10:34:57.0867840Z  97b775105118 Extracting [==================================================>]  2.459kB/2.459kB
Docker E2E	UNKNOWN STEP	2026-10-04T10:34:57.0870751Z  97b775105118 Extracting [==================================================>]  2.459kB/2.459kB
Docker E2E	UNKNOWN STEP	2026-10-04T10:34:57.0970291Z  97b775105118 Pull complete 
Docker E2E	UNKNOWN STEP	2026-10-04T10:34:57.0981930Z  8280252f5126 Extracting [==================================================>]     245B/245B
Docker E2E	UNKNOWN STEP	2026-10-04T10:34:57.0984857Z  8280252f5126 Extracting [==================================================>]     245B/245B
Docker E2E	UNKNOWN STEP	2026-10-04T10:34:57.1086157Z  8280252f5126 Pull complete 
Docker E2E	UNKNOWN STEP	2026-10-04T10:34:57.1096923Z  51096eb23faa Extracting [==================================================>]     890B/890B
Docker E2E	UNKNOWN STEP	2026-10-04T10:34:57.1100702Z  51096eb23faa Extracting [==================================================>]     890B/890B
Docker E2E	UNKNOWN STEP	2026-10-04T10:34:57.1169230Z  51096eb23faa Pull complete 
Docker E2E	UNKNOWN STEP	2026-10-04T10:34:57.1180282Z  4f4fb700ef54 Extracting [==================================================>]      32B/32B
Docker E2E	UNKNOWN STEP	2026-10-04T10:34:57.1184358Z  4f4fb700ef54 Extracting [==================================================>]      32B/32B
Docker E2E	UNKNOWN STEP	2026-10-04T10:34:57.1237193Z  4f4fb700ef54 Pull complete 
Docker E2E	UNKNOWN STEP	2026-10-04T10:34:57.1261644Z  b4bfdaf16fb9 Extracting [>                                                  ]  131.1kB/10.82MB
Docker E2E	UNKNOWN STEP	2026-10-04T10:34:57.2263645Z  b4bfdaf16fb9 Extracting [=======================>                           ]  5.112MB/10.82MB
Docker E2E	UNKNOWN STEP	2026-10-04T10:34:57.3301136Z  b4bfdaf16fb9 Extracting [==================================================>]  10.82MB/10.82MB
Docker E2E	UNKNOWN STEP	2026-10-04T10:34:57.3544054Z  b4bfdaf16fb9 Pull complete 
Docker E2E	UNKNOWN STEP	2026-10-04T10:34:57.3554352Z  ae322d0b4216 Extracting [==================================================>]     312B/312B
Docker E2E	UNKNOWN STEP	2026-10-04T10:34:57.3559944Z  ae322d0b4216 Extracting [==================================================>]     312B/312B
Docker E2E	UNKNOWN STEP	2026-10-04T10:34:57.3659054Z  ae322d0b4216 Pull complete 
Docker E2E	UNKNOWN STEP	2026-10-04T10:34:57.3670553Z  fcdedffe8dcb Extracting [==================================================>]     256B/256B
Docker E2E	UNKNOWN STEP	2026-10-04T10:34:57.3674387Z  fcdedffe8dcb Extracting [==================================================>]     256B/256B
Docker E2E	UNKNOWN STEP	2026-10-04T10:34:57.3752113Z  fcdedffe8dcb Pull complete 
Docker E2E	UNKNOWN STEP	2026-10-04T10:34:57.3762807Z  c7fe7819114b Extracting [=>                                                 ]  32.77kB/833kB
Docker E2E	UNKNOWN STEP	2026-10-04T10:34:57.3907660Z  c7fe7819114b Extracting [==================================================>]    833kB/833kB
Docker E2E	UNKNOWN STEP	2026-10-04T10:34:57.3911794Z  c7fe7819114b Extracting [==================================================>]    833kB/833kB
Docker E2E	UNKNOWN STEP	2026-10-04T10:34:57.3979378Z  c7fe7819114b Pull complete 
Docker E2E	UNKNOWN STEP	2026-10-04T10:34:57.3991571Z  119f7366a2e0 Extracting [==================================================>]     115B/115B
Docker E2E	UNKNOWN STEP	2026-10-04T10:34:57.4000814Z  119f7366a2e0 Extracting [==================================================>]     115B/115B
Docker E2E	UNKNOWN STEP	2026-10-04T10:34:57.4056733Z  119f7366a2e0 Pull complete 
Docker E2E	UNKNOWN STEP	2026-10-04T10:34:57.4284544Z  ef4131a874b6 Extracting [>                                                  ]  262.1kB/23.63MB
Docker E2E	UNKNOWN STEP	2026-10-04T10:34:57.5672953Z  ef4131a874b6 Extracting [=>                                                 ]  786.4kB/23.63MB
Docker E2E	UNKNOWN STEP	2026-10-04T10:34:57.7224567Z  ef4131a874b6 Extracting [==>                                                ]  1.311MB/23.63MB
Docker E2E	UNKNOWN STEP	2026-10-04T10:34:57.8909089Z  ef4131a874b6 Extracting [===>                                               ]  1.835MB/23.63MB
Docker E2E	UNKNOWN STEP	2026-10-04T10:34:58.0028553Z  ef4131a874b6 Extracting [=====>                                             ]  2.621MB/23.63MB
Docker E2E	UNKNOWN STEP	2026-10-04T10:34:58.1083024Z  ef4131a874b6 Extracting [======>                                            ]  2.884MB/23.63MB
Docker E2E	UNKNOWN STEP	2026-10-04T10:34:58.2797968Z  ef4131a874b6 Extracting [=======>                                           ]   3.67MB/23.63MB
Docker E2E	UNKNOWN STEP	2026-10-04T10:34:58.4096256Z  ef4131a874b6 Extracting [========>                                          ]  3.932MB/23.63MB
Docker E2E	UNKNOWN STEP	2026-10-04T10:34:58.6799078Z  ef4131a874b6 Extracting [=========>                                         ]  4.456MB/23.63MB
Docker E2E	UNKNOWN STEP	2026-10-04T10:34:58.8215743Z  ef4131a874b6 Extracting [=========>                                         ]  4.719MB/23.63MB
Docker E2E	UNKNOWN STEP	2026-10-04T10:34:58.9617273Z  ef4131a874b6 Extracting [============>                                      ]  5.767MB/23.63MB
Docker E2E	UNKNOWN STEP	2026-10-04T10:34:59.1519900Z  ef4131a874b6 Extracting [=============>                                     ]  6.291MB/23.63MB
Docker E2E	UNKNOWN STEP	2026-10-04T10:34:59.2795161Z  ef4131a874b6 Extracting [==============>                                    ]  6.816MB/23.63MB
Docker E2E	UNKNOWN STEP	2026-10-04T10:34:59.4368730Z  ef4131a874b6 Extracting [===============>                                   ]   7.34MB/23.63MB
Docker E2E	UNKNOWN STEP	2026-10-04T10:34:59.5930848Z  ef4131a874b6 Extracting [================>                                  ]  7.864MB/23.63MB
Docker E2E	UNKNOWN STEP	2026-10-04T10:34:59.7177066Z  ef4131a874b6 Extracting [=================>                                 ]  8.126MB/23.63MB
Docker E2E	UNKNOWN STEP	2026-10-04T10:34:59.8786094Z  ef4131a874b6 Extracting [==================>                                ]  8.651MB/23.63MB
Docker E2E	UNKNOWN STEP	2026-10-04T10:35:00.0397878Z  ef4131a874b6 Extracting [==================>                                ]  8.913MB/23.63MB
Docker E2E	UNKNOWN STEP	2026-10-04T10:35:00.1971676Z  ef4131a874b6 Extracting [===================>                               ]  9.437MB/23.63MB
Docker E2E	UNKNOWN STEP	2026-10-04T10:35:00.3117146Z  ef4131a874b6 Extracting [====================>                              ]  9.699MB/23.63MB
Docker E2E	UNKNOWN STEP	2026-10-04T10:35:00.5046815Z  ef4131a874b6 Extracting [=====================>                             ]  10.22MB/23.63MB
Docker E2E	UNKNOWN STEP	2026-10-04T10:35:00.6383232Z  ef4131a874b6 Extracting [======================>                            ]  10.75MB/23.63MB
Docker E2E	UNKNOWN STEP	2026-10-04T10:35:00.7680304Z  ef4131a874b6 Extracting [=======================>                           ]  11.01MB/23.63MB
Docker E2E	UNKNOWN STEP	2026-10-04T10:35:00.9611313Z  ef4131a874b6 Extracting [========================>                          ]  11.53MB/23.63MB
Docker E2E	UNKNOWN STEP	2026-10-04T10:35:01.0913164Z  ef4131a874b6 Extracting [========================>                          ]   11.8MB/23.63MB
Docker E2E	UNKNOWN STEP	2026-10-04T10:35:01.2738153Z  ef4131a874b6 Extracting [===========================>                       ]  12.85MB/23.63MB
Docker E2E	UNKNOWN STEP	2026-10-04T10:35:01.3895949Z  ef4131a874b6 Extracting [===========================>                       ]  13.11MB/23.63MB
Docker E2E	UNKNOWN STEP	2026-10-04T10:35:01.5135762Z  ef4131a874b6 Extracting [============================>                      ]  13.37MB/23.63MB
Docker E2E	UNKNOWN STEP	2026-10-04T10:35:01.6203905Z  ef4131a874b6 Extracting [============================>                      ]  13.63MB/23.63MB
Docker E2E	UNKNOWN STEP	2026-10-04T10:35:01.7300076Z  ef4131a874b6 Extracting [=============================>                     ]  13.89MB/23.63MB
Docker E2E	UNKNOWN STEP	2026-10-04T10:35:02.1464972Z  ef4131a874b6 Extracting [=================================>                 ]  15.73MB/23.63MB
Docker E2E	UNKNOWN STEP	2026-10-04T10:35:02.2624385Z  ef4131a874b6 Extracting [=================================>                 ]  15.99MB/23.63MB
Docker E2E	UNKNOWN STEP	2026-10-04T10:35:02.4406726Z  ef4131a874b6 Extracting [==================================>                ]  16.25MB/23.63MB
Docker E2E	UNKNOWN STEP	2026-10-04T10:35:02.5597061Z  ef4131a874b6 Extracting [==================================>                ]  16.52MB/23.63MB
Docker E2E	UNKNOWN STEP	2026-10-04T10:35:02.6651068Z  ef4131a874b6 Extracting [===================================>               ]  16.78MB/23.63MB
Docker E2E	UNKNOWN STEP	2026-10-04T10:35:02.8586670Z  ef4131a874b6 Extracting [====================================>              ]   17.3MB/23.63MB
Docker E2E	UNKNOWN STEP	2026-10-04T10:35:03.0423300Z  ef4131a874b6 Extracting [=====================================>             ]  17.83MB/23.63MB
Docker E2E	UNKNOWN STEP	2026-10-04T10:35:03.2482792Z  ef4131a874b6 Extracting [==========================================>        ]  20.19MB/23.63MB
Docker E2E	UNKNOWN STEP	2026-10-04T10:35:03.3988287Z  ef4131a874b6 Extracting [===========================================>       ]  20.71MB/23.63MB
Docker E2E	UNKNOWN STEP	2026-10-04T10:35:03.6133429Z  ef4131a874b6 Extracting [============================================>      ]  21.23MB/23.63MB
Docker E2E	UNKNOWN STEP	2026-10-04T10:35:03.7996461Z  ef4131a874b6 Extracting [==============================================>    ]  21.76MB/23.63MB
Docker E2E	UNKNOWN STEP	2026-10-04T10:35:03.9519973Z  ef4131a874b6 Extracting [==============================================>    ]  22.02MB/23.63MB
Docker E2E	UNKNOWN STEP	2026-10-04T10:35:04.0769791Z  ef4131a874b6 Extracting [===============================================>   ]  22.54MB/23.63MB
Docker E2E	UNKNOWN STEP	2026-10-04T10:35:04.1931534Z  ef4131a874b6 Extracting [=================================================> ]  23.33MB/23.63MB
Docker E2E	UNKNOWN STEP	2026-10-04T10:35:04.3336081Z  ef4131a874b6 Extracting [==================================================>]  23.63MB/23.63MB
Docker E2E	UNKNOWN STEP	2026-10-04T10:35:04.8051805Z  ef4131a874b6 Pull complete 
Docker E2E	UNKNOWN STEP	2026-10-04T10:35:04.8104384Z  drupal Pulled 
Docker E2E	UNKNOWN STEP	2026-10-04T10:35:14.2220339Z ##[group]Run bun run test:e2e:coverage
Docker E2E	UNKNOWN STEP	2026-10-04T10:35:14.2220719Z ^[[36;1mbun run test:e2e:coverage^[[0m
Docker E2E	UNKNOWN STEP	2026-10-04T10:35:14.2284066Z shell: /usr/bin/bash -e {0}
Docker E2E	UNKNOWN STEP	2026-10-04T10:35:14.2284333Z env:
Docker E2E	UNKNOWN STEP	2026-10-04T10:35:14.2284548Z   REQUIRE_DOCKER: 1
Docker E2E	UNKNOWN STEP	2026-10-04T10:35:14.2284785Z ##[endgroup]
Docker E2E	UNKNOWN STEP	2026-10-04T10:35:14.2399511Z $ vitest run --project=e2e --coverage
Docker E2E	UNKNOWN STEP	2026-10-04T10:35:14.7893411Z 
Docker E2E	UNKNOWN STEP	2026-10-04T10:35:14.7897178Z ^[[1m^[[30m^[[46m RUN ^[[49m^[[39m^[[22m ^[[36mv4.1.10 ^[[39m^[[90m/home/runner/work/drangler/drangler^[[39m
Docker E2E	UNKNOWN STEP	2026-10-04T10:35:14.7898462Z       ^[[2mCoverage enabled with ^[[22m^[[33mv8^[[39m
Docker E2E	UNKNOWN STEP	2026-10-04T10:35:14.7899016Z 
Docker E2E	UNKNOWN STEP	2026-10-04T10:35:16.4326356Z Cloning into '/tmp/drangler-e2e-modify-RlOyAv/worker'...
Docker E2E	UNKNOWN STEP	2026-10-04T10:35:17.4454154Z bun install v1.4.2 (744846f84)
Docker E2E	UNKNOWN STEP	2026-10-04T10:35:18.7280715Z 
Docker E2E	UNKNOWN STEP	2026-10-04T10:35:18.7291480Z $ bun scripts/gen-lock-versions.ts && bun scripts/restore-artifacts.ts
Docker E2E	UNKNOWN STEP	2026-10-04T10:35:18.7415065Z {
Docker E2E	UNKNOWN STEP	2026-10-04T10:35:18.7420794Z   "packages": 76,
Docker E2E	UNKNOWN STEP	2026-10-04T10:35:18.7421381Z   "virtual": 37,
Docker E2E	UNKNOWN STEP	2026-10-04T10:35:18.7421814Z   "core": "11.4.7",
Docker E2E	UNKNOWN STEP	2026-10-04T10:35:18.7422288Z   "bytes": 4562
Docker E2E	UNKNOWN STEP	2026-10-04T10:35:18.7422741Z }
Docker E2E	UNKNOWN STEP	2026-10-04T10:35:19.0648905Z restore-artifacts: .interp/php8.5.wasm (13401742 bytes, sha256 verified)
Docker E2E	UNKNOWN STEP	2026-10-04T10:35:19.1190687Z restore-artifacts: .interp/php8.5-worker.mjs (876467 bytes, sha256 verified)
Docker E2E	UNKNOWN STEP	2026-10-04T10:35:19.4462160Z restore-artifacts: tuned glue -> /tmp/drangler-e2e-modify-RlOyAv/worker/.interp/php8.5-worker.tuned.mjs
Docker E2E	UNKNOWN STEP	2026-10-04T10:35:19.4711284Z restore-artifacts: tuned interpreter -> /tmp/drangler-e2e-modify-RlOyAv/worker/.interp/php8.5.tuned.wasm (64 MiB)
Docker E2E	UNKNOWN STEP	2026-10-04T10:35:19.4712798Z restore-artifacts: 2 downloaded, 0 already current
Docker E2E	UNKNOWN STEP	2026-10-04T10:35:19.4763318Z $ husky
Docker E2E	UNKNOWN STEP	2026-10-04T10:35:19.7975243Z 
Docker E2E	UNKNOWN STEP	2026-10-04T10:35:19.7975874Z + @cloudflare/containers@0.3.7
Docker E2E	UNKNOWN STEP	2026-10-04T10:35:19.7976539Z + @cloudflare/vitest-pool-workers@0.22.0
Docker E2E	UNKNOWN STEP	2026-10-04T10:35:19.7977131Z + @cloudflare/workers-types@5.20260829.1
Docker E2E	UNKNOWN STEP	2026-10-04T10:35:19.7977661Z + @playwright/test@1.62.1
Docker E2E	UNKNOWN STEP	2026-10-04T10:35:19.7978123Z + @prettier/plugin-php@0.25.0
Docker E2E	UNKNOWN STEP	2026-10-04T10:35:19.7978555Z + @types/bun@1.4.0
Docker E2E	UNKNOWN STEP	2026-10-04T10:35:19.7978911Z + @types/pg@8.23.1
Docker E2E	UNKNOWN STEP	2026-10-04T10:35:19.7979356Z + @vitest/coverage-istanbul@4.1.11
Docker E2E	UNKNOWN STEP	2026-10-04T10:35:19.7980068Z + husky@9.1.7
Docker E2E	UNKNOWN STEP	2026-10-04T10:35:19.7980457Z + lint-staged@17.4.1
Docker E2E	UNKNOWN STEP	2026-10-04T10:35:19.7980827Z + marked@18.0.14
Docker E2E	UNKNOWN STEP	2026-10-04T10:35:19.7981258Z + marked-gfm-heading-id@4.1.4
Docker E2E	UNKNOWN STEP	2026-10-04T10:35:19.7981692Z + prettier@3.9.6
Docker E2E	UNKNOWN STEP	2026-10-04T10:35:19.7982204Z + prettier-plugin-organize-imports@4.3.0
Docker E2E	UNKNOWN STEP	2026-10-04T10:35:19.7982768Z + prettier-plugin-sh@0.20.2
Docker E2E	UNKNOWN STEP	2026-10-04T10:35:19.7983181Z + shiki@4.4.3
Docker E2E	UNKNOWN STEP	2026-10-04T10:35:19.7983539Z + typedoc@0.28.20
Docker E2E	UNKNOWN STEP	2026-10-04T10:35:19.7983934Z + typescript@5.9.3
Docker E2E	UNKNOWN STEP	2026-10-04T10:35:19.7984288Z + vitest@4.1.11
Docker E2E	UNKNOWN STEP	2026-10-04T10:35:19.7984649Z + wrangler@4.127.1
Docker E2E	UNKNOWN STEP	2026-10-04T10:35:19.7984993Z + yaml@2.9.1
Docker E2E	UNKNOWN STEP	2026-10-04T10:35:19.7985366Z + <private-pkg>@1.1.1
Docker E2E	UNKNOWN STEP	2026-10-04T10:35:19.7985816Z + <private-pkg>@0.3.1
Docker E2E	UNKNOWN STEP	2026-10-04T10:35:19.7986285Z + <private-pkg>@0.1.4
Docker E2E	UNKNOWN STEP	2026-10-04T10:35:19.7986733Z + <private-pkg>@0.1.0
Docker E2E	UNKNOWN STEP	2026-10-04T10:35:19.7987151Z + @<user>/tinyimg@1.1.0
Docker E2E	UNKNOWN STEP	2026-10-04T10:35:19.7987569Z + @noble/ciphers@2.4.0
Docker E2E	UNKNOWN STEP	2026-10-04T10:35:19.7987999Z + @noble/hashes@2.4.0
Docker E2E	UNKNOWN STEP	2026-10-04T10:35:19.7988356Z + blakejs@1.2.1
Docker E2E	UNKNOWN STEP	2026-10-04T10:35:19.7989090Z + edgeport@1.0.6
Docker E2E	UNKNOWN STEP	2026-10-04T10:35:19.7989433Z + fflate@0.8.3
Docker E2E	UNKNOWN STEP	2026-10-04T10:35:19.7990015Z + fzstd@0.1.1
Docker E2E	UNKNOWN STEP	2026-10-04T10:35:19.7990351Z + mysql2@3.24.4
Docker E2E	UNKNOWN STEP	2026-10-04T10:35:19.7990680Z + pg@8.23.0
Docker E2E	UNKNOWN STEP	2026-10-04T10:35:19.7991000Z + php-wasm@0.1.0
Docker E2E	UNKNOWN STEP	2026-10-04T10:35:19.7991216Z 
Docker E2E	UNKNOWN STEP	2026-10-04T10:35:19.7991452Z 260 packages installed [2.35s]
Docker E2E	UNKNOWN STEP	2026-10-04T10:35:19.8056712Z $ bun scripts/hydrate.ts
Docker E2E	UNKNOWN STEP	2026-10-04T10:35:20.0332219Z fetching https://<host>/payloads/v1.0.3/<org>-worker-1.0.3.tar.gz (cdn)
Docker E2E	UNKNOWN STEP	2026-10-04T10:35:20.2283596Z tarball sha256 <hex> matches SHA256SUMS
Docker E2E	UNKNOWN STEP	2026-10-04T10:35:21.2967321Z hydrate: kept 2 tracked file(s) the repository owns: assets/robots.txt, assets/driver.json
Docker E2E	UNKNOWN STEP	2026-10-04T10:35:21.2968218Z hydrated 4583 files, 52473986 bytes, from 1.0.3 (d633a47)
Docker E2E	UNKNOWN STEP	2026-10-04T10:35:21.2968988Z interpreter: .interp/php8.5-worker.tuned.mjs, .interp/php8.5.tuned.wasm
Docker E2E	UNKNOWN STEP	2026-10-04T10:35:21.2970318Z the tree is deployable now: bunx wrangler deploy -c wrangler.jsonc
Docker E2E	UNKNOWN STEP	2026-10-04T10:36:25.7614487Z ^[[90mstderr^[[2m | tests/e2e/modify.spec.ts^[[2m > ^[[22m^[[2mdrangler modify against a real dev site^[[2m > ^[[22m^[[2mpinned production modules^[[2m > ^[[22m^[[2mreports a module whose enable is refused and leaves the site serving
Docker E2E	UNKNOWN STEP	2026-10-04T10:36:25.7617672Z ^[[22m^[[39ma case failed; the wrangler dev log is at /tmp/drangler-e2e-dev-mutorcbc.log
Docker E2E	UNKNOWN STEP	2026-10-04T10:36:25.7619190Z ct               local
Docker E2E	UNKNOWN STEP	2026-10-04T10:36:25.7620695Z env.RENDER_LANES (RenderLane)                        Durable Object               local
Docker E2E	UNKNOWN STEP	2026-10-04T10:36:25.7622387Z env.CONFIG_KV                                        KV Namespace                 local
Docker E2E	UNKNOWN STEP	2026-10-04T10:36:25.7623957Z env.PAGE_KV                                          KV Namespace                 local
Docker E2E	UNKNOWN STEP	2026-10-04T10:36:25.7625503Z env.FLEET_DB (<org>-fleet)                       D1 Database                  local
Docker E2E	UNKNOWN STEP	2026-10-04T10:36:25.7627010Z env.ASSETS                                           Assets                       local
Docker E2E	UNKNOWN STEP	2026-10-04T10:36:25.7628692Z env.CF_VERSION_METADATA                              Worker Version Metadata      local
Docker E2E	UNKNOWN STEP	2026-10-04T10:36:25.7630462Z env.CMS ("drupal")                                   Environment Variable         local
Docker E2E	UNKNOWN STEP	2026-10-04T10:36:25.7631924Z env.LAZY_MOUNT ("1")                                 Environment Variable         local
Docker E2E	UNKNOWN STEP	2026-10-04T10:36:25.7633521Z env.LAZY_FS_BUDGET_BYTES ("4194304")                 Environment Variable         local
Docker E2E	UNKNOWN STEP	2026-10-04T10:36:25.7634824Z env.GEN_BUCKET_MS ("5000")                           Environment Variable         local
Docker E2E	UNKNOWN STEP	2026-10-04T10:36:25.7636009Z env.PLAN ("free")                                    Environment Variable         local
Docker E2E	UNKNOWN STEP	2026-10-04T10:36:25.7637463Z env.ASSET_AGGREGATES ("1")                           Environment Variable         local
Docker E2E	UNKNOWN STEP	2026-10-04T10:36:25.7638215Z 
Docker E2E	UNKNOWN STEP	2026-10-04T10:36:25.7638689Z The file src changed, restarting build...
Docker E2E	UNKNOWN STEP	2026-10-04T10:36:25.7639509Z [custom build] Running: bun run hydrate
Docker E2E	UNKNOWN STEP	2026-10-04T10:36:25.7641866Z ^[[33m▲ ^[[43;33m[^[[43;30mWARNING^[[43;33m]^[[0m ^[[1mScheduled Workers are not automatically triggered during local development.^[[0m
Docker E2E	UNKNOWN STEP	2026-10-04T10:36:25.7643027Z 
Docker E2E	UNKNOWN STEP	2026-10-04T10:36:25.7643627Z   To manually trigger a scheduled event, run:
Docker E2E	UNKNOWN STEP	2026-10-04T10:36:25.7644668Z     curl "http://localhost:8902/cdn-cgi/local/scheduled"
Docker E2E	UNKNOWN STEP	2026-10-04T10:36:25.7646609Z   For more details, see ^[[4mhttps://developers.cloudflare.com/workers/configuration/cron-triggers/#test-cron-triggers-locally^[[0m
Docker E2E	UNKNOWN STEP	2026-10-04T10:36:25.7647714Z 
Docker E2E	UNKNOWN STEP	2026-10-04T10:36:25.7647902Z 
Docker E2E	UNKNOWN STEP	2026-10-04T10:36:25.7648424Z [custom build] $ bun scripts/hydrate.ts
Docker E2E	UNKNOWN STEP	2026-10-04T10:36:25.7649100Z [custom build] 
Docker E2E	UNKNOWN STEP	2026-10-04T10:36:25.7650263Z [custom build] the tree is already hydrated; nothing to do.
Docker E2E	UNKNOWN STEP	2026-10-04T10:36:25.7651508Z [custom build] pass --force to replace it with the published payload anyway.
Docker E2E	UNKNOWN STEP	2026-10-04T10:36:25.7652415Z [custom build] 
Docker E2E	UNKNOWN STEP	2026-10-04T10:36:25.7653325Z [wrangler-ProxyWorker:info] GET /cdn-cgi/ProxyWorker/pause 204 No Content (2ms)
Docker E2E	UNKNOWN STEP	2026-10-04T10:36:25.7654993Z [wrangler-ProxyWorker:info] GET /cdn-cgi/ProxyWorker/pause 204 No Content (1ms)
Docker E2E	UNKNOWN STEP	2026-10-04T10:36:25.7657151Z Writing additional module to output /tmp/drangler-e2e-modify-RlOyAv/worker/.wrangler/tmp/dev-H7jvzq/<hex>-wasm3.wasm
Docker E2E	UNKNOWN STEP	2026-10-04T10:36:25.7660030Z Writing additional module to output /tmp/drangler-e2e-modify-RlOyAv/worker/.wrangler/tmp/dev-H7jvzq/<hex>-tinyimg.wasm
Docker E2E	UNKNOWN STEP	2026-10-04T10:36:25.7662664Z Writing additional module to output /tmp/drangler-e2e-modify-RlOyAv/worker/.wrangler/tmp/dev-H7jvzq/<hex>-php8.5.tuned.wasm
Docker E2E	UNKNOWN STEP	2026-10-04T10:36:25.7664427Z RemoteRuntimeController teardown beginning...
Docker E2E	UNKNOWN STEP	2026-10-04T10:36:25.7665768Z RemoteRuntimeController teardown complete
Docker E2E	UNKNOWN STEP	2026-10-04T10:36:25.7666693Z ⎔ Starting local server...
Docker E2E	UNKNOWN STEP	2026-10-04T10:36:25.7668009Z [InspectorProxyWorker] handleProxyControllerIncomingMessage {"type":"reloadStart"}
Docker E2E	UNKNOWN STEP	2026-10-04T10:36:25.7669511Z [wrangler-ProxyWorker:info] GET /cdn-cgi/ProxyWorker/pause 204 No Content (0ms)
Docker E2E	UNKNOWN STEP	2026-10-04T10:36:25.7670946Z Inspector is listening
Docker E2E	UNKNOWN STEP	2026-10-04T10:36:25.7671812Z [wrangler-ProxyWorker:info] Ready on http://localhost:8902
Docker E2E	UNKNOWN STEP	2026-10-04T10:36:25.7676295Z [InspectorProxyWorker] handleProxyControllerIncomingMessage {"type":"reloadComplete","proxyData":{"userWorkerUrl":{"protocol":"http:","hostname":"<loopback>","port":"46873"},"userWorkerInspectorUrl":{"protocol":"ws:","hostname":"<loopback>","port":"34803","pathname":"/core:user:<org>"},"userWorkerInnerUrlOverrides":{"protocol":"http:"},"headers":{"MF-Proxy-Shared-Secret":"<uuid>"},"liveReload":false,"proxyLogsToController":false}}
Docker E2E	UNKNOWN STEP	2026-10-04T10:36:25.7680148Z [InspectorProxyWorker] reconnectRuntimeWebSocket
Docker E2E	UNKNOWN STEP	2026-10-04T10:36:25.7681105Z Inspector client attaching [core:user:<org>]
Docker E2E	UNKNOWN STEP	2026-10-04T10:36:25.7682315Z [InspectorProxyWorker] NEW RUNTIME WEBSOCKET http://<loopback>:34803/core:user:<org>
Docker E2E	UNKNOWN STEP	2026-10-04T10:36:25.7683764Z [InspectorProxyWorker] SEND TO DEVTOOLS {"method":"Runtime.executionContextsCleared"}
Docker E2E	UNKNOWN STEP	2026-10-04T10:36:25.7684926Z [InspectorProxyWorker] RUNTIME WEBSOCKET OPENED
Docker E2E	UNKNOWN STEP	2026-10-04T10:36:25.7686084Z [wrangler-ProxyWorker:info] GET /cdn-cgi/ProxyWorker/play 204 No Content (1ms)
Docker E2E	UNKNOWN STEP	2026-10-04T10:36:25.7687471Z [InspectorProxyWorker] SEND TO RUNTIME {"method":"Runtime.enable","id":100000001}
Docker E2E	UNKNOWN STEP	2026-10-04T10:36:25.7688590Z [InspectorProxyWorker] RUNTIME INCOMING MESSAGE {
Docker E2E	UNKNOWN STEP	2026-10-04T10:36:25.7689462Z   method: 'Runtime.executionContextCreated',
Docker E2E	UNKNOWN STEP	2026-10-04T10:36:25.7690449Z   params: {
Docker E2E	UNKNOWN STEP	2026-10-04T10:36:25.7691072Z     context: {
Docker E2E	UNKNOWN STEP	2026-10-04T10:36:25.7691621Z       id: 320081185,
Docker E2E	UNKNOWN STEP	2026-10-04T10:36:25.7692170Z       origin: '',
Docker E2E	UNKNOWN STEP	2026-10-04T10:36:25.7692721Z       name: 'Worker',
Docker E2E	UNKNOWN STEP	2026-10-04T10:36:25.7693416Z       uniqueId: '-1741553011486452019.-2072257796797374534'
Docker E2E	UNKNOWN STEP	2026-10-04T10:36:25.7694132Z     }
Docker E2E	UNKNOWN STEP	2026-10-04T10:36:25.7694604Z   }
Docker E2E	UNKNOWN STEP	2026-10-04T10:36:25.7695067Z }
Docker E2E	UNKNOWN STEP	2026-10-04T10:36:25.7695959Z [InspectorProxyWorker] RUNTIME INCOMING MESSAGE { id: 100000001, result: {} }
Docker E2E	UNKNOWN STEP	2026-10-04T10:36:25.7697244Z [wrangler-ProxyWorker:info] GET /serve 503 Service Unavailable (61ms)
Docker E2E	UNKNOWN STEP	2026-10-04T10:36:25.7698449Z [wrangler-ProxyWorker:info] GET /serve 503 Service Unavailable (162ms)
Docker E2E	UNKNOWN STEP	2026-10-04T10:36:25.7699873Z [wrangler-ProxyWorker:info] GET /serve 200 OK (11ms)
Docker E2E	UNKNOWN STEP	2026-10-04T10:36:25.7701979Z {"cfw":"php","level":"info","severity":6,"channel":"system","message":"cfw_do_sqlite module installed.","uid":0,"request_uri":"http://localhost/","referer":"","ip":"<loopback>","timestamp":"1791110160"}
Docker E2E	UNKNOWN STEP	2026-10-04T10:36:25.7705146Z [InspectorProxyWorker] RUNTIME INCOMING MESSAGE {
Docker E2E	UNKNOWN STEP	2026-10-04T10:36:25.7707395Z   method: 'Runtime.consoleAPICalled',
Docker E2E	UNKNOWN STEP	2026-10-04T10:36:25.7708104Z   params: {
Docker E2E	UNKNOWN STEP	2026-10-04T10:36:25.7708687Z     type: 'log',
Docker E2E	UNKNOWN STEP	2026-10-04T10:36:25.7709369Z     args: [ [Object] ],
Docker E2E	UNKNOWN STEP	2026-10-04T10:36:25.7710351Z     executionContextId: 320081185,
Docker E2E	UNKNOWN STEP	2026-10-04T10:36:25.7711152Z     timestamp: 1791110160985,
Docker E2E	UNKNOWN STEP	2026-10-04T10:36:25.7712097Z     stackTrace: { callFrames: [Array] }
Docker E2E	UNKNOWN STEP	2026-10-04T10:36:25.7712751Z   }
Docker E2E	UNKNOWN STEP	2026-10-04T10:36:25.7713527Z }
Docker E2E	UNKNOWN STEP	2026-10-04T10:36:25.7714502Z [InspectorProxyWorker] SEND TO RUNTIME {"method":"Runtime.getIsolateId","id":100000002}
Docker E2E	UNKNOWN STEP	2026-10-04T10:36:25.7715721Z [wrangler-ProxyWorker:info] POST /firstrun 200 OK (8450ms)
Docker E2E	UNKNOWN STEP	2026-10-04T10:36:25.7717318Z [InspectorProxyWorker] RUNTIME INCOMING MESSAGE { id: 100000002, result: { id: '495f2878b37c3025' } }
Docker E2E	UNKNOWN STEP	2026-10-04T10:36:25.7718660Z [wrangler-ProxyWorker:info] GET /installable 200 OK (214ms)
Docker E2E	UNKNOWN STEP	2026-10-04T10:36:25.7720068Z [wrangler-ProxyWorker:info] POST /install 200 OK (2696ms)
Docker E2E	UNKNOWN STEP	2026-10-04T10:36:25.7721121Z [InspectorProxyWorker] RUNTIME INCOMING MESSAGE {
Docker E2E	UNKNOWN STEP	2026-10-04T10:36:25.7722179Z   method: 'Runtime.consoleAPICalled',
Docker E2E	UNKNOWN STEP	2026-10-04T10:36:25.7723040Z   params: {
Docker E2E	UNKNOWN STEP	2026-10-04T10:36:25.7723865Z     type: 'info',
Docker E2E	UNKNOWN STEP	2026-10-04T10:36:25.7724547Z     args: [ [Object], [Object] ],
Docker E2E	UNKNOWN STEP	2026-10-04T10:36:25.7725367Z     executionContextId: 320081185,
Docker E2E	UNKNOWN STEP	2026-10-04T10:36:25.7732421Z     timestamp: 1791110171192,
Docker E2E	UNKNOWN STEP	2026-10-04T10:36:25.7733199Z     stackTrace: { callFrames: [Array] }
Docker E2E	UNKNOWN STEP	2026-10-04T10:36:25.7733881Z   }
Docker E2E	UNKNOWN STEP	2026-10-04T10:36:25.7734263Z }
Docker E2E	UNKNOWN STEP	2026-10-04T10:36:25.7736038Z cfw-demand {
Docker E2E	UNKNOWN STEP	2026-10-04T10:36:25.7736628Z   path: '(alarm reconcile)',
Docker E2E	UNKNOWN STEP	2026-10-04T10:36:25.7737219Z   method: 'ALARM',
Docker E2E	UNKNOWN STEP	2026-10-04T10:36:25.7737893Z   before: 0,
Docker E2E	UNKNOWN STEP	2026-10-04T10:36:25.7738326Z   after: 97976320,
Docker E2E	UNKNOWN STEP	2026-10-04T10:36:25.7739029Z   in: 592794,
Docker E2E	UNKNOWN STEP	2026-10-04T10:36:25.7739465Z   out: 5338,
Docker E2E	UNKNOWN STEP	2026-10-04T10:36:25.7740063Z   maxIn: 535540,
Docker E2E	UNKNOWN STEP	2026-10-04T10:36:25.7740661Z   maxOut: 1225,
Docker E2E	UNKNOWN STEP	2026-10-04T10:36:25.7741120Z   maxName: 'cfwSqlExec'
Docker E2E	UNKNOWN STEP	2026-10-04T10:36:25.7741783Z }
Docker E2E	UNKNOWN STEP	2026-10-04T10:36:25.7742501Z [wrangler-ProxyWorker:info] POST /modify 200 OK (2211ms)
Docker E2E	UNKNOWN STEP	2026-10-04T10:36:25.7743634Z [wrangler-ProxyWorker:info] POST /modify 200 OK (31ms)
Docker E2E	UNKNOWN STEP	2026-10-04T10:36:25.7744746Z [wrangler-ProxyWorker:info] POST /modify 200 OK (447ms)
Docker E2E	UNKNOWN STEP	2026-10-04T10:36:25.7748516Z {"cfw":"php","level":"warn","severity":4,"channel":"page not found","message":"/admin/config/people/simple_oauth/oauth-21?e2e=oauth-before","uid":0,"request_uri":"http://localhost:8902/admin/config/people/simple_oauth/oauth-21?<query>","referer":"","ip":"<loopback>","timestamp":"1791110174"}
Docker E2E	UNKNOWN STEP	2026-10-04T10:36:25.7751331Z [InspectorProxyWorker] RUNTIME INCOMING MESSAGE {
Docker E2E	UNKNOWN STEP	2026-10-04T10:36:25.7752294Z   method: 'Runtime.consoleAPICalled',
Docker E2E	UNKNOWN STEP	2026-10-04T10:36:25.7753060Z   params: {
Docker E2E	UNKNOWN STEP	2026-10-04T10:36:25.7753502Z     type: 'log',
Docker E2E	UNKNOWN STEP	2026-10-04T10:36:25.7753954Z     args: [ [Object] ],
Docker E2E	UNKNOWN STEP	2026-10-04T10:36:25.7754793Z     executionContextId: 320081185,
Docker E2E	UNKNOWN STEP	2026-10-04T10:36:25.7755705Z     timestamp: 1791110174264,
Docker E2E	UNKNOWN STEP	2026-10-04T10:36:25.7756280Z     stackTrace: { callFrames: [Array] }
Docker E2E	UNKNOWN STEP	2026-10-04T10:36:25.7757062Z   }
Docker E2E	UNKNOWN STEP	2026-10-04T10:36:25.7757478Z }
Docker E2E	UNKNOWN STEP	2026-10-04T10:36:25.7758625Z [InspectorProxyWorker] SEND TO RUNTIME {"method":"Runtime.getIsolateId","id":100000003}
Docker E2E	UNKNOWN STEP	2026-10-04T10:36:25.7760607Z [wrangler-ProxyWorker:info] GET /admin/config/people/simple_oauth/oauth-21 404 Not Found (4242ms)
Docker E2E	UNKNOWN STEP	2026-10-04T10:36:25.7762591Z [InspectorProxyWorker] RUNTIME INCOMING MESSAGE { id: 100000003, result: { id: '495f2878b37c3025' } }
Docker E2E	UNKNOWN STEP	2026-10-04T10:36:25.7765399Z {"cfw":"php","level":"info","severity":6,"channel":"system","message":"serialization module installed.","uid":0,"request_uri":"http://localhost/","referer":"","ip":"<loopback>","timestamp":"1791110179"}
Docker E2E	UNKNOWN STEP	2026-10-04T10:36:25.7767431Z [InspectorProxyWorker] RUNTIME INCOMING MESSAGE {
Docker E2E	UNKNOWN STEP	2026-10-04T10:36:25.7768389Z   method: 'Runtime.consoleAPICalled',
Docker E2E	UNKNOWN STEP	2026-10-04T10:36:25.7768961Z   params: {
Docker E2E	UNKNOWN STEP	2026-10-04T10:36:25.7769552Z     type: 'log',
Docker E2E	UNKNOWN STEP	2026-10-04T10:36:25.7770033Z     args: [ [Object] ],
Docker E2E	UNKNOWN STEP	2026-10-04T10:36:25.7770858Z     executionContextId: 320081185,
Docker E2E	UNKNOWN STEP	2026-10-04T10:36:25.7771626Z     timestamp: 1791110179642,
Docker E2E	UNKNOWN STEP	2026-10-04T10:36:25.7772235Z     stackTrace: { callFrames: [Array] }
Docker E2E	UNKNOWN STEP	2026-10-04T10:36:25.7773010Z   }
Docker E2E	UNKNOWN STEP	2026-10-04T10:36:25.7773407Z }
Docker E2E	UNKNOWN STEP	2026-10-04T10:36:25.7775549Z {"cfw":"php","level":"info","severity":6,"channel":"system","message":"consumers module installed.","uid":0,"request_uri":"http://localhost/","referer":"","ip":"<loopback>","timestamp":"1791110181"}
Docker E2E	UNKNOWN STEP	2026-10-04T10:36:25.7777784Z [InspectorProxyWorker] RUNTIME INCOMING MESSAGE {
Docker E2E	UNKNOWN STEP	2026-10-04T10:36:25.7778562Z   method: 'Runtime.consoleAPICalled',
Docker E2E	UNKNOWN STEP	2026-10-04T10:36:25.7779191Z   params: {
Docker E2E	UNKNOWN STEP	2026-10-04T10:36:25.7779776Z     type: 'log',
Docker E2E	UNKNOWN STEP	2026-10-04T10:36:25.7780290Z     args: [ [Object] ],
Docker E2E	UNKNOWN STEP	2026-10-04T10:36:25.7780845Z     executionContextId: 320081185,
Docker E2E	UNKNOWN STEP	2026-10-04T10:36:25.7781620Z     timestamp: 1791110181436,
Docker E2E	UNKNOWN STEP	2026-10-04T10:36:25.7782252Z     stackTrace: { callFrames: [Array] }
Docker E2E	UNKNOWN STEP	2026-10-04T10:36:25.7782808Z   }
Docker E2E	UNKNOWN STEP	2026-10-04T10:36:25.7783191Z }
Docker E2E	UNKNOWN STEP	2026-10-04T10:36:25.7785143Z {"cfw":"php","level":"info","severity":6,"channel":"system","message":"simple_oauth module installed.","uid":0,"request_uri":"http://localhost/","referer":"","ip":"<loopback>","timestamp":"1791110184"}
Docker E2E	UNKNOWN STEP	2026-10-04T10:36:25.7786881Z [InspectorProxyWorker] RUNTIME INCOMING MESSAGE {
Docker E2E	UNKNOWN STEP	2026-10-04T10:36:25.7787615Z   method: 'Runtime.consoleAPICalled',
Docker E2E	UNKNOWN STEP	2026-10-04T10:36:25.7788177Z   params: {
Docker E2E	UNKNOWN STEP	2026-10-04T10:36:25.7788818Z     type: 'log',
Docker E2E	UNKNOWN STEP	2026-10-04T10:36:25.7789299Z     args: [ [Object] ],
Docker E2E	UNKNOWN STEP	2026-10-04T10:36:25.7790008Z     executionContextId: 320081185,
Docker E2E	UNKNOWN STEP	2026-10-04T10:36:25.7790660Z     timestamp: 1791110184151,
Docker E2E	UNKNOWN STEP	2026-10-04T10:36:25.7791297Z     stackTrace: { callFrames: [Array] }
Docker E2E	UNKNOWN STEP	2026-10-04T10:36:25.7791842Z   }
Docker E2E	UNKNOWN STEP	2026-10-04T10:36:25.7792215Z }
Docker E2E	UNKNOWN STEP	2026-10-04T10:36:25.7794066Z {"cfw":"php","level":"info","severity":6,"channel":"system","message":"simple_oauth_21 module installed.","uid":0,"request_uri":"http://localhost/","referer":"","ip":"<loopback>","timestamp":"1791110184"}
Docker E2E	UNKNOWN STEP	2026-10-04T10:36:25.7795693Z [InspectorProxyWorker] RUNTIME INCOMING MESSAGE {
Docker E2E	UNKNOWN STEP	2026-10-04T10:36:25.7796425Z   method: 'Runtime.consoleAPICalled',
Docker E2E	UNKNOWN STEP	2026-10-04T10:36:25.7796983Z   params: {
Docker E2E	UNKNOWN STEP	2026-10-04T10:36:25.7797409Z     type: 'log',
Docker E2E	UNKNOWN STEP	2026-10-04T10:36:25.7797853Z     args: [ [Object] ],
Docker E2E	UNKNOWN STEP	2026-10-04T10:36:25.7798385Z     executionContextId: 320081185,
Docker E2E	UNKNOWN STEP	2026-10-04T10:36:25.7798926Z     timestamp: 1791110184152,
Docker E2E	UNKNOWN STEP	2026-10-04T10:36:25.7799508Z     stackTrace: { callFrames: [Array] }
Docker E2E	UNKNOWN STEP	2026-10-04T10:36:25.7800238Z   }
Docker E2E	UNKNOWN STEP	2026-10-04T10:36:25.7800632Z }
Docker E2E	UNKNOWN STEP	2026-10-04T10:36:25.7801525Z [InspectorProxyWorker] SEND TO RUNTIME {"method":"Runtime.getIsolateId","id":100000004}
Docker E2E	UNKNOWN STEP	2026-10-04T10:36:25.7802906Z [wrangler-ProxyWorker:info] POST /enable 200 OK (9759ms)
Docker E2E	UNKNOWN STEP	2026-10-04T10:36:25.7804277Z exception = kj/async-io-unix.c++:567: disconnected: ::read(fd, buffer, maxBytes): Connection reset by peer
Docker E2E	UNKNOWN STEP	2026-10-04T10:36:25.7818031Z <<removed: line of 1420 characters>>
Docker E2E	UNKNOWN STEP	2026-10-04T10:36:25.7829805Z uncaught exception; source = Uncaught (in promise); stack = Error: Network connection lost.
Docker E2E	UNKNOWN STEP	2026-10-04T10:36:25.7831789Z uncaught exception; exception = workerd/jsg/_virtual_includes/iterator/workerd/jsg/value.h:1477: disconnected: jsg.Error: Network connection lost.
Docker E2E	UNKNOWN STEP	2026-10-04T10:36:25.7836706Z stack: /tmp/drangler-e2e-modify-RlOyAv/worker/node_modules/@cloudflare/workerd-linux-64/bin/workerd@33a3bd0 /tmp/drangler-e2e-modify-RlOyAv/worker/node_modules/@cloudflare/workerd-linux-64/bin/workerd@33a486c /tmp/drangler-e2e-modify-RlOyAv/worker/node_modules/@cloudflare/workerd-linux-64/bin/workerd@5998b48 /tmp/drangler-e2e-modify-RlOyAv/worker/node_modules/@cloudflare/workerd-linux-64/bin/workerd@31108fb
Docker E2E	UNKNOWN STEP	2026-10-04T10:36:25.7840697Z [InspectorProxyWorker] RUNTIME INCOMING MESSAGE { id: 100000004, result: { id: '495f2878b37c3025' } }
Docker E2E	UNKNOWN STEP	2026-10-04T10:36:25.7842336Z uncaught exception; source = Uncaught (in promise); stack = Error: Network connection lost.
Docker E2E	UNKNOWN STEP	2026-10-04T10:36:25.7844282Z uncaught exception; exception = workerd/jsg/_virtual_includes/iterator/workerd/jsg/value.h:1477: disconnected: jsg.Error: Network connection lost.
Docker E2E	UNKNOWN STEP	2026-10-04T10:36:25.7848921Z stack: /tmp/drangler-e2e-modify-RlOyAv/worker/node_modules/@cloudflare/workerd-linux-64/bin/workerd@33a3bd0 /tmp/drangler-e2e-modify-RlOyAv/worker/node_modules/@cloudflare/workerd-linux-64/bin/workerd@33a486c /tmp/drangler-e2e-modify-RlOyAv/worker/node_modules/@cloudflare/workerd-linux-64/bin/workerd@5998b48 /tmp/drangler-e2e-modify-RlOyAv/worker/node_modules/@cloudflare/workerd-linux-64/bin/workerd@31108fb
Docker E2E	UNKNOWN STEP	2026-10-04T10:36:25.7852759Z uncaught exception; source = Uncaught (in promise); stack = Error: Network connection lost.
Docker E2E	UNKNOWN STEP	2026-10-04T10:36:25.7854657Z uncaught exception; exception = workerd/jsg/_virtual_includes/iterator/workerd/jsg/value.h:1477: disconnected: jsg.Error: Network connection lost.
Docker E2E	UNKNOWN STEP	2026-10-04T10:36:25.7859359Z stack: /tmp/drangler-e2e-modify-RlOyAv/worker/node_modules/@cloudflare/workerd-linux-64/bin/workerd@33a3bd0 /tmp/drangler-e2e-modify-RlOyAv/worker/node_modules/@cloudflare/workerd-linux-64/bin/workerd@33a486c /tmp/drangler-e2e-modify-RlOyAv/worker/node_modules/@cloudflare/workerd-linux-64/bin/workerd@5998b48 /tmp/drangler-e2e-modify-RlOyAv/worker/node_modules/@cloudflare/workerd-linux-64/bin/workerd@31108fb
Docker E2E	UNKNOWN STEP	2026-10-04T10:36:25.7862720Z 
Docker E2E	UNKNOWN STEP	2026-10-04T10:36:25.7862815Z 
Docker E2E	UNKNOWN STEP	2026-10-04T10:36:45.6665159Z ^[[90mstderr^[[2m | tests/e2e/modify.spec.ts^[[2m > ^[[22m^[[2mdrangler modify against a real dev site
Docker E2E	UNKNOWN STEP	2026-10-04T10:36:45.6667127Z ^[[22m^[[39ma case failed; the wrangler dev log is at /tmp/drangler-e2e-dev-mutorr5g.log
Docker E2E	UNKNOWN STEP	2026-10-04T10:36:45.6669001Z 🪵  Writing logs to "/home/runner/.config/.wrangler/logs/wrangler-2026-10-04_10-36-26_478.log"
Docker E2E	UNKNOWN STEP	2026-10-04T10:36:45.6671860Z .env file not found at "/tmp/drangler-e2e-modify-RlOyAv/worker/.env". Continuing... For more details, refer to https://developers.cloudflare.com/workers/wrangler/system-environment-variables/
Docker E2E	UNKNOWN STEP	2026-10-04T10:36:45.6674879Z .env file not found at "/tmp/drangler-e2e-modify-RlOyAv/worker/.env.local". Continuing... For more details, refer to https://developers.cloudflare.com/workers/wrangler/system-environment-variables/
Docker E2E	UNKNOWN STEP	2026-10-04T10:36:45.6676203Z 
Docker E2E	UNKNOWN STEP	2026-10-04T10:36:45.6676633Z  ⛅️ wrangler 4.127.1 (update available 4.147.0)
Docker E2E	UNKNOWN STEP	2026-10-04T10:36:45.6677486Z ───────────────────────────────────────────────
Docker E2E	UNKNOWN STEP	2026-10-04T10:36:45.6677991Z setting config
Docker E2E	UNKNOWN STEP	2026-10-04T10:36:45.6678435Z Updating config... undefined undefined
Docker E2E	UNKNOWN STEP	2026-10-04T10:36:45.6685814Z <<removed: line of 821 characters>>
Docker E2E	UNKNOWN STEP	2026-10-04T10:36:45.6691481Z [custom build] Running: bun run hydrate
Docker E2E	UNKNOWN STEP	2026-10-04T10:36:45.6692031Z [custom build] $ bun scripts/hydrate.ts
Docker E2E	UNKNOWN STEP	2026-10-04T10:36:45.6692460Z [custom build] 
Docker E2E	UNKNOWN STEP	2026-10-04T10:36:45.6693008Z [custom build] the tree is already hydrated; nothing to do.
Docker E2E	UNKNOWN STEP	2026-10-04T10:36:45.6693882Z [custom build] pass --force to replace it with the published payload anyway.
Docker E2E	UNKNOWN STEP	2026-10-04T10:36:45.6694510Z [custom build] 
Docker E2E	UNKNOWN STEP	2026-10-04T10:36:45.6696046Z local dev variables file not found at ".dev.vars". Continuing... For more details, refer to https://developers.cloudflare.com/workers/wrangler/system-environment-variables/
Docker E2E	UNKNOWN STEP	2026-10-04T10:36:45.6700743Z .env file not found at "/tmp/drangler-e2e-modify-RlOyAv/worker/.env". Continuing... For more details, refer to https://developers.cloudflare.com/workers/wrangler/system-environment-variables/
Docker E2E	UNKNOWN STEP	2026-10-04T10:36:45.6703653Z .env file not found at "/tmp/drangler-e2e-modify-RlOyAv/worker/.env.local". Continuing... For more details, refer to https://developers.cloudflare.com/workers/wrangler/system-environment-variables/
Docker E2E	UNKNOWN STEP	2026-10-04T10:36:45.6705310Z Your Worker has access to the following bindings:
Docker E2E	UNKNOWN STEP	2026-10-04T10:36:45.6706141Z Binding                                              Resource                     Mode
Docker E2E	UNKNOWN STEP	2026-10-04T10:36:45.6707143Z env.SITE (SitePhpDurableObject)                      Durable Object               local
Docker E2E	UNKNOWN STEP	2026-10-04T10:36:45.6708228Z env.RENDER_LANES (RenderLane)                        Durable Object               local
Docker E2E	UNKNOWN STEP	2026-10-04T10:36:45.6709204Z env.CONFIG_KV                                        KV Namespace                 local
Docker E2E	UNKNOWN STEP	2026-10-04T10:36:45.6710373Z env.PAGE_KV                                          KV Namespace                 local
Docker E2E	UNKNOWN STEP	2026-10-04T10:36:45.6711340Z env.FLEET_DB (<org>-fleet)                       D1 Database                  local
Docker E2E	UNKNOWN STEP	2026-10-04T10:36:45.6712289Z env.ASSETS                                           Assets                       local
Docker E2E	UNKNOWN STEP	2026-10-04T10:36:45.6713250Z env.CF_VERSION_METADATA                              Worker Version Metadata      local
Docker E2E	UNKNOWN STEP	2026-10-04T10:36:45.6714275Z env.CMS ("drupal")                                   Environment Variable         local
Docker E2E	UNKNOWN STEP	2026-10-04T10:36:45.6715186Z env.LAZY_MOUNT ("1")                                 Environment Variable         local
Docker E2E	UNKNOWN STEP	2026-10-04T10:36:45.6716166Z env.LAZY_FS_BUDGET_BYTES ("4194304")                 Environment Variable         local
Docker E2E	UNKNOWN STEP	2026-10-04T10:36:45.6717194Z env.GEN_BUCKET_MS ("5000")                           Environment Variable         local
Docker E2E	UNKNOWN STEP	2026-10-04T10:36:45.6718147Z env.PLAN ("free")                                    Environment Variable         local
Docker E2E	UNKNOWN STEP	2026-10-04T10:36:45.6719064Z env.ASSET_AGGREGATES ("1")                           Environment Variable         local
Docker E2E	UNKNOWN STEP	2026-10-04T10:36:45.6719564Z 
Docker E2E	UNKNOWN STEP	2026-10-04T10:36:45.6720870Z ^[[33m▲ ^[[43;33m[^[[43;30mWARNING^[[43;33m]^[[0m ^[[1mScheduled Workers are not automatically triggered during local development.^[[0m
Docker E2E	UNKNOWN STEP	2026-10-04T10:36:45.6721693Z 
Docker E2E	UNKNOWN STEP	2026-10-04T10:36:45.6721949Z   To manually trigger a scheduled event, run:
Docker E2E	UNKNOWN STEP	2026-10-04T10:36:45.6722627Z     curl "http://localhost:8903/cdn-cgi/local/scheduled"
Docker E2E	UNKNOWN STEP	2026-10-04T10:36:45.6724053Z   For more details, see ^[[4mhttps://developers.cloudflare.com/workers/configuration/cron-triggers/#test-cron-triggers-locally^[[0m
Docker E2E	UNKNOWN STEP	2026-10-04T10:36:45.6724948Z 
Docker E2E	UNKNOWN STEP	2026-10-04T10:36:45.6724959Z 
Docker E2E	UNKNOWN STEP	2026-10-04T10:36:45.6725228Z The file src changed, restarting build...
Docker E2E	UNKNOWN STEP	2026-10-04T10:36:45.6725816Z [custom build] Running: bun run hydrate
Docker E2E	UNKNOWN STEP	2026-10-04T10:36:45.6726375Z [custom build] $ bun scripts/hydrate.ts
Docker E2E	UNKNOWN STEP	2026-10-04T10:36:45.6726810Z [custom build] 
Docker E2E	UNKNOWN STEP	2026-10-04T10:36:45.6727486Z [wrangler-ProxyWorker:info] GET /cdn-cgi/ProxyWorker/pause 204 No Content (3ms)
Docker E2E	UNKNOWN STEP	2026-10-04T10:36:45.6728394Z [custom build] the tree is already hydrated; nothing to do.
Docker E2E	UNKNOWN STEP	2026-10-04T10:36:45.6729338Z [custom build] pass --force to replace it with the published payload anyway.
Docker E2E	UNKNOWN STEP	2026-10-04T10:36:45.6730207Z [custom build] 
Docker E2E	UNKNOWN STEP	2026-10-04T10:36:45.6730966Z [wrangler-ProxyWorker:info] GET /cdn-cgi/ProxyWorker/pause 204 No Content (1ms)
Docker E2E	UNKNOWN STEP	2026-10-04T10:36:45.6732955Z Writing additional module to output /tmp/drangler-e2e-modify-RlOyAv/worker/.wrangler/tmp/dev-tT6KHd/<hex>-wasm3.wasm
Docker E2E	UNKNOWN STEP	2026-10-04T10:36:45.6735228Z Writing additional module to output /tmp/drangler-e2e-modify-RlOyAv/worker/.wrangler/tmp/dev-tT6KHd/<hex>-tinyimg.wasm
Docker E2E	UNKNOWN STEP	2026-10-04T10:36:45.6737537Z Writing additional module to output /tmp/drangler-e2e-modify-RlOyAv/worker/.wrangler/tmp/dev-tT6KHd/<hex>-php8.5.tuned.wasm
Docker E2E	UNKNOWN STEP	2026-10-04T10:36:45.6738930Z RemoteRuntimeController teardown beginning...
Docker E2E	UNKNOWN STEP	2026-10-04T10:36:45.6739939Z RemoteRuntimeController teardown complete
Docker E2E	UNKNOWN STEP	2026-10-04T10:36:45.6740600Z ⎔ Starting local server...
Docker E2E	UNKNOWN STEP	2026-10-04T10:36:45.6741472Z [InspectorProxyWorker] handleProxyControllerIncomingMessage {"type":"reloadStart"}
Docker E2E	UNKNOWN STEP	2026-10-04T10:36:45.6742678Z [wrangler-ProxyWorker:info] GET /cdn-cgi/ProxyWorker/pause 204 No Content (0ms)
Docker E2E	UNKNOWN STEP	2026-10-04T10:36:45.6743448Z Inspector is listening
Docker E2E	UNKNOWN STEP	2026-10-04T10:36:45.6744092Z [wrangler-ProxyWorker:info] Ready on http://localhost:8903
Docker E2E	UNKNOWN STEP	2026-10-04T10:36:45.6748314Z [InspectorProxyWorker] handleProxyControllerIncomingMessage {"type":"reloadComplete","proxyData":{"userWorkerUrl":{"protocol":"http:","hostname":"<loopback>","port":"37351"},"userWorkerInspectorUrl":{"protocol":"ws:","hostname":"<loopback>","port":"35055","pathname":"/core:user:<org>"},"userWorkerInnerUrlOverrides":{"protocol":"http:"},"headers":{"MF-Proxy-Shared-Secret":"<uuid>"},"liveReload":false,"proxyLogsToController":false}}
Docker E2E	UNKNOWN STEP	2026-10-04T10:36:45.6751842Z [InspectorProxyWorker] reconnectRuntimeWebSocket
Docker E2E	UNKNOWN STEP	2026-10-04T10:36:45.6752608Z Inspector client attaching [core:user:<org>]
Docker E2E	UNKNOWN STEP	2026-10-04T10:36:45.6753644Z [InspectorProxyWorker] NEW RUNTIME WEBSOCKET http://<loopback>:35055/core:user:<org>
Docker E2E	UNKNOWN STEP	2026-10-04T10:36:45.6754933Z [InspectorProxyWorker] SEND TO DEVTOOLS {"method":"Runtime.executionContextsCleared"}
Docker E2E	UNKNOWN STEP	2026-10-04T10:36:45.6756163Z [wrangler-ProxyWorker:info] GET /cdn-cgi/ProxyWorker/play 204 No Content (1ms)
Docker E2E	UNKNOWN STEP	2026-10-04T10:36:45.6757074Z [InspectorProxyWorker] RUNTIME WEBSOCKET OPENED
Docker E2E	UNKNOWN STEP	2026-10-04T10:36:45.6758042Z [InspectorProxyWorker] SEND TO RUNTIME {"method":"Runtime.enable","id":100000001}
Docker E2E	UNKNOWN STEP	2026-10-04T10:36:45.6758977Z [InspectorProxyWorker] RUNTIME INCOMING MESSAGE {
Docker E2E	UNKNOWN STEP	2026-10-04T10:36:45.6759826Z   method: 'Runtime.executionContextCreated',
Docker E2E	UNKNOWN STEP	2026-10-04T10:36:45.6760349Z   params: {
Docker E2E	UNKNOWN STEP	2026-10-04T10:36:45.6760669Z     context: {
Docker E2E	UNKNOWN STEP	2026-10-04T10:36:45.6761011Z       id: 109283777,
Docker E2E	UNKNOWN STEP	2026-10-04T10:36:45.6761370Z       origin: '',
Docker E2E	UNKNOWN STEP	2026-10-04T10:36:45.6761720Z       name: 'Worker',
Docker E2E	UNKNOWN STEP	2026-10-04T10:36:45.6762231Z       uniqueId: '3098513868876617747.-2630144763366102931'
Docker E2E	UNKNOWN STEP	2026-10-04T10:36:45.6762752Z     }
Docker E2E	UNKNOWN STEP	2026-10-04T10:36:45.6763053Z   }
Docker E2E	UNKNOWN STEP	2026-10-04T10:36:45.6763341Z }
Docker E2E	UNKNOWN STEP	2026-10-04T10:36:45.6764067Z [InspectorProxyWorker] RUNTIME INCOMING MESSAGE { id: 100000001, result: {} }
Docker E2E	UNKNOWN STEP	2026-10-04T10:36:45.6765157Z [wrangler-ProxyWorker:info] GET /serve 503 Service Unavailable (58ms)
Docker E2E	UNKNOWN STEP	2026-10-04T10:36:45.6766185Z [wrangler-ProxyWorker:info] GET /serve 503 Service Unavailable (161ms)
Docker E2E	UNKNOWN STEP	2026-10-04T10:36:45.6767059Z [wrangler-ProxyWorker:info] GET /serve 200 OK (12ms)
Docker E2E	UNKNOWN STEP	2026-10-04T10:36:45.6768925Z {"cfw":"php","level":"info","severity":6,"channel":"system","message":"cfw_do_sqlite module installed.","uid":0,"request_uri":"http://localhost/","referer":"","ip":"<loopback>","timestamp":"1791110194"}
Docker E2E	UNKNOWN STEP	2026-10-04T10:36:45.6770697Z [InspectorProxyWorker] RUNTIME INCOMING MESSAGE {
Docker E2E	UNKNOWN STEP	2026-10-04T10:36:45.6771332Z   method: 'Runtime.consoleAPICalled',
Docker E2E	UNKNOWN STEP	2026-10-04T10:36:45.6771786Z   params: {
Docker E2E	UNKNOWN STEP	2026-10-04T10:36:45.6772119Z     type: 'log',
Docker E2E	UNKNOWN STEP	2026-10-04T10:36:45.6772482Z     args: [ [Object] ],
Docker E2E	UNKNOWN STEP	2026-10-04T10:36:45.6772945Z     executionContextId: 109283777,
Docker E2E	UNKNOWN STEP	2026-10-04T10:36:45.6773407Z     timestamp: 1791110194656,
Docker E2E	UNKNOWN STEP	2026-10-04T10:36:45.6773892Z     stackTrace: { callFrames: [Array] }
Docker E2E	UNKNOWN STEP	2026-10-04T10:36:45.6774346Z   }
Docker E2E	UNKNOWN STEP	2026-10-04T10:36:45.6774638Z }
Docker E2E	UNKNOWN STEP	2026-10-04T10:36:45.6775430Z [InspectorProxyWorker] SEND TO RUNTIME {"method":"Runtime.getIsolateId","id":100000002}
Docker E2E	UNKNOWN STEP	2026-10-04T10:36:45.6776690Z [wrangler-ProxyWorker:info] POST /firstrun 200 OK (8038ms)
Docker E2E	UNKNOWN STEP	2026-10-04T10:36:45.6777880Z [InspectorProxyWorker] RUNTIME INCOMING MESSAGE { id: 100000002, result: { id: '17ed23fedd72554d' } }
Docker E2E	UNKNOWN STEP	2026-10-04T10:36:45.6778998Z [wrangler-ProxyWorker:info] POST /modify 200 OK (11ms)
Docker E2E	UNKNOWN STEP	2026-10-04T10:36:45.6779968Z [wrangler-ProxyWorker:info] POST /modify 200 OK (9ms)
Docker E2E	UNKNOWN STEP	2026-10-04T10:36:45.6780761Z [wrangler-ProxyWorker:info] POST /modify 200 OK (414ms)
Docker E2E	UNKNOWN STEP	2026-10-04T10:36:45.6782976Z {"cfw":"php","level":"info","severity":6,"channel":"system","message":"entity_reference_integrity module installed.","uid":0,"request_uri":"http://localhost/","referer":"","ip":"<loopback>","timestamp":"1791110204"}
Docker E2E	UNKNOWN STEP	2026-10-04T10:36:45.6784666Z [InspectorProxyWorker] RUNTIME INCOMING MESSAGE {
Docker E2E	UNKNOWN STEP	2026-10-04T10:36:45.6785374Z   method: 'Runtime.consoleAPICalled',
Docker E2E	UNKNOWN STEP	2026-10-04T10:36:45.6785850Z   params: {
Docker E2E	UNKNOWN STEP	2026-10-04T10:36:45.6786178Z     type: 'log',
Docker E2E	UNKNOWN STEP	2026-10-04T10:36:45.6786544Z     args: [ [Object] ],
Docker E2E	UNKNOWN STEP	2026-10-04T10:36:45.6786999Z     executionContextId: 109283777,
Docker E2E	UNKNOWN STEP	2026-10-04T10:36:45.6787463Z     timestamp: 1791110204634,
Docker E2E	UNKNOWN STEP	2026-10-04T10:36:45.6787951Z     stackTrace: { callFrames: [Array] }
Docker E2E	UNKNOWN STEP	2026-10-04T10:36:45.6788407Z   }
Docker E2E	UNKNOWN STEP	2026-10-04T10:36:45.6788701Z }
Docker E2E	UNKNOWN STEP	2026-10-04T10:36:45.6789258Z [wrangler-ProxyWorker:info] POST /enable 200 OK (5007ms)
Docker E2E	UNKNOWN STEP	2026-10-04T10:36:45.6790723Z exception = kj/async-io-unix.c++:567: disconnected: ::read(fd, buffer, maxBytes): Connection reset by peer
Docker E2E	UNKNOWN STEP	2026-10-04T10:36:45.6804378Z <<removed: line of 1420 characters>>
Docker E2E	UNKNOWN STEP	2026-10-04T10:36:45.6815748Z uncaught exception; source = Uncaught (in promise); stack = Error: Network connection lost.
Docker E2E	UNKNOWN STEP	2026-10-04T10:36:45.6817659Z uncaught exception; exception = workerd/jsg/_virtual_includes/iterator/workerd/jsg/value.h:1477: disconnected: jsg.Error: Network connection lost.
Docker E2E	UNKNOWN STEP	2026-10-04T10:36:45.6822562Z stack: /tmp/drangler-e2e-modify-RlOyAv/worker/node_modules/@cloudflare/workerd-linux-64/bin/workerd@33a3bd0 /tmp/drangler-e2e-modify-RlOyAv/worker/node_modules/@cloudflare/workerd-linux-64/bin/workerd@33a486c /tmp/drangler-e2e-modify-RlOyAv/worker/node_modules/@cloudflare/workerd-linux-64/bin/workerd@5998b48 /tmp/drangler-e2e-modify-RlOyAv/worker/node_modules/@cloudflare/workerd-linux-64/bin/workerd@31108fb
Docker E2E	UNKNOWN STEP	2026-10-04T10:36:45.6826216Z uncaught exception; source = Uncaught (in promise); stack = Error: Network connection lost.
Docker E2E	UNKNOWN STEP	2026-10-04T10:36:45.6828076Z uncaught exception; exception = workerd/jsg/_virtual_includes/iterator/workerd/jsg/value.h:1477: disconnected: jsg.Error: Network connection lost.
Docker E2E	UNKNOWN STEP	2026-10-04T10:36:45.6832938Z stack: /tmp/drangler-e2e-modify-RlOyAv/worker/node_modules/@cloudflare/workerd-linux-64/bin/workerd@33a3bd0 /tmp/drangler-e2e-modify-RlOyAv/worker/node_modules/@cloudflare/workerd-linux-64/bin/workerd@33a486c /tmp/drangler-e2e-modify-RlOyAv/worker/node_modules/@cloudflare/workerd-linux-64/bin/workerd@5998b48 /tmp/drangler-e2e-modify-RlOyAv/worker/node_modules/@cloudflare/workerd-linux-64/bin/workerd@31108fb
Docker E2E	UNKNOWN STEP	2026-10-04T10:36:45.6836042Z 
Docker E2E	UNKNOWN STEP	2026-10-04T10:36:45.6836053Z 
Docker E2E	UNKNOWN STEP	2026-10-04T10:36:45.6974519Z  ^[[31m❯^[[39m ^[[30m^[[45m e2e ^[[49m^[[39m tests/e2e/modify.spec.ts ^[[2m(^[[22m^[[2m8 tests^[[22m^[[2m | ^[[22m^[[31m2 failed^[[39m^[[2m)^[[22m^[[33m 89243^[[2mms^[[22m^[[39m
Docker E2E	UNKNOWN STEP	2026-10-04T10:36:45.6976485Z        ^[[32m✓^[[39m detects the project and mounts it where Drupal looks for a custom module^[[32m 3^[[2mms^[[22m^[[39m
Docker E2E	UNKNOWN STEP	2026-10-04T10:36:45.6978303Z        ^[[33m^[[2m✓^[[22m^[[39m uploads it, and the revision drangler computed is the one the site stored ^[[33m 485^[[2mms^[[22m^[[39m
Docker E2E	UNKNOWN STEP	2026-10-04T10:36:45.6980154Z        ^[[33m^[[2m✓^[[22m^[[39m serves its route only once it is enabled ^[[33m 9594^[[2mms^[[22m^[[39m
Docker E2E	UNKNOWN STEP	2026-10-04T10:36:45.6981721Z        ^[[33m^[[2m✓^[[22m^[[39m sends only the changed file, and the site serves the new code ^[[33m 930^[[2mms^[[22m^[[39m
Docker E2E	UNKNOWN STEP	2026-10-04T10:36:45.6984851Z        ^[[33m^[[2m✓^[[22m^[[39m refuses a revision that breaks the boot and keeps the previous one serving ^[[33m 3159^[[2mms^[[22m^[[39m
Docker E2E	UNKNOWN STEP	2026-10-04T10:36:45.6986462Z        ^[[33m^[[2m✓^[[22m^[[39m lists both good revisions and rolls back to the first ^[[33m 914^[[2mms^[[22m^[[39m
Docker E2E	UNKNOWN STEP	2026-10-04T10:36:45.6988096Z ^[[31m       ^[[31m×^[[31m requires simple_oauth, uploads simple_oauth_21 and enables it^[[39m^[[33m 34478^[[2mms^[[22m^[[39m
Docker E2E	UNKNOWN STEP	2026-10-04T10:36:45.6990467Z ^[[31m       ^[[31m×^[[31m reports a module whose enable is refused and leaves the site serving^[[39m^[[33m 19227^[[2mms^[[22m^[[39m
Docker E2E	UNKNOWN STEP	2026-10-04T10:36:46.9515282Z Cloning into '/tmp/drangler-e2e-clone-ThYTQq/worker'...
Docker E2E	UNKNOWN STEP	2026-10-04T10:36:47.9592682Z bun install v1.4.2 (744846f84)
Docker E2E	UNKNOWN STEP	2026-10-04T10:36:48.2715080Z 
Docker E2E	UNKNOWN STEP	2026-10-04T10:36:48.2716046Z $ bun scripts/gen-lock-versions.ts && bun scripts/restore-artifacts.ts
Docker E2E	UNKNOWN STEP	2026-10-04T10:36:48.2835443Z {
Docker E2E	UNKNOWN STEP	2026-10-04T10:36:48.2835741Z   "packages": 76,
Docker E2E	UNKNOWN STEP	2026-10-04T10:36:48.2835984Z   "virtual": 37,
Docker E2E	UNKNOWN STEP	2026-10-04T10:36:48.2836202Z   "core": "11.4.7",
Docker E2E	UNKNOWN STEP	2026-10-04T10:36:48.2836430Z   "bytes": 4562
Docker E2E	UNKNOWN STEP	2026-10-04T10:36:48.2836644Z }
Docker E2E	UNKNOWN STEP	2026-10-04T10:36:48.5100795Z restore-artifacts: .interp/php8.5.wasm (13401742 bytes, sha256 verified)
Docker E2E	UNKNOWN STEP	2026-10-04T10:36:48.5772788Z restore-artifacts: .interp/php8.5-worker.mjs (876467 bytes, sha256 verified)
Docker E2E	UNKNOWN STEP	2026-10-04T10:36:48.8968421Z restore-artifacts: tuned glue -> /tmp/drangler-e2e-clone-ThYTQq/worker/.interp/php8.5-worker.tuned.mjs
Docker E2E	UNKNOWN STEP	2026-10-04T10:36:48.9215656Z restore-artifacts: tuned interpreter -> /tmp/drangler-e2e-clone-ThYTQq/worker/.interp/php8.5.tuned.wasm (64 MiB)
Docker E2E	UNKNOWN STEP	2026-10-04T10:36:48.9217144Z restore-artifacts: 2 downloaded, 0 already current
Docker E2E	UNKNOWN STEP	2026-10-04T10:36:48.9276086Z $ husky
Docker E2E	UNKNOWN STEP	2026-10-04T10:36:48.9652134Z 
Docker E2E	UNKNOWN STEP	2026-10-04T10:36:48.9652750Z + @cloudflare/containers@0.3.7
Docker E2E	UNKNOWN STEP	2026-10-04T10:36:48.9653495Z + @cloudflare/vitest-pool-workers@0.22.0
Docker E2E	UNKNOWN STEP	2026-10-04T10:36:48.9654230Z + @cloudflare/workers-types@5.20260829.1
Docker E2E	UNKNOWN STEP	2026-10-04T10:36:48.9654746Z + @playwright/test@1.62.1
Docker E2E	UNKNOWN STEP	2026-10-04T10:36:48.9655220Z + @prettier/plugin-php@0.25.0
Docker E2E	UNKNOWN STEP	2026-10-04T10:36:48.9655708Z + @types/bun@1.4.0
Docker E2E	UNKNOWN STEP	2026-10-04T10:36:48.9656083Z + @types/pg@8.23.1
Docker E2E	UNKNOWN STEP	2026-10-04T10:36:48.9656535Z + @vitest/coverage-istanbul@4.1.11
Docker E2E	UNKNOWN STEP	2026-10-04T10:36:48.9656960Z + husky@9.1.7
Docker E2E	UNKNOWN STEP	2026-10-04T10:36:48.9657334Z + lint-staged@17.4.1
Docker E2E	UNKNOWN STEP	2026-10-04T10:36:48.9657694Z + marked@18.0.14
Docker E2E	UNKNOWN STEP	2026-10-04T10:36:48.9658111Z + marked-gfm-heading-id@4.1.4
Docker E2E	UNKNOWN STEP	2026-10-04T10:36:48.9658398Z + prettier@3.9.6
Docker E2E	UNKNOWN STEP	2026-10-04T10:36:48.9658706Z + prettier-plugin-organize-imports@4.3.0
Docker E2E	UNKNOWN STEP	2026-10-04T10:36:48.9659051Z + prettier-plugin-sh@0.20.2
Docker E2E	UNKNOWN STEP	2026-10-04T10:36:48.9659294Z + shiki@4.4.3
Docker E2E	UNKNOWN STEP	2026-10-04T10:36:48.9659503Z + typedoc@0.28.20
Docker E2E	UNKNOWN STEP	2026-10-04T10:36:48.9660030Z + typescript@5.9.3
Docker E2E	UNKNOWN STEP	2026-10-04T10:36:48.9660247Z + vitest@4.1.11
Docker E2E	UNKNOWN STEP	2026-10-04T10:36:48.9660461Z + wrangler@4.127.1
Docker E2E	UNKNOWN STEP	2026-10-04T10:36:48.9660658Z + yaml@2.9.1
Docker E2E	UNKNOWN STEP	2026-10-04T10:36:48.9661122Z + <private-pkg>@1.1.1
Docker E2E	UNKNOWN STEP	2026-10-04T10:36:48.9661387Z + <private-pkg>@0.3.1
Docker E2E	UNKNOWN STEP	2026-10-04T10:36:48.9661684Z + <private-pkg>@0.1.4
Docker E2E	UNKNOWN STEP	2026-10-04T10:36:48.9661943Z + <private-pkg>@0.1.0
Docker E2E	UNKNOWN STEP	2026-10-04T10:36:48.9662192Z + @<user>/tinyimg@1.1.0
Docker E2E	UNKNOWN STEP	2026-10-04T10:36:48.9662446Z + @noble/ciphers@2.4.0
Docker E2E	UNKNOWN STEP	2026-10-04T10:36:48.9662680Z + @noble/hashes@2.4.0
Docker E2E	UNKNOWN STEP	2026-10-04T10:36:48.9662895Z + blakejs@1.2.1
Docker E2E	UNKNOWN STEP	2026-10-04T10:36:48.9663095Z + edgeport@1.0.6
Docker E2E	UNKNOWN STEP	2026-10-04T10:36:48.9663303Z + fflate@0.8.3
Docker E2E	UNKNOWN STEP	2026-10-04T10:36:48.9663497Z + fzstd@0.1.1
Docker E2E	UNKNOWN STEP	2026-10-04T10:36:48.9663690Z + mysql2@3.24.4
Docker E2E	UNKNOWN STEP	2026-10-04T10:36:48.9663877Z + pg@8.23.0
Docker E2E	UNKNOWN STEP	2026-10-04T10:36:48.9664064Z + php-wasm@0.1.0
Docker E2E	UNKNOWN STEP	2026-10-04T10:36:48.9664190Z 
Docker E2E	UNKNOWN STEP	2026-10-04T10:36:48.9664489Z 260 packages installed [1006.00ms]
Docker E2E	UNKNOWN STEP	2026-10-04T10:36:48.9972991Z $ bun scripts/hydrate.ts
Docker E2E	UNKNOWN STEP	2026-10-04T10:36:49.2442070Z fetching https://<host>/payloads/v1.0.3/<org>-worker-1.0.3.tar.gz (cdn)
Docker E2E	UNKNOWN STEP	2026-10-04T10:36:49.5711201Z tarball sha256 <hex> matches SHA256SUMS
Docker E2E	UNKNOWN STEP	2026-10-04T10:36:50.6047668Z hydrate: kept 2 tracked file(s) the repository owns: assets/robots.txt, assets/driver.json
Docker E2E	UNKNOWN STEP	2026-10-04T10:36:50.6048927Z hydrated 4583 files, 52473986 bytes, from 1.0.3 (d633a47)
Docker E2E	UNKNOWN STEP	2026-10-04T10:36:50.6067209Z interpreter: .interp/php8.5-worker.tuned.mjs, .interp/php8.5.tuned.wasm
Docker E2E	UNKNOWN STEP	2026-10-04T10:36:50.6068261Z the tree is deployable now: bunx wrangler deploy -c wrangler.jsonc
Docker E2E	UNKNOWN STEP	2026-10-04T10:36:58.8458122Z  ^[[32m✓^[[39m ^[[30m^[[45m e2e ^[[49m^[[39m tests/e2e/workspace-clone.spec.ts ^[[2m(^[[22m^[[2m10 tests^[[22m^[[2m | ^[[22m^[[33m1 skipped^[[39m^[[2m)^[[22m^[[33m 11876^[[2mms^[[22m^[[39m
Docker E2E	UNKNOWN STEP	2026-10-04T10:36:58.8459254Z      ^[[33m^[[2m✓^[[22m^[[39m clones the published repository and installs it from npm ^[[33m 2022^[[2mms^[[22m^[[39m
Docker E2E	UNKNOWN STEP	2026-10-04T10:36:58.8460325Z      ^[[33m^[[2m✓^[[22m^[[39m hydrates from the <org>/worker release v1.0.3 ^[[33m 1726^[[2mms^[[22m^[[39m
Docker E2E	UNKNOWN STEP	2026-10-04T10:36:58.8461094Z      ^[[33m^[[2m✓^[[22m^[[39m runs every check, and none of them reports "not run" ^[[33m 4002^[[2mms^[[22m^[[39m
Docker E2E	UNKNOWN STEP	2026-10-04T10:36:58.8463684Z      ^[[33m^[[2m✓^[[22m^[[39m a published payload deploys clean ^[[33m 3820^[[2mms^[[22m^[[39m
Docker E2E	UNKNOWN STEP	2026-10-04T10:37:20.9750977Z  ^[[32m✓^[[39m ^[[30m^[[45m e2e ^[[49m^[[39m tests/e2e/detector.spec.ts ^[[2m(^[[22m^[[2m9 tests^[[22m^[[2m)^[[22m^[[33m 21901^[[2mms^[[22m^[[39m
Docker E2E	UNKNOWN STEP	2026-10-04T10:37:20.9753069Z      ^[[33m^[[2m✓^[[22m^[[39m catches a multi-byte value mangled by the wrong connection charset ^[[33m 408^[[2mms^[[22m^[[39m
Docker E2E	UNKNOWN STEP	2026-10-04T10:37:32.4080251Z Cloning into '/tmp/drangler-e2e-pv-rr5re6/worker'...
Docker E2E	UNKNOWN STEP	2026-10-04T10:37:33.2853352Z Note: switching to '<hex>'.
Docker E2E	UNKNOWN STEP	2026-10-04T10:37:33.2853816Z 
Docker E2E	UNKNOWN STEP	2026-10-04T10:37:33.2854420Z You are in 'detached HEAD' state. You can look around, make experimental
Docker E2E	UNKNOWN STEP	2026-10-04T10:37:33.2855438Z changes and commit them, and you can discard any commits you make in this
Docker E2E	UNKNOWN STEP	2026-10-04T10:37:33.2856440Z state without impacting any branches by switching back to a branch.
Docker E2E	UNKNOWN STEP	2026-10-04T10:37:33.2856937Z 
Docker E2E	UNKNOWN STEP	2026-10-04T10:37:33.2857441Z If you want to create a new branch to retain commits you create, you may
Docker E2E	UNKNOWN STEP	2026-10-04T10:37:33.2858367Z do so (now or later) by using -c with the switch command. Example:
Docker E2E	UNKNOWN STEP	2026-10-04T10:37:33.2858748Z 
Docker E2E	UNKNOWN STEP	2026-10-04T10:37:33.2858880Z   git switch -c <new-branch-name>
Docker E2E	UNKNOWN STEP	2026-10-04T10:37:33.2859063Z 
Docker E2E	UNKNOWN STEP	2026-10-04T10:37:33.2859187Z Or undo this operation with:
Docker E2E	UNKNOWN STEP	2026-10-04T10:37:33.2859346Z 
Docker E2E	UNKNOWN STEP	2026-10-04T10:37:33.2859437Z   git switch -
Docker E2E	UNKNOWN STEP	2026-10-04T10:37:33.2859562Z 
Docker E2E	UNKNOWN STEP	2026-10-04T10:37:33.2860241Z Turn off this advice by setting config variable advice.detachedHead to false
Docker E2E	UNKNOWN STEP	2026-10-04T10:37:33.2860563Z 
Docker E2E	UNKNOWN STEP	2026-10-04T10:37:33.4005153Z bun install v1.4.2 (744846f84)
Docker E2E	UNKNOWN STEP	2026-10-04T10:37:33.7293790Z 
Docker E2E	UNKNOWN STEP	2026-10-04T10:37:33.7294975Z $ bun scripts/gen-lock-versions.ts && bun scripts/restore-artifacts.ts
Docker E2E	UNKNOWN STEP	2026-10-04T10:37:33.7398480Z {
Docker E2E	UNKNOWN STEP	2026-10-04T10:37:33.7398865Z   "packages": 76,
Docker E2E	UNKNOWN STEP	2026-10-04T10:37:33.7399251Z   "virtual": 37,
Docker E2E	UNKNOWN STEP	2026-10-04T10:37:33.7399825Z   "core": "11.4.7",
Docker E2E	UNKNOWN STEP	2026-10-04T10:37:33.7400186Z   "bytes": 4562
Docker E2E	UNKNOWN STEP	2026-10-04T10:37:33.7400840Z }
Docker E2E	UNKNOWN STEP	2026-10-04T10:37:33.9679936Z restore-artifacts: .interp/php8.5.wasm (13401742 bytes, sha256 verified)
Docker E2E	UNKNOWN STEP	2026-10-04T10:37:34.0356561Z restore-artifacts: .interp/php8.5-worker.mjs (876467 bytes, sha256 verified)
Docker E2E	UNKNOWN STEP	2026-10-04T10:37:34.3542625Z restore-artifacts: tuned glue -> /tmp/drangler-e2e-pv-rr5re6/worker/.interp/php8.5-worker.tuned.mjs
Docker E2E	UNKNOWN STEP	2026-10-04T10:37:34.3792642Z restore-artifacts: tuned interpreter -> /tmp/drangler-e2e-pv-rr5re6/worker/.interp/php8.5.tuned.wasm (64 MiB)
Docker E2E	UNKNOWN STEP	2026-10-04T10:37:34.3793359Z restore-artifacts: 2 downloaded, 0 already current
Docker E2E	UNKNOWN STEP	2026-10-04T10:37:34.3848676Z $ husky
Docker E2E	UNKNOWN STEP	2026-10-04T10:37:34.4240973Z 
Docker E2E	UNKNOWN STEP	2026-10-04T10:37:34.4241694Z + @cloudflare/containers@0.3.7
Docker E2E	UNKNOWN STEP	2026-10-04T10:37:34.4242978Z + @cloudflare/vitest-pool-workers@0.22.0
Docker E2E	UNKNOWN STEP	2026-10-04T10:37:34.4244029Z + @cloudflare/workers-types@5.20260829.1
Docker E2E	UNKNOWN STEP	2026-10-04T10:37:34.4244903Z + @playwright/test@1.62.1
Docker E2E	UNKNOWN STEP	2026-10-04T10:37:34.4245686Z + @prettier/plugin-php@0.25.0
Docker E2E	UNKNOWN STEP	2026-10-04T10:37:34.4246453Z + @types/bun@1.4.0
Docker E2E	UNKNOWN STEP	2026-10-04T10:37:34.4247014Z + @types/pg@8.23.1
Docker E2E	UNKNOWN STEP	2026-10-04T10:37:34.4247617Z + @vitest/coverage-istanbul@4.1.11
Docker E2E	UNKNOWN STEP	2026-10-04T10:37:34.4248043Z + husky@9.1.7
Docker E2E	UNKNOWN STEP	2026-10-04T10:37:34.4248377Z + lint-staged@17.4.1
Docker E2E	UNKNOWN STEP	2026-10-04T10:37:34.4248718Z + marked@18.0.14
Docker E2E	UNKNOWN STEP	2026-10-04T10:37:34.4249086Z + marked-gfm-heading-id@4.1.4
Docker E2E	UNKNOWN STEP	2026-10-04T10:37:34.4249476Z + prettier@3.9.6
Docker E2E	UNKNOWN STEP	2026-10-04T10:37:34.4250332Z + prettier-plugin-organize-imports@4.3.0
Docker E2E	UNKNOWN STEP	2026-10-04T10:37:34.4250849Z + prettier-plugin-sh@0.20.2
Docker E2E	UNKNOWN STEP	2026-10-04T10:37:34.4251229Z + shiki@4.4.3
Docker E2E	UNKNOWN STEP	2026-10-04T10:37:34.4251552Z + typedoc@0.28.20
Docker E2E	UNKNOWN STEP	2026-10-04T10:37:34.4251930Z + typescript@5.9.3
Docker E2E	UNKNOWN STEP	2026-10-04T10:37:34.4252254Z + vitest@4.1.11
Docker E2E	UNKNOWN STEP	2026-10-04T10:37:34.4252585Z + wrangler@4.127.1
Docker E2E	UNKNOWN STEP	2026-10-04T10:37:34.4252905Z + yaml@2.9.1
Docker E2E	UNKNOWN STEP	2026-10-04T10:37:34.4253249Z + <private-pkg>@1.1.1
Docker E2E	UNKNOWN STEP	2026-10-04T10:37:34.4253666Z + <private-pkg>@0.3.1
Docker E2E	UNKNOWN STEP	2026-10-04T10:37:34.4254087Z + <private-pkg>@0.1.4
Docker E2E	UNKNOWN STEP	2026-10-04T10:37:34.4254495Z + <private-pkg>@0.1.0
Docker E2E	UNKNOWN STEP	2026-10-04T10:37:34.4254891Z + @<user>/tinyimg@1.1.0
Docker E2E	UNKNOWN STEP	2026-10-04T10:37:34.4255301Z + @noble/ciphers@2.4.0
Docker E2E	UNKNOWN STEP	2026-10-04T10:37:34.4255651Z + @noble/hashes@2.4.0
Docker E2E	UNKNOWN STEP	2026-10-04T10:37:34.4255874Z + blakejs@1.2.1
Docker E2E	UNKNOWN STEP	2026-10-04T10:37:34.4256090Z + edgeport@1.0.6
Docker E2E	UNKNOWN STEP	2026-10-04T10:37:34.4256299Z + fflate@0.8.3
Docker E2E	UNKNOWN STEP	2026-10-04T10:37:34.4256506Z + fzstd@0.1.1
Docker E2E	UNKNOWN STEP	2026-10-04T10:37:34.4256701Z + mysql2@3.24.4
Docker E2E	UNKNOWN STEP	2026-10-04T10:37:34.4256902Z + pg@8.23.0
Docker E2E	UNKNOWN STEP	2026-10-04T10:37:34.4257099Z + php-wasm@0.1.0
Docker E2E	UNKNOWN STEP	2026-10-04T10:37:34.4257229Z 
Docker E2E	UNKNOWN STEP	2026-10-04T10:37:34.4257382Z 260 packages installed [1024.00ms]
Docker E2E	UNKNOWN STEP	2026-10-04T10:37:34.4287672Z $ bun scripts/hydrate.ts
Docker E2E	UNKNOWN STEP	2026-10-04T10:37:34.6036540Z fetching https://<host>/payloads/v1.0.3/<org>-worker-1.0.3.tar.gz (cdn)
Docker E2E	UNKNOWN STEP	2026-10-04T10:37:34.7211072Z tarball sha256 <hex> matches SHA256SUMS
Docker E2E	UNKNOWN STEP	2026-10-04T10:37:35.7629317Z hydrate: kept 2 tracked file(s) the repository owns: assets/robots.txt, assets/driver.json
Docker E2E	UNKNOWN STEP	2026-10-04T10:37:35.7630516Z hydrated 4583 files, 52473986 bytes, from 1.0.3 (d633a47)
Docker E2E	UNKNOWN STEP	2026-10-04T10:37:35.7631278Z interpreter: .interp/php8.5-worker.tuned.mjs, .interp/php8.5.tuned.wasm
Docker E2E	UNKNOWN STEP	2026-10-04T10:37:35.7632024Z the tree is deployable now: bunx wrangler deploy -c wrangler.jsonc
Docker E2E	UNKNOWN STEP	2026-10-04T10:37:35.9632891Z $ node scripts/pack-sql.ts assets/drupal/site.sqlite assets/drupal-sql
Docker E2E	UNKNOWN STEP	2026-10-04T10:37:36.1209059Z source          /tmp/drangler-e2e-pv-rr5re6/worker/assets/drupal/site.sqlite
Docker E2E	UNKNOWN STEP	2026-10-04T10:37:36.1366116Z                 2,379,776 bytes on disk
Docker E2E	UNKNOWN STEP	2026-10-04T10:37:36.1370551Z tables          52 (+1 synthesised: sessions), 9 WITHOUT ROWID
Docker E2E	UNKNOWN STEP	2026-10-04T10:37:36.1371294Z rows            926
Docker E2E	UNKNOWN STEP	2026-10-04T10:37:36.1372067Z statements      1,104 (53 table DDL, 926 inserts, 125 index DDL)
Docker E2E	UNKNOWN STEP	2026-10-04T10:37:36.1373069Z chunks          33 at <=200 statements / <=64 KiB
Docker E2E	UNKNOWN STEP	2026-10-04T10:37:36.1373868Z chunk bytes     1,727,828 total, largest 120,344
Docker E2E	UNKNOWN STEP	2026-10-04T10:37:36.1374633Z vs .sqlite      -651,948 bytes
Docker E2E	UNKNOWN STEP	2026-10-04T10:37:36.1375701Z encoding        1158 base64 values, 0 wide integers, 0 collations rewritten
Docker E2E	UNKNOWN STEP	2026-10-04T10:37:36.1377545Z bake history    39 watchdog rows and 1 state keys dropped
Docker E2E	UNKNOWN STEP	2026-10-04T10:37:36.1378581Z generation      00eb190f76bc8d91
Docker E2E	UNKNOWN STEP	2026-10-04T10:37:36.1380290Z out             /tmp/drangler-e2e-pv-rr5re6/worker/assets/drupal-sql
Docker E2E	UNKNOWN STEP	2026-10-04T10:37:36.1382341Z largest chunks  0013.json:118K/120st  0004.json:96K/135st  0007.json:95K/104st  0014.json:93K/60st  0021.json:93K/54st
Docker E2E	UNKNOWN STEP	2026-10-04T10:37:37.3080041Z 🪵  Writing logs to "/home/runner/.config/.wrangler/logs/wrangler-2026-10-04_10-37-36_901.log"
Docker E2E	UNKNOWN STEP	2026-10-04T10:37:37.3087765Z .env file not found at "/tmp/drangler-e2e-pv-rr5re6/worker/.env". Continuing... For more details, refer to https://developers.cloudflare.com/workers/wrangler/system-environment-variables/
Docker E2E	UNKNOWN STEP	2026-10-04T10:37:37.3091205Z .env file not found at "/tmp/drangler-e2e-pv-rr5re6/worker/.env.local". Continuing... For more details, refer to https://developers.cloudflare.com/workers/wrangler/system-environment-variables/
Docker E2E	UNKNOWN STEP	2026-10-04T10:37:37.3206696Z 
Docker E2E	UNKNOWN STEP	2026-10-04T10:37:37.3207362Z  ⛅️ wrangler 4.127.1 (update available 4.147.0)
Docker E2E	UNKNOWN STEP	2026-10-04T10:37:37.3207996Z ───────────────────────────────────────────────
Docker E2E	UNKNOWN STEP	2026-10-04T10:37:37.3220617Z 
Docker E2E	UNKNOWN STEP	2026-10-04T10:37:37.3221773Z Cloudflare collects anonymous telemetry about your usage of Wrangler. Learn more at https://github.com/cloudflare/workers-sdk/tree/main/packages/wrangler/telemetry.md
Docker E2E	UNKNOWN STEP	2026-10-04T10:37:37.3363027Z setting config
Docker E2E	UNKNOWN STEP	2026-10-04T10:37:37.3367130Z Updating config... undefined undefined
Docker E2E	UNKNOWN STEP	2026-10-04T10:37:37.3445482Z <<removed: line of 740 characters>>
Docker E2E	UNKNOWN STEP	2026-10-04T10:37:37.3609617Z [custom build] Running: bun run hydrate
Docker E2E	UNKNOWN STEP	2026-10-04T10:37:37.3870968Z [custom build] $ bun scripts/hydrate.ts
Docker E2E	UNKNOWN STEP	2026-10-04T10:37:37.3873000Z [custom build] 
Docker E2E	UNKNOWN STEP	2026-10-04T10:37:37.4027310Z [custom build] the tree is already hydrated; nothing to do.
Docker E2E	UNKNOWN STEP	2026-10-04T10:37:37.4028903Z [custom build] pass --force to replace it with the published payload anyway.
Docker E2E	UNKNOWN STEP	2026-10-04T10:37:37.4029854Z [custom build] 
Docker E2E	UNKNOWN STEP	2026-10-04T10:37:37.4206718Z local dev variables file not found at ".dev.vars". Continuing... For more details, refer to https://developers.cloudflare.com/workers/wrangler/system-environment-variables/
Docker E2E	UNKNOWN STEP	2026-10-04T10:37:37.4209946Z .env file not found at "/tmp/drangler-e2e-pv-rr5re6/worker/.env". Continuing... For more details, refer to https://developers.cloudflare.com/workers/wrangler/system-environment-variables/
Docker E2E	UNKNOWN STEP	2026-10-04T10:37:37.4213009Z .env file not found at "/tmp/drangler-e2e-pv-rr5re6/worker/.env.local". Continuing... For more details, refer to https://developers.cloudflare.com/workers/wrangler/system-environment-variables/
Docker E2E	UNKNOWN STEP	2026-10-04T10:37:37.4229001Z Your Worker has access to the following bindings:
Docker E2E	UNKNOWN STEP	2026-10-04T10:37:37.4230863Z Binding                                              Resource                     Mode
Docker E2E	UNKNOWN STEP	2026-10-04T10:37:37.4233003Z env.SITE (SitePhpDurableObject)                      Durable Object               local
Docker E2E	UNKNOWN STEP	2026-10-04T10:37:37.4234068Z env.RENDER_LANES (RenderLane)                        Durable Object               local
Docker E2E	UNKNOWN STEP	2026-10-04T10:37:37.4235114Z env.CONFIG_KV                                        KV Namespace                 local
Docker E2E	UNKNOWN STEP	2026-10-04T10:37:37.4238878Z env.PAGE_KV                                          KV Namespace                 local
Docker E2E	UNKNOWN STEP	2026-10-04T10:37:37.4241966Z env.FLEET_DB (<org>-fleet)                       D1 Database                  local
Docker E2E	UNKNOWN STEP	2026-10-04T10:37:37.4242950Z env.ASSETS                                           Assets                       local
Docker E2E	UNKNOWN STEP	2026-10-04T10:37:37.4243799Z env.CF_VERSION_METADATA                              Worker Version Metadata      local
Docker E2E	UNKNOWN STEP	2026-10-04T10:37:37.4244375Z env.CMS ("drupal")                                   Environment Variable         local
Docker E2E	UNKNOWN STEP	2026-10-04T10:37:37.4244913Z env.LAZY_MOUNT ("1")                                 Environment Variable         local
Docker E2E	UNKNOWN STEP	2026-10-04T10:37:37.4245469Z env.LAZY_FS_BUDGET_BYTES ("4194304")                 Environment Variable         local
Docker E2E	UNKNOWN STEP	2026-10-04T10:37:37.4246042Z env.GEN_BUCKET_MS ("5000")                           Environment Variable         local
Docker E2E	UNKNOWN STEP	2026-10-04T10:37:37.4246765Z env.PLAN ("free")                                    Environment Variable         local
Docker E2E	UNKNOWN STEP	2026-10-04T10:37:37.4248757Z env.ASSET_AGGREGATES ("1")                           Environment Variable         local
Docker E2E	UNKNOWN STEP	2026-10-04T10:37:37.4249316Z 
Docker E2E	UNKNOWN STEP	2026-10-04T10:37:37.6833163Z The file src changed, restarting build...
Docker E2E	UNKNOWN STEP	2026-10-04T10:37:37.6836082Z [custom build] Running: bun run hydrate
Docker E2E	UNKNOWN STEP	2026-10-04T10:37:37.7215235Z [custom build] $ bun scripts/hydrate.ts
Docker E2E	UNKNOWN STEP	2026-10-04T10:37:37.7216299Z [custom build] 
Docker E2E	UNKNOWN STEP	2026-10-04T10:37:37.8087270Z ^[[33m▲ ^[[43;33m[^[[43;30mWARNING^[[43;33m]^[[0m ^[[1mScheduled Workers are not automatically triggered during local development.^[[0m
Docker E2E	UNKNOWN STEP	2026-10-04T10:37:37.8088094Z 
Docker E2E	UNKNOWN STEP	2026-10-04T10:37:37.8088285Z   To manually trigger a scheduled event, run:
Docker E2E	UNKNOWN STEP	2026-10-04T10:37:37.8088729Z     curl "http://localhost:8799/cdn-cgi/local/scheduled"
Docker E2E	UNKNOWN STEP	2026-10-04T10:37:37.8089913Z   For more details, see ^[[4mhttps://developers.cloudflare.com/workers/configuration/cron-triggers/#test-cron-triggers-locally^[[0m
Docker E2E	UNKNOWN STEP	2026-10-04T10:37:37.8090552Z 
Docker E2E	UNKNOWN STEP	2026-10-04T10:37:37.8090598Z 
Docker E2E	UNKNOWN STEP	2026-10-04T10:37:37.8157238Z [custom build] the tree is already hydrated; nothing to do.
Docker E2E	UNKNOWN STEP	2026-10-04T10:37:37.8158477Z [custom build] pass --force to replace it with the published payload anyway.
Docker E2E	UNKNOWN STEP	2026-10-04T10:37:37.8160740Z [custom build] 
Docker E2E	UNKNOWN STEP	2026-10-04T10:37:38.0802984Z [wrangler-ProxyWorker:info] GET /cdn-cgi/ProxyWorker/pause 204 No Content (3ms)
Docker E2E	UNKNOWN STEP	2026-10-04T10:37:38.0960106Z [wrangler-ProxyWorker:info] GET /cdn-cgi/ProxyWorker/pause 204 No Content (1ms)
Docker E2E	UNKNOWN STEP	2026-10-04T10:37:38.4416253Z Writing additional module to output /tmp/drangler-e2e-pv-rr5re6/worker/.wrangler/tmp/dev-vl0OuV/<hex>-wasm3.wasm
Docker E2E	UNKNOWN STEP	2026-10-04T10:37:38.4421116Z Writing additional module to output /tmp/drangler-e2e-pv-rr5re6/worker/.wrangler/tmp/dev-vl0OuV/<hex>-tinyimg.wasm
Docker E2E	UNKNOWN STEP	2026-10-04T10:37:38.4428952Z Writing additional module to output /tmp/drangler-e2e-pv-rr5re6/worker/.wrangler/tmp/dev-vl0OuV/<hex>-php8.5.tuned.wasm
Docker E2E	UNKNOWN STEP	2026-10-04T10:37:38.4508527Z RemoteRuntimeController teardown beginning...
Docker E2E	UNKNOWN STEP	2026-10-04T10:37:38.4509009Z RemoteRuntimeController teardown complete
Docker E2E	UNKNOWN STEP	2026-10-04T10:37:38.4571184Z ⎔ Starting local server...
Docker E2E	UNKNOWN STEP	2026-10-04T10:37:38.4651984Z [InspectorProxyWorker] handleProxyControllerIncomingMessage {"type":"reloadStart"}
Docker E2E	UNKNOWN STEP	2026-10-04T10:37:38.4682580Z [wrangler-ProxyWorker:info] GET /cdn-cgi/ProxyWorker/pause 204 No Content (2ms)
Docker E2E	UNKNOWN STEP	2026-10-04T10:37:39.0568694Z Inspector is listening
Docker E2E	UNKNOWN STEP	2026-10-04T10:37:39.3841955Z [wrangler-ProxyWorker:info] Ready on http://localhost:8799
Docker E2E	UNKNOWN STEP	2026-10-04T10:37:39.3877678Z [InspectorProxyWorker] handleProxyControllerIncomingMessage {"type":"reloadComplete","proxyData":{"userWorkerUrl":{"protocol":"http:","hostname":"<loopback>","port":"46521"},"userWorkerInspectorUrl":{"protocol":"ws:","hostname":"<loopback>","port":"36931","pathname":"/core:user:<org>"},"userWorkerInnerUrlOverrides":{"protocol":"http:"},"headers":{"MF-Proxy-Shared-Secret":"<uuid>"},"liveReload":false,"proxyLogsToController":false}}
Docker E2E	UNKNOWN STEP	2026-10-04T10:37:39.3882072Z Inspector client attaching [core:user:<org>]
Docker E2E	UNKNOWN STEP	2026-10-04T10:37:39.3886775Z [InspectorProxyWorker] reconnectRuntimeWebSocket
Docker E2E	UNKNOWN STEP	2026-10-04T10:37:39.3897743Z [InspectorProxyWorker] NEW RUNTIME WEBSOCKET http://<loopback>:36931/core:user:<org>
Docker E2E	UNKNOWN STEP	2026-10-04T10:37:39.3910159Z [InspectorProxyWorker] SEND TO DEVTOOLS {"method":"Runtime.executionContextsCleared"}
Docker E2E	UNKNOWN STEP	2026-10-04T10:37:39.3924036Z [InspectorProxyWorker] RUNTIME WEBSOCKET OPENED
Docker E2E	UNKNOWN STEP	2026-10-04T10:37:39.3929189Z [InspectorProxyWorker] SEND TO RUNTIME {"method":"Runtime.enable","id":100000001}
Docker E2E	UNKNOWN STEP	2026-10-04T10:37:39.3936610Z [wrangler-ProxyWorker:info] GET /cdn-cgi/ProxyWorker/play 204 No Content (1ms)
Docker E2E	UNKNOWN STEP	2026-10-04T10:37:39.3951790Z [InspectorProxyWorker] RUNTIME INCOMING MESSAGE {
Docker E2E	UNKNOWN STEP	2026-10-04T10:37:39.3952895Z   method: 'Runtime.executionContextCreated',
Docker E2E	UNKNOWN STEP	2026-10-04T10:37:39.3955443Z   params: {
Docker E2E	UNKNOWN STEP	2026-10-04T10:37:39.3956049Z     context: {
Docker E2E	UNKNOWN STEP	2026-10-04T10:37:39.3956463Z       id: 502835777,
Docker E2E	UNKNOWN STEP	2026-10-04T10:37:39.3957248Z       origin: '',
Docker E2E	UNKNOWN STEP	2026-10-04T10:37:39.3957696Z       name: 'Worker',
Docker E2E	UNKNOWN STEP	2026-10-04T10:37:39.3958270Z       uniqueId: '4880011146746059529.-5516527423313509064'
Docker E2E	UNKNOWN STEP	2026-10-04T10:37:39.3958855Z     }
Docker E2E	UNKNOWN STEP	2026-10-04T10:37:39.3959190Z   }
Docker E2E	UNKNOWN STEP	2026-10-04T10:37:39.3959521Z }
Docker E2E	UNKNOWN STEP	2026-10-04T10:37:39.3962374Z [InspectorProxyWorker] RUNTIME INCOMING MESSAGE { id: 100000001, result: {} }
Docker E2E	UNKNOWN STEP	2026-10-04T10:37:39.4548734Z [wrangler-ProxyWorker:info] GET / 503 Service Unavailable (1228ms)
Docker E2E	UNKNOWN STEP	2026-10-04T10:37:46.4593152Z [wrangler-ProxyWorker:info] GET / 200 OK (4991ms)
Docker E2E	UNKNOWN STEP	2026-10-04T10:37:46.4688823Z exception = kj/async-io.c++:60: disconnected: stream disconnected prematurely
Docker E2E	UNKNOWN STEP	2026-10-04T10:37:46.4702751Z <<removed: line of 1170 characters>>
Docker E2E	UNKNOWN STEP	2026-10-04T10:37:46.4715741Z uncaught exception; source = Uncaught (in promise); stack = Error: Network connection lost.
Docker E2E	UNKNOWN STEP	2026-10-04T10:37:46.4756194Z uncaught exception; exception = workerd/jsg/_virtual_includes/iterator/workerd/jsg/value.h:1477: disconnected: jsg.Error: Network connection lost.
Docker E2E	UNKNOWN STEP	2026-10-04T10:37:46.4760962Z stack: /tmp/drangler-e2e-pv-rr5re6/worker/node_modules/@cloudflare/workerd-linux-64/bin/workerd@33a3bd0 /tmp/drangler-e2e-pv-rr5re6/worker/node_modules/@cloudflare/workerd-linux-64/bin/workerd@33a486c /tmp/drangler-e2e-pv-rr5re6/worker/node_modules/@cloudflare/workerd-linux-64/bin/workerd@5998b48 /tmp/drangler-e2e-pv-rr5re6/worker/node_modules/@cloudflare/workerd-linux-64/bin/workerd@31108fb
Docker E2E	UNKNOWN STEP	2026-10-04T10:37:46.4764366Z uncaught exception; source = Uncaught (in promise); stack = Error: Network connection lost.
Docker E2E	UNKNOWN STEP	2026-10-04T10:37:46.4766443Z uncaught exception; exception = workerd/jsg/_virtual_includes/iterator/workerd/jsg/value.h:1477: disconnected: jsg.Error: Network connection lost.
Docker E2E	UNKNOWN STEP	2026-10-04T10:37:46.4771125Z stack: /tmp/drangler-e2e-pv-rr5re6/worker/node_modules/@cloudflare/workerd-linux-64/bin/workerd@33a3bd0 /tmp/drangler-e2e-pv-rr5re6/worker/node_modules/@cloudflare/workerd-linux-64/bin/workerd@33a486c /tmp/drangler-e2e-pv-rr5re6/worker/node_modules/@cloudflare/workerd-linux-64/bin/workerd@5998b48 /tmp/drangler-e2e-pv-rr5re6/worker/node_modules/@cloudflare/workerd-linux-64/bin/workerd@31108fb
Docker E2E	UNKNOWN STEP	2026-10-04T10:37:46.4782063Z Error in ProxyController: Error inside ProxyWorker
Docker E2E	UNKNOWN STEP	2026-10-04T10:37:46.4784107Z  Error
Docker E2E	UNKNOWN STEP	2026-10-04T10:37:46.4785380Z     at castErrorCause (/tmp/drangler-e2e-pv-rr5re6/worker/node_modules/wrangler/wrangler-dist/cli.js:180603:20)
Docker E2E	UNKNOWN STEP	2026-10-04T10:37:46.4787140Z     at ProxyController2.emitErrorEvent (/tmp/drangler-e2e-pv-rr5re6/worker/node_modules/wrangler/wrangler-dist/cli.js:326752:20)
Docker E2E	UNKNOWN STEP	2026-10-04T10:37:46.4789097Z     at ProxyController2.onProxyWorkerMessage (/tmp/drangler-e2e-pv-rr5re6/worker/node_modules/wrangler/wrangler-dist/cli.js:326629:18)
Docker E2E	UNKNOWN STEP	2026-10-04T10:37:46.4792069Z     at PROXY_CONTROLLER (/tmp/drangler-e2e-pv-rr5re6/worker/node_modules/wrangler/wrangler-dist/cli.js:326356:24)
Docker E2E	UNKNOWN STEP	2026-10-04T10:37:46.4793819Z     at process.processTicksAndRejections (node:internal/process/task_queues:104:5)
Docker E2E	UNKNOWN STEP	2026-10-04T10:37:46.4795627Z     at async #handleLoopbackCustomFetchService (/tmp/drangler-e2e-pv-rr5re6/worker/node_modules/wrangler/node_modules/miniflare/dist/src/index.js:112345:22)
Docker E2E	UNKNOWN STEP	2026-10-04T10:37:46.4797736Z     at async #handleLoopback (/tmp/drangler-e2e-pv-rr5re6/worker/node_modules/wrangler/node_modules/miniflare/dist/src/index.js:112728:20) {
Docker E2E	UNKNOWN STEP	2026-10-04T10:37:46.4807766Z   cause: {
Docker E2E	UNKNOWN STEP	2026-10-04T10:37:46.4808127Z     name: 'Error',
Docker E2E	UNKNOWN STEP	2026-10-04T10:37:46.4808558Z     message: 'Network connection lost.',
Docker E2E	UNKNOWN STEP	2026-10-04T10:37:46.4809210Z     stack: 'Error: Network connection lost.'
Docker E2E	UNKNOWN STEP	2026-10-04T10:37:46.4810007Z   }
Docker E2E	UNKNOWN STEP	2026-10-04T10:37:46.4810330Z }
Docker E2E	UNKNOWN STEP	2026-10-04T10:37:46.5245926Z <<removed: object dump, 573 lines>>
Docker E2E	UNKNOWN STEP	2026-10-04T10:37:46.5246764Z ^[[31m✘ ^[[41;31m[^[[41;97mERROR^[[41;31m]^[[0m ^[[1m^[[0m
Docker E2E	UNKNOWN STEP	2026-10-04T10:37:46.5247154Z 
Docker E2E	UNKNOWN STEP	2026-10-04T10:37:46.5247163Z 
Docker E2E	UNKNOWN STEP	2026-10-04T10:37:46.5247174Z 
Docker E2E	UNKNOWN STEP	2026-10-04T10:37:46.5247308Z Error
Docker E2E	UNKNOWN STEP	2026-10-04T10:37:46.5248227Z     at castErrorCause (/tmp/drangler-e2e-pv-rr5re6/worker/node_modules/wrangler/wrangler-dist/cli.js:180603:20)
Docker E2E	UNKNOWN STEP	2026-10-04T10:37:46.5250077Z     at ProxyController2.emitErrorEvent (/tmp/drangler-e2e-pv-rr5re6/worker/node_modules/wrangler/wrangler-dist/cli.js:326752:20)
Docker E2E	UNKNOWN STEP	2026-10-04T10:37:46.5260300Z     at ProxyController2.onProxyWorkerMessage (/tmp/drangler-e2e-pv-rr5re6/worker/node_modules/wrangler/wrangler-dist/cli.js:326629:18)
Docker E2E	UNKNOWN STEP	2026-10-04T10:37:46.5262138Z     at PROXY_CONTROLLER (/tmp/drangler-e2e-pv-rr5re6/worker/node_modules/wrangler/wrangler-dist/cli.js:326356:24)
Docker E2E	UNKNOWN STEP	2026-10-04T10:37:46.5263492Z     at process.processTicksAndRejections (node:internal/process/task_queues:104:5)
Docker E2E	UNKNOWN STEP	2026-10-04T10:37:46.5265243Z     at async #handleLoopbackCustomFetchService (/tmp/drangler-e2e-pv-rr5re6/worker/node_modules/wrangler/node_modules/miniflare/dist/src/index.js:112345:22)
Docker E2E	UNKNOWN STEP	2026-10-04T10:37:46.5267351Z     at async #handleLoopback (/tmp/drangler-e2e-pv-rr5re6/worker/node_modules/wrangler/node_modules/miniflare/dist/src/index.js:112728:20)
Docker E2E	UNKNOWN STEP	2026-10-04T10:37:46.5269490Z ^[[32mIf you think this is a bug then please create an issue at https://github.com/cloudflare/workers-sdk/issues/new/choose^[[0m
Docker E2E	UNKNOWN STEP	2026-10-04T10:37:46.5271637Z Note that there is a newer version of Wrangler available (4.147.0). Consider checking whether upgrading resolves this error.
Docker E2E	UNKNOWN STEP	2026-10-04T10:37:46.5278614Z <<removed: line of 758 characters>>
Docker E2E	UNKNOWN STEP	2026-10-04T10:37:46.5284156Z Sentry: Reporting disabled - would have sent Error.
Docker E2E	UNKNOWN STEP	2026-10-04T10:37:46.5285354Z uncaught exception; source = Uncaught (in promise); stack = Error: Network connection lost.
Docker E2E	UNKNOWN STEP	2026-10-04T10:37:46.5287134Z uncaught exception; exception = workerd/jsg/_virtual_includes/iterator/workerd/jsg/value.h:1477: disconnected: jsg.Error: Network connection lost.
Docker E2E	UNKNOWN STEP	2026-10-04T10:37:46.5291460Z stack: /tmp/drangler-e2e-pv-rr5re6/worker/node_modules/@cloudflare/workerd-linux-64/bin/workerd@33a3bd0 /tmp/drangler-e2e-pv-rr5re6/worker/node_modules/@cloudflare/workerd-linux-64/bin/workerd@33a486c /tmp/drangler-e2e-pv-rr5re6/worker/node_modules/@cloudflare/workerd-linux-64/bin/workerd@5998b48 /tmp/drangler-e2e-pv-rr5re6/worker/node_modules/@cloudflare/workerd-linux-64/bin/workerd@31108fb
Docker E2E	UNKNOWN STEP	2026-10-04T10:37:46.5625762Z ^[[90mstdout^[[2m | tests/e2e/preview.spec.ts^[[2m > ^[[22m^[[2mpreview
Docker E2E	UNKNOWN STEP	2026-10-04T10:37:46.5626705Z ^[[22m^[[39mwrangler dev closed code=1 signal=null
Docker E2E	UNKNOWN STEP	2026-10-04T10:37:46.5627087Z 
Docker E2E	UNKNOWN STEP	2026-10-04T10:37:47.6908413Z ^[[90mstdout^[[2m | tests/e2e/preview.spec.ts^[[2m > ^[[22m^[[2mpreview
Docker E2E	UNKNOWN STEP	2026-10-04T10:37:47.6909409Z ^[[22m^[[39mMigration plan: VPS to Worker
Docker E2E	UNKNOWN STEP	2026-10-04T10:37:47.6910646Z Source: tester@<loopback>:2222 (/opt/drupal/web)
Docker E2E	UNKNOWN STEP	2026-10-04T10:37:47.6911266Z Target: PHP 8.5 (assumed)
Docker E2E	UNKNOWN STEP	2026-10-04T10:37:47.6911681Z 
Docker E2E	UNKNOWN STEP	2026-10-04T10:37:47.6912245Z WARNINGS (1)
Docker E2E	UNKNOWN STEP	2026-10-04T10:37:47.6912769Z   ext-archive: the source loads Phar and zip
Docker E2E	UNKNOWN STEP	2026-10-04T10:37:47.6914067Z     the wasm interpreter has no ext-phar, so code that opens a Phar must move to a host-side path; `ZipArchive` is served by a stand-in
Docker E2E	UNKNOWN STEP	2026-10-04T10:37:47.6915054Z 
Docker E2E	UNKNOWN STEP	2026-10-04T10:37:47.6915225Z NOTES (4)
Docker E2E	UNKNOWN STEP	2026-10-04T10:37:47.6915680Z   db-driver: mysql converts to SQLite
Docker E2E	UNKNOWN STEP	2026-10-04T10:37:47.6916742Z     `drangler migrate convert --from mysql --to sqlite` reads a `drush sql:dump`; the worker has no MySQL
Docker E2E	UNKNOWN STEP	2026-10-04T10:37:47.6917870Z   drupal-version: the source is pinned to Drupal 11.4.8
Docker E2E	UNKNOWN STEP	2026-10-04T10:37:47.6919046Z     the worker ships Drupal 11.4.7; the drupal/core constraint is rewritten to that version and reported
Docker E2E	UNKNOWN STEP	2026-10-04T10:37:47.6920703Z   shellout-undetectable: a module calling exec() cannot be detected from a survey
Docker E2E	UNKNOWN STEP	2026-10-04T10:37:47.6922343Z     38 enabled modules were listed by name only; the worker cannot spawn a process, and finding the callers needs a grep of the source tree
Docker E2E	UNKNOWN STEP	2026-10-04T10:37:47.6923656Z   cron: system cron becomes a Cron Trigger
Docker E2E	UNKNOWN STEP	2026-10-04T10:37:47.6925146Z     the worker runs a `*/5 * * * *` trigger that drives the fill window; a crontab entry calling drush has no equivalent and its work has to move into hook_cron or a queue
Docker E2E	UNKNOWN STEP	2026-10-04T10:37:47.6926241Z 
Docker E2E	UNKNOWN STEP	2026-10-04T10:37:47.6926384Z STEPS
Docker E2E	UNKNOWN STEP	2026-10-04T10:37:47.6926734Z   1. Dump the Source Database
Docker E2E	UNKNOWN STEP	2026-10-04T10:37:47.6927646Z      $ ssh tester@<loopback>:2222 'cd /opt/drupal/web && drush sql:dump --result-file=/tmp/site.sql --gzip'
Docker E2E	UNKNOWN STEP	2026-10-04T10:37:47.6928655Z      a plain mysqldump; drangler reads the uncompressed form
Docker E2E	UNKNOWN STEP	2026-10-04T10:37:47.6929319Z   2. Scan the Dump for Credentials
Docker E2E	UNKNOWN STEP	2026-10-04T10:37:47.6930289Z      $ drangler secrets scan /tmp/site.sql sites/default/settings.php
Docker E2E	UNKNOWN STEP	2026-10-04T10:37:47.6931888Z      a dump carries user password hashes and settings.php carries the database password; both would otherwise travel into an asset that Workers serves publicly
Docker E2E	UNKNOWN STEP	2026-10-04T10:37:47.6933199Z   3. Convert the Dump to SQLite
Docker E2E	UNKNOWN STEP	2026-10-04T10:37:47.6934143Z      $ drangler migrate convert --from mysql --to sqlite --in /tmp/site.sql --out site.sqlite.sql
Docker E2E	UNKNOWN STEP	2026-10-04T10:37:47.6935863Z      refuses on any construct it will not guess at, rather than emitting SQL that replays wrong
Docker E2E	UNKNOWN STEP	2026-10-04T10:37:47.6936759Z   4. Copy the Managed Files
Docker E2E	UNKNOWN STEP	2026-10-04T10:37:47.6937506Z      $ rsync -a tester@<loopback>:2222:/opt/drupal/web/sites/default/files/ ./files/
Docker E2E	UNKNOWN STEP	2026-10-04T10:37:47.6938439Z      user uploads are not in the database and are not in the Drupal pack
Docker E2E	UNKNOWN STEP	2026-10-04T10:37:47.6939098Z   5. Build the Site Assets
Docker E2E	UNKNOWN STEP	2026-10-04T10:37:47.6941005Z      in `<org>/worker`: the packs are generated there and `assets/drupal/site.sqlite` is hand-trimmed, so the converted rows are inserted into it surgically and `bun run assets:sql` is re-run
Docker E2E	UNKNOWN STEP	2026-10-04T10:37:47.6942470Z   6. Deploy and Verify
Docker E2E	UNKNOWN STEP	2026-10-04T10:37:47.6943292Z      $ drangler health <worker-url> --skip-edge
Docker E2E	UNKNOWN STEP	2026-10-04T10:37:47.6944383Z      reads the x-cfw-* headers on /serve and reports which tier answered and whether the interpreter is booted
Docker E2E	UNKNOWN STEP	2026-10-04T10:37:47.6945707Z NOTE extensions-declared: 1 extension requirement(s) are declared and never called
Docker E2E	UNKNOWN STEP	2026-10-04T10:37:47.6947410Z   ext-gd by drupal/core. No call site was found in the code tree, so the requirement alone does not stop the move; a call made through a variable or an alias would not be seen
Docker E2E	UNKNOWN STEP	2026-10-04T10:37:47.6948851Z workspace  /tmp/drangler-e2e-pv-rr5re6/worker (flag)
Docker E2E	UNKNOWN STEP	2026-10-04T10:37:47.6949947Z source     https://github.com/<org>/worker.git @ v1.0.3 (default)
Docker E2E	UNKNOWN STEP	2026-10-04T10:37:47.6950468Z 
Docker E2E	UNKNOWN STEP	2026-10-04T10:37:47.6950642Z step     ran   reason
Docker E2E	UNKNOWN STEP	2026-10-04T10:37:47.6951270Z -------  ----  ---------------------------------------------------------
Docker E2E	UNKNOWN STEP	2026-10-04T10:37:47.6952200Z clone    yes   cloning https://github.com/<org>/worker.git at v1.0.3
Docker E2E	UNKNOWN STEP	2026-10-04T10:37:47.6953183Z refresh  skip  not asked for; pass --refresh to fetch and fast-forward
Docker E2E	UNKNOWN STEP	2026-10-04T10:37:47.6953917Z install  yes   node_modules is empty
Docker E2E	UNKNOWN STEP	2026-10-04T10:37:47.6954521Z hydrate  yes   generated artifacts are missing
Docker E2E	UNKNOWN STEP	2026-10-04T10:37:47.6954887Z 
Docker E2E	UNKNOWN STEP	2026-10-04T10:37:47.6955208Z built. next: drangler validate, then drangler dev
Docker E2E	UNKNOWN STEP	2026-10-04T10:37:47.6955955Z /tmp/drangler-e2e-pv-rr5re6/worker$ bun run assets:sql
Docker E2E	UNKNOWN STEP	2026-10-04T10:37:47.6956680Z workspace       /tmp/drangler-e2e-pv-rr5re6/worker
Docker E2E	UNKNOWN STEP	2026-10-04T10:37:47.6957212Z files           1
Docker E2E	UNKNOWN STEP	2026-10-04T10:37:47.6957575Z backups needed  1
Docker E2E	UNKNOWN STEP	2026-10-04T10:37:47.6957778Z 
Docker E2E	UNKNOWN STEP	2026-10-04T10:37:47.6958002Z action     size    destination
Docker E2E	UNKNOWN STEP	2026-10-04T10:37:47.6958712Z ---------  ------  ------------------------------------------------------------
Docker E2E	UNKNOWN STEP	2026-10-04T10:37:47.6959905Z overwrite  4.1 MB  /tmp/drangler-e2e-pv-rr5re6/worker/assets/drupal/site.sqlite
Docker E2E	UNKNOWN STEP	2026-10-04T10:37:47.6960486Z 
Docker E2E	UNKNOWN STEP	2026-10-04T10:37:47.6961158Z 1 file(s) backed up to /tmp/drangler-e2e-pv-rr5re6/worker/.drangler-backup/20261004T103735882Z
Docker E2E	UNKNOWN STEP	2026-10-04T10:37:47.6962607Z   put them back with: drangler migrate restore --backup /tmp/drangler-e2e-pv-rr5re6/worker/.drangler-backup/20261004T103735882Z
Docker E2E	UNKNOWN STEP	2026-10-04T10:37:47.6963488Z 
Docker E2E	UNKNOWN STEP	2026-10-04T10:37:47.6964070Z the database is in place and the chunks the worker replays are not; regenerate them:
Docker E2E	UNKNOWN STEP	2026-10-04T10:37:47.6965011Z   cd /tmp/drangler-e2e-pv-rr5re6/worker && bun run assets:sql
Docker E2E	UNKNOWN STEP	2026-10-04T10:37:47.6966060Z /tmp/drangler-e2e-pv-rr5re6/worker$ bunx wrangler dev -c wrangler.jsonc --port 8799
Docker E2E	UNKNOWN STEP	2026-10-04T10:37:47.6966682Z 
Docker E2E	UNKNOWN STEP	2026-10-04T10:37:47.6966841Z step      result
Docker E2E	UNKNOWN STEP	2026-10-04T10:37:47.6967924Z --------  -------------------------------------------------------------------------------------------------------------------------------------------------------------------------------------------------------------
Docker E2E	UNKNOWN STEP	2026-10-04T10:37:47.6969372Z survey    Drupal 11.4.8 on mysql, 38 modules, 1 nodes
Docker E2E	UNKNOWN STEP	2026-10-04T10:37:47.6970199Z plan      1 warning(s), 4 note(s)
Docker E2E	UNKNOWN STEP	2026-10-04T10:37:47.6970668Z dump      5.6 MB of mysql
Docker E2E	UNKNOWN STEP	2026-10-04T10:37:47.6972114Z files     1 file(s), 10.2 kB streamed; 1 protected directory left out (<token>/sync)
Docker E2E	UNKNOWN STEP	2026-10-04T10:37:47.6973416Z code      3 file(s), no libraries/
Docker E2E	UNKNOWN STEP	2026-10-04T10:37:47.6975615Z settings  0 config override(s) carried as DRUPAL_CONFIG, 1 root file(s), 0 redirect(s) and 0 header(s) from .htaccess, 3 hostname(s) from trusted_host_patterns (domains.txt), 1 finding(s) from the source's own files
Docker E2E	UNKNOWN STEP	2026-10-04T10:37:47.6977496Z convert   53 tables, 1 file(s) and 3 code file(s) stored
Docker E2E	UNKNOWN STEP	2026-10-04T10:37:47.6978295Z install   /tmp/drangler-e2e-pv-rr5re6/worker
Docker E2E	UNKNOWN STEP	2026-10-04T10:37:47.6978984Z up        http://localhost:8799
Docker E2E	UNKNOWN STEP	2026-10-04T10:37:47.6980210Z up        not claimed: this worker has no migrated claim, so database updates were not run
Docker E2E	UNKNOWN STEP	2026-10-04T10:37:47.6981153Z verify    2 of 6 checks passed
Docker E2E	UNKNOWN STEP	2026-10-04T10:37:47.6982573Z clone: git clone --depth 1 --branch v1.0.3 https://github.com/<org>/worker.git /tmp/drangler-e2e-pv-rr5re6/worker
Docker E2E	UNKNOWN STEP	2026-10-04T10:37:47.6983665Z install: bun install
Docker E2E	UNKNOWN STEP	2026-10-04T10:37:47.6984094Z hydrate: bun run hydrate
Docker E2E	UNKNOWN STEP	2026-10-04T10:37:47.6984745Z emptied 90 row(s) across 9 cache bin(s); Drupal rebuilds them
Docker E2E	UNKNOWN STEP	2026-10-04T10:37:47.6985786Z stopped publishing prefill.json, the shipped site's pages; the site starts cold
Docker E2E	UNKNOWN STEP	2026-10-04T10:37:47.6986694Z nodes                                   1 of 1
Docker E2E	UNKNOWN STEP	2026-10-04T10:37:47.6987325Z file rows                               0 of 0
Docker E2E	UNKNOWN STEP	2026-10-04T10:37:47.6988053Z /                                       no answer (source 200)  MISMATCH
Docker E2E	UNKNOWN STEP	2026-10-04T10:37:47.6988849Z /user/login                             no answer (source 200)  MISMATCH
Docker E2E	UNKNOWN STEP	2026-10-04T10:37:47.6989902Z /node/1                                 no answer (source 200)  MISMATCH
Docker E2E	UNKNOWN STEP	2026-10-04T10:37:47.6990815Z /sites/default/files/preview-probe.txt  no answer (source 200)  MISMATCH
Docker E2E	UNKNOWN STEP	2026-10-04T10:37:47.6991816Z the duplicate is running at http://<host> stop it with Ctrl-C
Docker E2E	UNKNOWN STEP	2026-10-04T10:37:47.6992329Z 
Docker E2E	UNKNOWN STEP	2026-10-04T10:37:48.0115183Z  ^[[31m❯^[[39m ^[[30m^[[45m e2e ^[[49m^[[39m tests/e2e/preview.spec.ts ^[[2m(^[[22m^[[2m3 tests^[[22m^[[2m | ^[[22m^[[33m3 skipped^[[39m^[[2m)^[[22m^[[33m 26768^[[2mms^[[22m^[[39m
Docker E2E	UNKNOWN STEP	2026-10-04T10:37:48.0116714Z      ^[[2m^[[90m↓^[[39m^[[22m sent the host only commands the allow-list passes
Docker E2E	UNKNOWN STEP	2026-10-04T10:37:48.0117352Z      ^[[2m^[[90m↓^[[39m^[[22m brought the duplicate up and every check passed
Docker E2E	UNKNOWN STEP	2026-10-04T10:37:48.0117851Z      ^[[2m^[[90m↓^[[39m^[[22m left the source byte-identical
Docker E2E	UNKNOWN STEP	2026-10-04T10:38:00.0798714Z  ^[[31m❯^[[39m ^[[30m^[[45m e2e ^[[49m^[[39m tests/e2e/to-worker.spec.ts ^[[2m(^[[22m^[[2m8 tests^[[22m^[[2m | ^[[22m^[[31m2 failed^[[39m^[[2m)^[[22m^[[33m 11827^[[2mms^[[22m^[[39m
Docker E2E	UNKNOWN STEP	2026-10-04T10:38:00.0802194Z      ^[[32m✓^[[39m dumped a real Drupal database, not just the corpus^[[32m 17^[[2mms^[[22m^[[39m
Docker E2E	UNKNOWN STEP	2026-10-04T10:38:00.0811165Z      ^[[32m✓^[[39m the source database holds exactly the bytes the seed declares^[[32m 167^[[2mms^[[22m^[[39m
Docker E2E	UNKNOWN STEP	2026-10-04T10:38:00.0820832Z      ^[[33m^[[2m✓^[[22m^[[39m converts the whole dump without refusing a statement ^[[33m 4371^[[2mms^[[22m^[[39m
Docker E2E	UNKNOWN STEP	2026-10-04T10:38:00.0822745Z      ^[[33m^[[2m✓^[[22m^[[39m the converted dump replays into a plain SQLite with the bytes intact ^[[33m 1504^[[2mms^[[22m^[[39m
Docker E2E	UNKNOWN STEP	2026-10-04T10:38:00.0824688Z ^[[31m     ^[[31m×^[[31m the converted dump loads into a real Durable Object with the bytes intact^[[39m^[[33m 337^[[2mms^[[22m^[[39m
Docker E2E	UNKNOWN STEP	2026-10-04T10:38:00.0826641Z ^[[31m     ^[[31m×^[[31m what the migration REPORTED matches what actually moved^[[39m^[[33m 2243^[[2mms^[[22m^[[39m
Docker E2E	UNKNOWN STEP	2026-10-04T10:38:00.0828234Z      ^[[32m✓^[[39m the object serves, and reports the header contract version^[[32m 7^[[2mms^[[22m^[[39m
Docker E2E	UNKNOWN STEP	2026-10-04T10:38:00.0830198Z      ^[[32m✓^[[39m names what the corpus covered, so a gap is visible rather than assumed^[[32m 1^[[2mms^[[22m^[[39m
Docker E2E	UNKNOWN STEP	2026-10-04T10:38:03.6407871Z  ^[[32m✓^[[39m ^[[30m^[[45m e2e ^[[49m^[[39m tests/e2e/to-vps.spec.ts ^[[2m(^[[22m^[[2m7 tests^[[22m^[[2m)^[[22m^[[33m 3316^[[2mms^[[22m^[[39m
Docker E2E	UNKNOWN STEP	2026-10-04T10:38:05.7585595Z  ^[[32m✓^[[39m ^[[30m^[[45m e2e ^[[49m^[[39m tests/e2e/heal.spec.ts ^[[2m(^[[22m^[[2m7 tests^[[22m^[[2m)^[[22m^[[33m 1865^[[2mms^[[22m^[[39m
Docker E2E	UNKNOWN STEP	2026-10-04T10:38:13.7622019Z  ^[[32m✓^[[39m ^[[30m^[[45m e2e ^[[49m^[[39m tests/e2e/survey.spec.ts ^[[2m(^[[22m^[[2m6 tests^[[22m^[[2m)^[[22m^[[33m 7779^[[2mms^[[22m^[[39m
Docker E2E	UNKNOWN STEP	2026-10-04T10:38:13.7623455Z      ^[[33m^[[2m✓^[[22m^[[39m reads a real Drupal over a real ssh connection ^[[33m 3904^[[2mms^[[22m^[[39m
Docker E2E	UNKNOWN STEP	2026-10-04T10:38:13.7624636Z      ^[[33m^[[2m✓^[[22m^[[39m fails without a usable key rather than hanging on a prompt ^[[33m 2776^[[2mms^[[22m^[[39m
Docker E2E	UNKNOWN STEP	2026-10-04T10:38:14.0342135Z  ^[[2m^[[90m↓^[[39m^[[22m ^[[30m^[[45m e2e ^[[49m^[[39m tests/e2e/doctor-source.spec.ts ^[[2m(^[[22m^[[2m5 tests^[[22m^[[2m | ^[[22m^[[33m5 skipped^[[39m^[[2m)^[[22m
Docker E2E	UNKNOWN STEP	2026-10-04T10:38:14.9174464Z Cloning into '/tmp/drangler-e2e-heal-dNKmYp/worker'...
Docker E2E	UNKNOWN STEP	2026-10-04T10:38:15.8644813Z bun install v1.4.2 (744846f84)
Docker E2E	UNKNOWN STEP	2026-10-04T10:38:16.1943704Z 
Docker E2E	UNKNOWN STEP	2026-10-04T10:38:16.1944869Z $ bun scripts/gen-lock-versions.ts && bun scripts/restore-artifacts.ts
Docker E2E	UNKNOWN STEP	2026-10-04T10:38:16.2064254Z {
Docker E2E	UNKNOWN STEP	2026-10-04T10:38:16.2064625Z   "packages": 76,
Docker E2E	UNKNOWN STEP	2026-10-04T10:38:16.2065287Z   "virtual": 37,
Docker E2E	UNKNOWN STEP	2026-10-04T10:38:16.2065645Z   "core": "11.4.7",
Docker E2E	UNKNOWN STEP	2026-10-04T10:38:16.2065978Z   "bytes": 4562
Docker E2E	UNKNOWN STEP	2026-10-04T10:38:16.2066286Z }
Docker E2E	UNKNOWN STEP	2026-10-04T10:38:16.3718877Z restore-artifacts: .interp/php8.5.wasm (13401742 bytes, sha256 verified)
Docker E2E	UNKNOWN STEP	2026-10-04T10:38:16.4331406Z restore-artifacts: .interp/php8.5-worker.mjs (876467 bytes, sha256 verified)
Docker E2E	UNKNOWN STEP	2026-10-04T10:38:16.7498531Z restore-artifacts: tuned glue -> /tmp/drangler-e2e-heal-dNKmYp/worker/.interp/php8.5-worker.tuned.mjs
Docker E2E	UNKNOWN STEP	2026-10-04T10:38:16.7788186Z restore-artifacts: tuned interpreter -> /tmp/drangler-e2e-heal-dNKmYp/worker/.interp/php8.5.tuned.wasm (64 MiB)
Docker E2E	UNKNOWN STEP	2026-10-04T10:38:16.7790584Z restore-artifacts: 2 downloaded, 0 already current
Docker E2E	UNKNOWN STEP	2026-10-04T10:38:16.7850892Z $ husky
Docker E2E	UNKNOWN STEP	2026-10-04T10:38:16.8230969Z 
Docker E2E	UNKNOWN STEP	2026-10-04T10:38:16.8231459Z + @cloudflare/containers@0.3.7
Docker E2E	UNKNOWN STEP	2026-10-04T10:38:16.8232176Z + @cloudflare/vitest-pool-workers@0.22.0
Docker E2E	UNKNOWN STEP	2026-10-04T10:38:16.8233001Z + @cloudflare/workers-types@5.20260829.1
Docker E2E	UNKNOWN STEP	2026-10-04T10:38:16.8233709Z + @playwright/test@1.62.1
Docker E2E	UNKNOWN STEP	2026-10-04T10:38:16.8234194Z + @prettier/plugin-php@0.25.0
Docker E2E	UNKNOWN STEP	2026-10-04T10:38:16.8234581Z + @types/bun@1.4.0
Docker E2E	UNKNOWN STEP	2026-10-04T10:38:16.8234905Z + @types/pg@8.23.1
Docker E2E	UNKNOWN STEP	2026-10-04T10:38:16.8235279Z + @vitest/coverage-istanbul@4.1.11
Docker E2E	UNKNOWN STEP	2026-10-04T10:38:16.8235803Z + husky@9.1.7
Docker E2E	UNKNOWN STEP	2026-10-04T10:38:16.8236215Z + lint-staged@17.4.1
Docker E2E	UNKNOWN STEP	2026-10-04T10:38:16.8236606Z + marked@18.0.14
Docker E2E	UNKNOWN STEP	2026-10-04T10:38:16.8237056Z + marked-gfm-heading-id@4.1.4
Docker E2E	UNKNOWN STEP	2026-10-04T10:38:16.8237586Z + prettier@3.9.6
Docker E2E	UNKNOWN STEP	2026-10-04T10:38:16.8238203Z + prettier-plugin-organize-imports@4.3.0
Docker E2E	UNKNOWN STEP	2026-10-04T10:38:16.8239168Z + prettier-plugin-sh@0.20.2
Docker E2E	UNKNOWN STEP	2026-10-04T10:38:16.8240025Z + shiki@4.4.3
Docker E2E	UNKNOWN STEP	2026-10-04T10:38:16.8240444Z + typedoc@0.28.20
Docker E2E	UNKNOWN STEP	2026-10-04T10:38:16.8240907Z + typescript@5.9.3
Docker E2E	UNKNOWN STEP	2026-10-04T10:38:16.8241321Z + vitest@4.1.11
Docker E2E	UNKNOWN STEP	2026-10-04T10:38:16.8241833Z + wrangler@4.127.1
Docker E2E	UNKNOWN STEP	2026-10-04T10:38:16.8242339Z + yaml@2.9.1
Docker E2E	UNKNOWN STEP	2026-10-04T10:38:16.8242882Z + <private-pkg>@1.1.1
Docker E2E	UNKNOWN STEP	2026-10-04T10:38:16.8243535Z + <private-pkg>@0.3.1
Docker E2E	UNKNOWN STEP	2026-10-04T10:38:16.8244166Z + <private-pkg>@0.1.4
Docker E2E	UNKNOWN STEP	2026-10-04T10:38:16.8244678Z + <private-pkg>@0.1.0
Docker E2E	UNKNOWN STEP	2026-10-04T10:38:16.8245273Z + @<user>/tinyimg@1.1.0
Docker E2E	UNKNOWN STEP	2026-10-04T10:38:16.8245725Z + @noble/ciphers@2.4.0
Docker E2E	UNKNOWN STEP	2026-10-04T10:38:16.8246131Z + @noble/hashes@2.4.0
Docker E2E	UNKNOWN STEP	2026-10-04T10:38:16.8246458Z + blakejs@1.2.1
Docker E2E	UNKNOWN STEP	2026-10-04T10:38:16.8246782Z + edgeport@1.0.6
Docker E2E	UNKNOWN STEP	2026-10-04T10:38:16.8247086Z + fflate@0.8.3
Docker E2E	UNKNOWN STEP	2026-10-04T10:38:16.8247393Z + fzstd@0.1.1
Docker E2E	UNKNOWN STEP	2026-10-04T10:38:16.8247748Z + mysql2@3.24.4
Docker E2E	UNKNOWN STEP	2026-10-04T10:38:16.8248122Z + pg@8.23.0
Docker E2E	UNKNOWN STEP	2026-10-04T10:38:16.8248475Z + php-wasm@0.1.0
Docker E2E	UNKNOWN STEP	2026-10-04T10:38:16.8248704Z 
Docker E2E	UNKNOWN STEP	2026-10-04T10:38:16.8248972Z 260 packages installed [961.00ms]
Docker E2E	UNKNOWN STEP	2026-10-04T10:38:16.8284487Z $ bun scripts/hydrate.ts
Docker E2E	UNKNOWN STEP	2026-10-04T10:38:17.0262951Z fetching https://<host>/payloads/v1.0.3/<org>-worker-1.0.3.tar.gz (cdn)
Docker E2E	UNKNOWN STEP	2026-10-04T10:38:17.1533612Z tarball sha256 <hex> matches SHA256SUMS
Docker E2E	UNKNOWN STEP	2026-10-04T10:38:18.1995662Z hydrate: kept 2 tracked file(s) the repository owns: assets/robots.txt, assets/driver.json
Docker E2E	UNKNOWN STEP	2026-10-04T10:38:18.1997015Z hydrated 4583 files, 52473986 bytes, from 1.0.3 (d633a47)
Docker E2E	UNKNOWN STEP	2026-10-04T10:38:18.1998189Z interpreter: .interp/php8.5-worker.tuned.mjs, .interp/php8.5.tuned.wasm
Docker E2E	UNKNOWN STEP	2026-10-04T10:38:18.1999448Z the tree is deployable now: bunx wrangler deploy -c wrangler.jsonc
Docker E2E	UNKNOWN STEP	2026-10-04T10:38:35.3168429Z  ^[[32m✓^[[39m ^[[30m^[[45m e2e ^[[49m^[[39m tests/e2e/heal-real.spec.ts ^[[2m(^[[22m^[[2m4 tests^[[22m^[[2m)^[[22m^[[33m 20383^[[2mms^[[22m^[[39m
Docker E2E	UNKNOWN STEP	2026-10-04T10:38:35.3170711Z      ^[[33m^[[2m✓^[[22m^[[39m sets no degradation headers on a site that is not shedding load ^[[33m 2500^[[2mms^[[22m^[[39m
Docker E2E	UNKNOWN STEP	2026-10-04T10:38:35.7720201Z 
Docker E2E	UNKNOWN STEP	2026-10-04T10:38:35.7721171Z ^[[31m⎯⎯⎯⎯⎯⎯^[[39m^[[1m^[[41m Failed Suites 1 ^[[49m^[[22m^[[31m⎯⎯⎯⎯⎯⎯⎯^[[39m
Docker E2E	UNKNOWN STEP	2026-10-04T10:38:35.7721501Z 
Docker E2E	UNKNOWN STEP	2026-10-04T10:38:35.7723449Z ^[[41m^[[1m FAIL ^[[22m^[[49m ^[[30m^[[45m e2e ^[[49m^[[39m tests/e2e/preview.spec.ts^[[2m > ^[[22mpreview
Docker E2E	UNKNOWN STEP	2026-10-04T10:38:35.7730783Z ^[[31m^[[1mFindingError^[[22m: /, /user/login, /node/1, /sites/default/files/preview-probe.txt did not match the source^[[39m
Docker E2E	UNKNOWN STEP	2026-10-04T10:38:35.7732305Z ^[[36m ^[[2m❯^[[22m verify src/commands/preview.ts:^[[2m746:7^[[22m^[[39m
Docker E2E	UNKNOWN STEP	2026-10-04T10:38:35.7844562Z     ^[[90m744|^[[39m    bad^[[33m.^[[39mlength ^[[33m===^[[39m ^[[34m0^[[39m
Docker E2E	UNKNOWN STEP	2026-10-04T10:38:35.7845432Z     ^[[90m745|^[[39m     ^[[33m?^[[39m ^[[35mnull^[[39m
Docker E2E	UNKNOWN STEP	2026-10-04T10:38:35.7846314Z     ^[[90m746|^[[39m     ^[[33m:^[[39m ^[[35mnew^[[39m ^[[33mFindingError^[[39m(
Docker E2E	UNKNOWN STEP	2026-10-04T10:38:35.7847088Z     ^[[90m   |^[[39m       ^[[31m^^[[39m
Docker E2E	UNKNOWN STEP	2026-10-04T10:38:35.7847824Z     ^[[90m747|^[[39m       ^[[32m'mismatch'^[[39m^[[33m,^[[39m
Docker E2E	UNKNOWN STEP	2026-10-04T10:38:35.7849451Z     ^[[90m748|^[[39m       ^[[32m`^[[39m^[[36m${^[[39mbad^[[33m.^[[39m^[[34mmap^[[39m(([n]) ^[[33m=>^[[39m n)^[[33m.^[[39m^[[34mjoin^[[39m(^[[32m', '^[[39m)^[[36m}^[[39m^[[32m did not match the source`^[[39m
Docker E2E	UNKNOWN STEP	2026-10-04T10:38:35.7851463Z ^[[90m ^[[2m❯^[[22m runPreviewCommand src/commands/preview.ts:^[[2m601:22^[[22m^[[39m
Docker E2E	UNKNOWN STEP	2026-10-04T10:38:35.7852596Z ^[[90m ^[[2m❯^[[22m tests/e2e/preview.spec.ts:^[[2m135:4^[[22m^[[39m
Docker E2E	UNKNOWN STEP	2026-10-04T10:38:35.7853229Z 
Docker E2E	UNKNOWN STEP	2026-10-04T10:38:35.7854266Z ^[[31m^[[2m⎯⎯⎯⎯⎯⎯⎯⎯⎯⎯⎯⎯⎯⎯⎯⎯⎯⎯⎯⎯⎯⎯⎯⎯[1/5]⎯^[[22m^[[39m
Docker E2E	UNKNOWN STEP	2026-10-04T10:38:35.7854667Z 
Docker E2E	UNKNOWN STEP	2026-10-04T10:38:35.7854678Z 
Docker E2E	UNKNOWN STEP	2026-10-04T10:38:35.7855260Z ^[[31m⎯⎯⎯⎯⎯⎯⎯^[[39m^[[1m^[[41m Failed Tests 4 ^[[49m^[[22m^[[31m⎯⎯⎯⎯⎯⎯⎯^[[39m
Docker E2E	UNKNOWN STEP	2026-10-04T10:38:35.7855735Z 
Docker E2E	UNKNOWN STEP	2026-10-04T10:38:35.7857851Z ^[[41m^[[1m FAIL ^[[22m^[[49m ^[[30m^[[45m e2e ^[[49m^[[39m tests/e2e/modify.spec.ts^[[2m > ^[[22mdrangler modify against a real dev site^[[2m > ^[[22mpinned production modules^[[2m > ^[[22mrequires simple_oauth, uploads simple_oauth_21 and enables it
Docker E2E	UNKNOWN STEP	2026-10-04T10:38:35.7860252Z ^[[31m^[[1mAssertionError^[[22m: Error: Network connection lost.
Docker E2E	UNKNOWN STEP	2026-10-04T10:38:35.7862658Z     at async Object.fetch (file:///tmp/drangler-e2e-modify-RlOyAv/worker/node_modules/wrangler/node_modules/miniflare/dist/src/workers/core/entry.worker.js:5186:22): expected 500 to be 403 // Object.is equality^[[39m
Docker E2E	UNKNOWN STEP	2026-10-04T10:38:35.7864208Z 
Docker E2E	UNKNOWN STEP	2026-10-04T10:38:35.7864459Z ^[[32m- Expected^[[39m
Docker E2E	UNKNOWN STEP	2026-10-04T10:38:35.7864941Z ^[[31m+ Received^[[39m
Docker E2E	UNKNOWN STEP	2026-10-04T10:38:35.7865201Z 
Docker E2E	UNKNOWN STEP	2026-10-04T10:38:35.7865387Z ^[[32m- 403^[[39m
Docker E2E	UNKNOWN STEP	2026-10-04T10:38:35.7865752Z ^[[31m+ 500^[[39m
Docker E2E	UNKNOWN STEP	2026-10-04T10:38:35.7865959Z 
Docker E2E	UNKNOWN STEP	2026-10-04T10:38:35.7866588Z ^[[36m ^[[2m❯^[[22m expectStatus tests/e2e/modify.spec.ts:^[[2m187:46^[[22m^[[39m
Docker E2E	UNKNOWN STEP	2026-10-04T10:38:35.7920814Z     ^[[90m185|^[[39m  /** a failed render answers 500 with the exception in the body, and a…
Docker E2E	UNKNOWN STEP	2026-10-04T10:38:35.7927931Z     ^[[90m186|^[[39m  const expectStatus = (res: { status: number; body: string }, want: nu…
Docker E2E	UNKNOWN STEP	2026-10-04T10:38:35.7931790Z     ^[[90m187|^[[39m   ^[[34mexpect^[[39m(res^[[33m.^[[39mstatus^[[33m,^[[39m res^[[33m.^[[39mbody^[[33m.^[[39m^[[34mslice^[[39m(^[[34m0^[[39m^[[33m,^[[39m ^[[34m800^[[39m))^[[33m.^[[39m^[[34mtoBe^[[39m(want)^[[33m;^[[39m
Docker E2E	UNKNOWN STEP	2026-10-04T10:38:35.7933449Z     ^[[90m   |^[[39m                                              ^[[31m^^[[39m
Docker E2E	UNKNOWN STEP	2026-10-04T10:38:35.7934144Z     ^[[90m188|^[[39m
Docker E2E	UNKNOWN STEP	2026-10-04T10:38:35.7935061Z     ^[[90m189|^[[39m  /** a pinned production checkout, or null when the network cannot rea…
Docker E2E	UNKNOWN STEP	2026-10-04T10:38:35.7936299Z ^[[90m ^[[2m❯^[[22m tests/e2e/modify.spec.ts:^[[2m386:4^[[22m^[[39m
Docker E2E	UNKNOWN STEP	2026-10-04T10:38:35.7936774Z 
Docker E2E	UNKNOWN STEP	2026-10-04T10:38:35.7937267Z ^[[31m^[[2m⎯⎯⎯⎯⎯⎯⎯⎯⎯⎯⎯⎯⎯⎯⎯⎯⎯⎯⎯⎯⎯⎯⎯⎯[2/5]⎯^[[22m^[[39m
Docker E2E	UNKNOWN STEP	2026-10-04T10:38:35.7937665Z 
Docker E2E	UNKNOWN STEP	2026-10-04T10:38:35.7940115Z ^[[41m^[[1m FAIL ^[[22m^[[49m ^[[30m^[[45m e2e ^[[49m^[[39m tests/e2e/modify.spec.ts^[[2m > ^[[22mdrangler modify against a real dev site^[[2m > ^[[22mpinned production modules^[[2m > ^[[22mreports a module whose enable is refused and leaves the site serving
Docker E2E	UNKNOWN STEP	2026-10-04T10:38:35.7942671Z ^[[31m^[[1mAssertionError^[[22m: Error: Network connection lost.
Docker E2E	UNKNOWN STEP	2026-10-04T10:38:35.7944974Z     at async Object.fetch (file:///tmp/drangler-e2e-modify-RlOyAv/worker/node_modules/wrangler/node_modules/miniflare/dist/src/workers/core/entry.worker.js:5186:22): expected 500 to be 200 // Object.is equality^[[39m
Docker E2E	UNKNOWN STEP	2026-10-04T10:38:35.7946485Z 
Docker E2E	UNKNOWN STEP	2026-10-04T10:38:35.7946735Z ^[[32m- Expected^[[39m
Docker E2E	UNKNOWN STEP	2026-10-04T10:38:35.7947212Z ^[[31m+ Received^[[39m
Docker E2E	UNKNOWN STEP	2026-10-04T10:38:35.7947459Z 
Docker E2E	UNKNOWN STEP	2026-10-04T10:38:35.7947671Z ^[[32m- 200^[[39m
Docker E2E	UNKNOWN STEP	2026-10-04T10:38:35.7948393Z ^[[31m+ 500^[[39m
Docker E2E	UNKNOWN STEP	2026-10-04T10:38:35.7948656Z 
Docker E2E	UNKNOWN STEP	2026-10-04T10:38:35.7949343Z ^[[36m ^[[2m❯^[[22m expectStatus tests/e2e/modify.spec.ts:^[[2m187:46^[[22m^[[39m
Docker E2E	UNKNOWN STEP	2026-10-04T10:38:35.7951094Z     ^[[90m185|^[[39m  /** a failed render answers 500 with the exception in the body, and a…
Docker E2E	UNKNOWN STEP	2026-10-04T10:38:35.7952139Z     ^[[90m186|^[[39m  const expectStatus = (res: { status: number; body: string }, want: nu…
Docker E2E	UNKNOWN STEP	2026-10-04T10:38:35.7953227Z     ^[[90m187|^[[39m   ^[[34mexpect^[[39m(res^[[33m.^[[39mstatus^[[33m,^[[39m res^[[33m.^[[39mbody^[[33m.^[[39m^[[34mslice^[[39m(^[[34m0^[[39m^[[33m,^[[39m ^[[34m800^[[39m))^[[33m.^[[39m^[[34mtoBe^[[39m(want)^[[33m;^[[39m
Docker E2E	UNKNOWN STEP	2026-10-04T10:38:35.7954045Z     ^[[90m   |^[[39m                                              ^[[31m^^[[39m
Docker E2E	UNKNOWN STEP	2026-10-04T10:38:35.7954403Z     ^[[90m188|^[[39m
Docker E2E	UNKNOWN STEP	2026-10-04T10:38:35.7954873Z     ^[[90m189|^[[39m  /** a pinned production checkout, or null when the network cannot rea…
Docker E2E	UNKNOWN STEP	2026-10-04T10:38:35.7955483Z ^[[90m ^[[2m❯^[[22m tests/e2e/modify.spec.ts:^[[2m409:4^[[22m^[[39m
Docker E2E	UNKNOWN STEP	2026-10-04T10:38:35.7955733Z 
Docker E2E	UNKNOWN STEP	2026-10-04T10:38:35.7955974Z ^[[31m^[[2m⎯⎯⎯⎯⎯⎯⎯⎯⎯⎯⎯⎯⎯⎯⎯⎯⎯⎯⎯⎯⎯⎯⎯⎯[3/5]⎯^[[22m^[[39m
Docker E2E	UNKNOWN STEP	2026-10-04T10:38:35.7956181Z 
Docker E2E	UNKNOWN STEP	2026-10-04T10:38:35.7957027Z ^[[41m^[[1m FAIL ^[[22m^[[49m ^[[30m^[[45m e2e ^[[49m^[[39m tests/e2e/to-worker.spec.ts^[[2m > ^[[22mVPS to Worker^[[2m > ^[[22mthe converted dump loads into a real Durable Object with the bytes intact
Docker E2E	UNKNOWN STEP	2026-10-04T10:38:35.7957830Z ^[[31m^[[1mTypeError^[[22m: fetch failed^[[39m
Docker E2E	UNKNOWN STEP	2026-10-04T10:38:35.7958225Z ^[[31m^[[1mCaused by: Error^[[22m: write EPIPE^[[39m
Docker E2E	UNKNOWN STEP	2026-10-04T10:38:35.7958652Z ^[[31m^[[2m⎯⎯⎯⎯⎯⎯⎯⎯⎯⎯⎯⎯⎯⎯⎯⎯⎯⎯⎯⎯⎯⎯⎯⎯⎯⎯⎯⎯⎯⎯^[[22m^[[39m
Docker E2E	UNKNOWN STEP	2026-10-04T10:38:35.7959259Z ^[[31m^[[1mSerialized Error:^[[22m^[[39m ^[[90m{ errno: -32, code: 'EPIPE', syscall: 'write' }^[[39m
Docker E2E	UNKNOWN STEP	2026-10-04T10:38:35.7960354Z ^[[31m^[[2m⎯⎯⎯⎯⎯⎯⎯⎯⎯⎯⎯⎯⎯⎯⎯⎯⎯⎯⎯⎯⎯⎯⎯⎯[4/5]⎯^[[22m^[[39m
Docker E2E	UNKNOWN STEP	2026-10-04T10:38:35.7960736Z 
Docker E2E	UNKNOWN STEP	2026-10-04T10:38:35.7962131Z ^[[41m^[[1m FAIL ^[[22m^[[49m ^[[30m^[[45m e2e ^[[49m^[[39m tests/e2e/to-worker.spec.ts^[[2m > ^[[22mVPS to Worker^[[2m > ^[[22mwhat the migration REPORTED matches what actually moved
Docker E2E	UNKNOWN STEP	2026-10-04T10:38:35.7963494Z ^[[31m^[[1mError^[[22m: /rows answered 500^[[39m
Docker E2E	UNKNOWN STEP	2026-10-04T10:38:35.7964536Z ^[[36m ^[[2m❯^[[22m readDurableObject tests/e2e/helpers/compare.ts:^[[2m121:26^[[22m^[[39m
Docker E2E	UNKNOWN STEP	2026-10-04T10:38:35.7966062Z     ^[[90m119|^[[39m  url^[[33m.^[[39msearchParams^[[33m.^[[39m^[[35mset^[[39m(^[[32m'table'^[[39m^[[33m,^[[39m ^[[33mSEED_TABLE^[[39m)^[[33m;^[[39m
Docker E2E	UNKNOWN STEP	2026-10-04T10:38:35.7967552Z     ^[[90m120|^[[39m  const response = await fetch(url, { signal: AbortSignal.timeout(30_00…
Docker E2E	UNKNOWN STEP	2026-10-04T10:38:35.7968738Z     ^[[90m121|^[[39m  if (!response.ok) throw new Error(`/rows answered ${response.status}`…
Docker E2E	UNKNOWN STEP	2026-10-04T10:38:35.7969269Z     ^[[90m   |^[[39m                          ^[[31m^^[[39m
Docker E2E	UNKNOWN STEP	2026-10-04T10:38:35.7970361Z     ^[[90m122|^[[39m  const body = (await response.json()) as { rows: Record<string, string…
Docker E2E	UNKNOWN STEP	2026-10-04T10:38:35.7970971Z     ^[[90m123|^[[39m  ^[[35mreturn^[[39m body^[[33m.^[[39mrows
Docker E2E	UNKNOWN STEP	2026-10-04T10:38:35.7971475Z ^[[90m ^[[2m❯^[[22m tests/e2e/to-worker.spec.ts:^[[2m143:16^[[22m^[[39m
Docker E2E	UNKNOWN STEP	2026-10-04T10:38:35.7971731Z 
Docker E2E	UNKNOWN STEP	2026-10-04T10:38:35.7971977Z ^[[31m^[[2m⎯⎯⎯⎯⎯⎯⎯⎯⎯⎯⎯⎯⎯⎯⎯⎯⎯⎯⎯⎯⎯⎯⎯⎯[5/5]⎯^[[22m^[[39m
Docker E2E	UNKNOWN STEP	2026-10-04T10:38:35.7972181Z 
Docker E2E	UNKNOWN STEP	2026-10-04T10:38:35.7972207Z 
Docker E2E	UNKNOWN STEP	2026-10-04T10:38:35.7973145Z ^[[2m Test Files ^[[22m ^[[1m^[[31m3 failed^[[39m^[[22m^[[2m | ^[[22m^[[1m^[[32m6 passed^[[39m^[[22m^[[2m | ^[[22m^[[33m1 skipped^[[39m^[[90m (10)^[[39m
Docker E2E	UNKNOWN STEP	2026-10-04T10:38:35.7974288Z ^[[2m      Tests ^[[22m ^[[1m^[[31m4 failed^[[39m^[[22m^[[2m | ^[[22m^[[1m^[[32m54 passed^[[39m^[[22m^[[2m | ^[[22m^[[33m9 skipped^[[39m^[[90m (67)^[[39m
Docker E2E	UNKNOWN STEP	2026-10-04T10:38:35.7975167Z ^[[2m   Start at ^[[22m 10:35:14
Docker E2E	UNKNOWN STEP	2026-10-04T10:38:35.7976307Z ^[[2m   Duration ^[[22m 200.98s^[[2m (transform 648ms, setup 0ms, import 3.97s, tests 194.96s, environment 1ms)^[[22m
Docker E2E	UNKNOWN STEP	2026-10-04T10:38:35.7976724Z 
Docker E2E	UNKNOWN STEP	2026-10-04T10:38:35.7976730Z 
Docker E2E	UNKNOWN STEP	2026-10-04T10:38:35.8001382Z ##[error]AssertionError: Error: Network connection lost.
Docker E2E	UNKNOWN STEP	    at async Object.fetch (file:///tmp/drangler-e2e-modify-RlOyAv/worker/node_modules/wrangler/node_modules/miniflare/dist/src/workers/core/entry.worker.js:5186:22): expected 500 to be 403 // Object.is equality
Docker E2E	UNKNOWN STEP	
Docker E2E	UNKNOWN STEP	- Expected
Docker E2E	UNKNOWN STEP	+ Received
Docker E2E	UNKNOWN STEP	
Docker E2E	UNKNOWN STEP	- 403
Docker E2E	UNKNOWN STEP	+ 500
Docker E2E	UNKNOWN STEP	
Docker E2E	UNKNOWN STEP	 ❯ expectStatus tests/e2e/modify.spec.ts:187:46
Docker E2E	UNKNOWN STEP	 ❯ tests/e2e/modify.spec.ts:386:4
Docker E2E	UNKNOWN STEP	
Docker E2E	UNKNOWN STEP	
Docker E2E	UNKNOWN STEP	2026-10-04T10:38:35.8012937Z 
Docker E2E	UNKNOWN STEP	2026-10-04T10:38:35.8016446Z ##[error]AssertionError: Error: Network connection lost.
Docker E2E	UNKNOWN STEP	    at async Object.fetch (file:///tmp/drangler-e2e-modify-RlOyAv/worker/node_modules/wrangler/node_modules/miniflare/dist/src/workers/core/entry.worker.js:5186:22): expected 500 to be 200 // Object.is equality
Docker E2E	UNKNOWN STEP	
Docker E2E	UNKNOWN STEP	- Expected
Docker E2E	UNKNOWN STEP	+ Received
Docker E2E	UNKNOWN STEP	
Docker E2E	UNKNOWN STEP	- 200
Docker E2E	UNKNOWN STEP	+ 500
Docker E2E	UNKNOWN STEP	
Docker E2E	UNKNOWN STEP	 ❯ expectStatus tests/e2e/modify.spec.ts:187:46
Docker E2E	UNKNOWN STEP	 ❯ tests/e2e/modify.spec.ts:409:4
Docker E2E	UNKNOWN STEP	
Docker E2E	UNKNOWN STEP	
Docker E2E	UNKNOWN STEP	2026-10-04T10:38:35.8018394Z 
Docker E2E	UNKNOWN STEP	2026-10-04T10:38:35.8022218Z ##[error]FindingError: /, /user/login, /node/1, /sites/default/files/preview-probe.txt did not match the source
Docker E2E	UNKNOWN STEP	 ❯ verify src/commands/preview.ts:746:7
Docker E2E	UNKNOWN STEP	 ❯ runPreviewCommand src/commands/preview.ts:601:22
Docker E2E	UNKNOWN STEP	 ❯ tests/e2e/preview.spec.ts:135:4
Docker E2E	UNKNOWN STEP	
Docker E2E	UNKNOWN STEP	⎯⎯⎯⎯⎯⎯⎯⎯⎯⎯⎯⎯⎯⎯⎯⎯⎯⎯⎯⎯⎯⎯⎯⎯⎯⎯⎯⎯⎯⎯
Docker E2E	UNKNOWN STEP	Serialized Error: { error: { code: 'mismatch', message: '/, /user/login, /node/1, /sites/default/files/preview-probe.txt did not match the source', retryable: false, next: null } }
Docker E2E	UNKNOWN STEP	
Docker E2E	UNKNOWN STEP	2026-10-04T10:38:35.8024142Z 
Docker E2E	UNKNOWN STEP	2026-10-04T10:38:35.8025447Z ##[error]Error: /rows answered 500
Docker E2E	UNKNOWN STEP	 ❯ readDurableObject tests/e2e/helpers/compare.ts:121:26
Docker E2E	UNKNOWN STEP	 ❯ tests/e2e/to-worker.spec.ts:143:16
Docker E2E	UNKNOWN STEP	
Docker E2E	UNKNOWN STEP	
Docker E2E	UNKNOWN STEP	2026-10-04T10:38:35.8404603Z error: script "test:e2e:coverage" exited with code 1
Docker E2E	UNKNOWN STEP	2026-10-04T10:38:35.8415917Z ##[error]Process completed with exit code 1.
Docker E2E	UNKNOWN STEP	2026-10-04T10:38:35.8750765Z ##[group]Run codecov/codecov-action@v7
Docker E2E	UNKNOWN STEP	2026-10-04T10:38:35.8751076Z with:
Docker E2E	UNKNOWN STEP	2026-10-04T10:38:35.8751559Z   token: ***
Docker E2E	UNKNOWN STEP	2026-10-04T10:38:35.8751771Z   slug: <org>/drangler
Docker E2E	UNKNOWN STEP	2026-10-04T10:38:35.8752013Z   fail_ci_if_error: false
Docker E2E	UNKNOWN STEP	2026-10-04T10:38:35.8752246Z   report_type: coverage
Docker E2E	UNKNOWN STEP	2026-10-04T10:38:35.8752465Z   flags: integration
Docker E2E	UNKNOWN STEP	2026-10-04T10:38:35.8752680Z   files: coverage/clover.xml
Docker E2E	UNKNOWN STEP	2026-10-04T10:38:35.8752916Z   cleanup: false
Docker E2E	UNKNOWN STEP	2026-10-04T10:38:35.8753127Z   disable_file_fixes: false
Docker E2E	UNKNOWN STEP	2026-10-04T10:38:35.8753357Z   disable_search: false
Docker E2E	UNKNOWN STEP	2026-10-04T10:38:35.8753580Z   disable_safe_directory: false
Docker E2E	UNKNOWN STEP	2026-10-04T10:38:35.8753821Z   disable_telem: false
Docker E2E	UNKNOWN STEP	2026-10-04T10:38:35.8754029Z   dry_run: false
Docker E2E	UNKNOWN STEP	2026-10-04T10:38:35.8754227Z   git_service: github
Docker E2E	UNKNOWN STEP	2026-10-04T10:38:35.8754448Z   gcov_executable: gcov
Docker E2E	UNKNOWN STEP	2026-10-04T10:38:35.8754674Z   handle_no_reports_found: false
Docker E2E	UNKNOWN STEP	2026-10-04T10:38:35.8754928Z   recurse_submodules: false
Docker E2E	UNKNOWN STEP	2026-10-04T10:38:35.8755172Z   run_command: upload-coverage
Docker E2E	UNKNOWN STEP	2026-10-04T10:38:35.8755465Z   skip_validation: false
Docker E2E	UNKNOWN STEP	2026-10-04T10:38:35.8755703Z   use_legacy_upload_endpoint: false
Docker E2E	UNKNOWN STEP	2026-10-04T10:38:35.8755953Z   use_oidc: false
Docker E2E	UNKNOWN STEP	2026-10-04T10:38:35.8756147Z   use_pypi: false
Docker E2E	UNKNOWN STEP	2026-10-04T10:38:35.8756339Z   verbose: false
Docker E2E	UNKNOWN STEP	2026-10-04T10:38:35.8756534Z   version: latest
Docker E2E	UNKNOWN STEP	2026-10-04T10:38:35.8756721Z env:
Docker E2E	UNKNOWN STEP	2026-10-04T10:38:35.8756900Z   REQUIRE_DOCKER: 1
Docker E2E	UNKNOWN STEP	2026-10-04T10:38:35.8757098Z ##[endgroup]
Docker E2E	UNKNOWN STEP	2026-10-04T10:38:35.8825789Z ##[start-action display=Check system dependencies;id=__codecov_codecov-action.__run]
Docker E2E	UNKNOWN STEP	2026-10-04T10:38:35.8850307Z ##[group]Run missing_deps=""
Docker E2E	UNKNOWN STEP	2026-10-04T10:38:35.8850772Z ^[[36;1mmissing_deps=""^[[0m
Docker E2E	UNKNOWN STEP	2026-10-04T10:38:35.8851091Z ^[[36;1m^[[0m
Docker E2E	UNKNOWN STEP	2026-10-04T10:38:35.8851323Z ^[[36;1m# Check for always-required commands^[[0m
Docker E2E	UNKNOWN STEP	2026-10-04T10:38:35.8851630Z ^[[36;1mfor cmd in bash git curl; do^[[0m
Docker E2E	UNKNOWN STEP	2026-10-04T10:38:35.8851938Z ^[[36;1m  if ! command -v "$cmd" >/dev/null 2>&1; then^[[0m
Docker E2E	UNKNOWN STEP	2026-10-04T10:38:35.8852268Z ^[[36;1m    missing_deps="$missing_deps $cmd"^[[0m
Docker E2E	UNKNOWN STEP	2026-10-04T10:38:35.8852741Z ^[[36;1m  fi^[[0m
Docker E2E	UNKNOWN STEP	2026-10-04T10:38:35.8852934Z ^[[36;1mdone^[[0m
Docker E2E	UNKNOWN STEP	2026-10-04T10:38:35.8853110Z ^[[36;1m^[[0m
Docker E2E	UNKNOWN STEP	2026-10-04T10:38:35.8853372Z ^[[36;1m# Check for gpg only if validation is not being skipped^[[0m
Docker E2E	UNKNOWN STEP	2026-10-04T10:38:35.8853753Z ^[[36;1mif [ "$INPUT_SKIP_VALIDATION" != "true" ]; then^[[0m
Docker E2E	UNKNOWN STEP	2026-10-04T10:38:35.8854091Z ^[[36;1m  if ! command -v gpg >/dev/null 2>&1; then^[[0m
Docker E2E	UNKNOWN STEP	2026-10-04T10:38:35.8854401Z ^[[36;1m    missing_deps="$missing_deps gpg"^[[0m
Docker E2E	UNKNOWN STEP	2026-10-04T10:38:35.8854675Z ^[[36;1m  fi^[[0m
Docker E2E	UNKNOWN STEP	2026-10-04T10:38:35.8854853Z ^[[36;1mfi^[[0m
Docker E2E	UNKNOWN STEP	2026-10-04T10:38:35.8855026Z ^[[36;1m^[[0m
Docker E2E	UNKNOWN STEP	2026-10-04T10:38:35.8855239Z ^[[36;1m# Report missing required dependencies^[[0m
Docker E2E	UNKNOWN STEP	2026-10-04T10:38:35.8855541Z ^[[36;1mif [ -n "$missing_deps" ]; then^[[0m
Docker E2E	UNKNOWN STEP	2026-10-04T10:38:35.8855951Z ^[[36;1m  echo "Error: The following required dependencies are missing:$missing_deps"^[[0m
Docker E2E	UNKNOWN STEP	2026-10-04T10:38:35.8856499Z ^[[36;1m  echo "Please install these dependencies before using this action."^[[0m
Docker E2E	UNKNOWN STEP	2026-10-04T10:38:35.8856888Z ^[[36;1m  exit 1^[[0m
Docker E2E	UNKNOWN STEP	2026-10-04T10:38:35.8857088Z ^[[36;1mfi^[[0m
Docker E2E	UNKNOWN STEP	2026-10-04T10:38:35.8857268Z ^[[36;1m^[[0m
Docker E2E	UNKNOWN STEP	2026-10-04T10:38:35.8857529Z ^[[36;1mecho "All required system dependencies are available."^[[0m
Docker E2E	UNKNOWN STEP	2026-10-04T10:38:35.8884667Z shell: /usr/bin/sh -e {0}
Docker E2E	UNKNOWN STEP	2026-10-04T10:38:35.8884922Z env:
Docker E2E	UNKNOWN STEP	2026-10-04T10:38:35.8885109Z   REQUIRE_DOCKER: 1
Docker E2E	UNKNOWN STEP	2026-10-04T10:38:35.8885334Z   INPUT_SKIP_VALIDATION: false
Docker E2E	UNKNOWN STEP	2026-10-04T10:38:35.8885581Z ##[endgroup]
Docker E2E	UNKNOWN STEP	2026-10-04T10:38:35.8929318Z All required system dependencies are available.
Docker E2E	UNKNOWN STEP	2026-10-04T10:38:35.8943539Z ##[end-action id=__codecov_codecov-action.__run;outcome=success;conclusion=success;duration_ms=11]
Docker E2E	UNKNOWN STEP	2026-10-04T10:38:35.8946068Z ##[start-action display=Action version;id=__codecov_codecov-action.__run_2]
Docker E2E	UNKNOWN STEP	2026-10-04T10:38:35.8962068Z ##[group]Run CC_ACTION_VERSION=$(cat ${GITHUB_ACTION_PATH}/src/version)
Docker E2E	UNKNOWN STEP	2026-10-04T10:38:35.8962551Z ^[[36;1mCC_ACTION_VERSION=$(cat ${GITHUB_ACTION_PATH}/src/version)^[[0m
Docker E2E	UNKNOWN STEP	2026-10-04T10:38:35.8963205Z ^[[36;1mecho -e "\033[0;32m==>\033[0m Running Action version $CC_ACTION_VERSION"^[[0m
Docker E2E	UNKNOWN STEP	2026-10-04T10:38:35.9024383Z shell: /usr/bin/bash --noprofile --norc -e -o pipefail {0}
Docker E2E	UNKNOWN STEP	2026-10-04T10:38:35.9024721Z env:
Docker E2E	UNKNOWN STEP	2026-10-04T10:38:35.9024908Z   REQUIRE_DOCKER: 1
Docker E2E	UNKNOWN STEP	2026-10-04T10:38:35.9025118Z ##[endgroup]
Docker E2E	UNKNOWN STEP	2026-10-04T10:38:35.9122308Z ^[[0;32m==>^[[0m Running Action version 7.1.1
Docker E2E	UNKNOWN STEP	2026-10-04T10:38:35.9128509Z ##[end-action id=__codecov_codecov-action.__run_2;outcome=success;conclusion=success;duration_ms=18]
Docker E2E	UNKNOWN STEP	2026-10-04T10:38:35.9130904Z ##[start-action display=Set safe directory;id=__codecov_codecov-action.__run_3]
Docker E2E	UNKNOWN STEP	2026-10-04T10:38:35.9153448Z ##[group]Run git config --global --add safe.directory "/home/runner/work/drangler/drangler"
Docker E2E	UNKNOWN STEP	2026-10-04T10:38:35.9154079Z ^[[36;1mgit config --global --add safe.directory "/home/runner/work/drangler/drangler"^[[0m
Docker E2E	UNKNOWN STEP	2026-10-04T10:38:35.9154603Z ^[[36;1mgit config --global --add safe.directory "$GITHUB_WORKSPACE"^[[0m
Docker E2E	UNKNOWN STEP	2026-10-04T10:38:35.9213083Z shell: /usr/bin/bash --noprofile --norc -e -o pipefail {0}
Docker E2E	UNKNOWN STEP	2026-10-04T10:38:35.9213419Z env:
Docker E2E	UNKNOWN STEP	2026-10-04T10:38:35.9213630Z   REQUIRE_DOCKER: 1
Docker E2E	UNKNOWN STEP	2026-10-04T10:38:35.9213835Z ##[endgroup]
Docker E2E	UNKNOWN STEP	2026-10-04T10:38:35.9340181Z ##[end-action id=__codecov_codecov-action.__run_3;outcome=success;conclusion=success;duration_ms=20]
Docker E2E	UNKNOWN STEP	2026-10-04T10:38:35.9344711Z ##[start-action display=Set fork;id=__codecov_codecov-action.__run_4]
Docker E2E	UNKNOWN STEP	2026-10-04T10:38:35.9359361Z ##[group]Run CC_FORK="false"
Docker E2E	UNKNOWN STEP	2026-10-04T10:38:35.9359981Z ^[[36;1mCC_FORK="false"^[[0m
Docker E2E	UNKNOWN STEP	2026-10-04T10:38:35.9360557Z ^[[36;1mif [ -n "$GITHUB_EVENT_PULL_REQUEST_HEAD_REPO_FULL_NAME" ] && [ "$GITHUB_EVENT_PULL_REQUEST_HEAD_REPO_FULL_NAME" != "$GITHUB_REPOSITORY" ];^[[0m
Docker E2E	UNKNOWN STEP	2026-10-04T10:38:35.9361143Z ^[[36;1mthen^[[0m
Docker E2E	UNKNOWN STEP	2026-10-04T10:38:35.9361386Z ^[[36;1m  echo -e "\033[0;32m==>\033[0m Fork detected"^[[0m
Docker E2E	UNKNOWN STEP	2026-10-04T10:38:35.9361690Z ^[[36;1m  CC_FORK="true"^[[0m
Docker E2E	UNKNOWN STEP	2026-10-04T10:38:35.9361907Z ^[[36;1mfi^[[0m
Docker E2E	UNKNOWN STEP	2026-10-04T10:38:35.9362136Z ^[[36;1mecho "CC_FORK=$CC_FORK" >> "$GITHUB_ENV"^[[0m
Docker E2E	UNKNOWN STEP	2026-10-04T10:38:35.9421143Z shell: /usr/bin/bash --noprofile --norc -e -o pipefail {0}
Docker E2E	UNKNOWN STEP	2026-10-04T10:38:35.9421662Z env:
Docker E2E	UNKNOWN STEP	2026-10-04T10:38:35.9421859Z   REQUIRE_DOCKER: 1
Docker E2E	UNKNOWN STEP	2026-10-04T10:38:35.9422099Z   GITHUB_EVENT_PULL_REQUEST_HEAD_LABEL: 
Docker E2E	UNKNOWN STEP	2026-10-04T10:38:35.9422411Z   GITHUB_EVENT_PULL_REQUEST_HEAD_REPO_FULL_NAME: 
Docker E2E	UNKNOWN STEP	2026-10-04T10:38:35.9422724Z   GITHUB_REPOSITORY: <org>/drangler
Docker E2E	UNKNOWN STEP	2026-10-04T10:38:35.9422987Z ##[endgroup]
Docker E2E	UNKNOWN STEP	2026-10-04T10:38:35.9512532Z ##[end-action id=__codecov_codecov-action.__run_4;outcome=success;conclusion=success;duration_ms=16]
Docker E2E	UNKNOWN STEP	2026-10-04T10:38:35.9515656Z ##[start-action display=Get OIDC token;id=__codecov_codecov-action.oidc]
Docker E2E	UNKNOWN STEP	2026-10-04T10:38:35.9559344Z ##[group]Run actions/github-script@<hex>
Docker E2E	UNKNOWN STEP	2026-10-04T10:38:35.9559917Z with:
Docker E2E	UNKNOWN STEP	2026-10-04T10:38:35.9560533Z   script: if (process.env.CC_USE_OIDC === 'true' && process.env.CC_FORK != 'true') {
Docker E2E	UNKNOWN STEP	  const id_token = <redacted> core.getIDToken(process.env.CC_OIDC_AUDIENCE)
Docker E2E	UNKNOWN STEP	  return id_token
Docker E2E	UNKNOWN STEP	}
Docker E2E	UNKNOWN STEP	
Docker E2E	UNKNOWN STEP	2026-10-04T10:38:35.9563404Z   github-token: ***
Docker E2E	UNKNOWN STEP	2026-10-04T10:38:35.9563625Z   debug: false
Docker E2E	UNKNOWN STEP	2026-10-04T10:38:35.9563865Z   user-agent: actions/github-script
Docker E2E	UNKNOWN STEP	2026-10-04T10:38:35.9564133Z   result-encoding: json
Docker E2E	UNKNOWN STEP	2026-10-04T10:38:35.9564349Z   retries: 0
Docker E2E	UNKNOWN STEP	2026-10-04T10:38:35.9564585Z   retry-exempt-status-codes: 400,401,403,404,422
Docker E2E	UNKNOWN STEP	2026-10-04T10:38:35.9564871Z env:
Docker E2E	UNKNOWN STEP	2026-10-04T10:38:35.9565048Z   REQUIRE_DOCKER: 1
Docker E2E	UNKNOWN STEP	2026-10-04T10:38:35.9565246Z   CC_FORK: false
Docker E2E	UNKNOWN STEP	2026-10-04T10:38:35.9565466Z   CC_OIDC_AUDIENCE: https://codecov.io
Docker E2E	UNKNOWN STEP	2026-10-04T10:38:35.9565730Z   CC_USE_OIDC: false
Docker E2E	UNKNOWN STEP	2026-10-04T10:38:35.9565934Z ##[endgroup]
Docker E2E	UNKNOWN STEP	2026-10-04T10:38:36.0456434Z ##[end-action id=__codecov_codecov-action.oidc;outcome=success;conclusion=success;duration_ms=94]
Docker E2E	UNKNOWN STEP	2026-10-04T10:38:36.0466493Z ##[start-action display=Get and set token;id=__codecov_codecov-action.__run_5]
Docker E2E	UNKNOWN STEP	2026-10-04T10:38:36.0483163Z ##[group]Run if [ "$INPUT_USE_OIDC" == 'true' ] && [ "$CC_FORK" != 'true' ];
Docker E2E	UNKNOWN STEP	2026-10-04T10:38:36.0483650Z ^[[36;1mif [ "$INPUT_USE_OIDC" == 'true' ] && [ "$CC_FORK" != 'true' ];^[[0m
Docker E2E	UNKNOWN STEP	2026-10-04T10:38:36.0483999Z ^[[36;1mthen^[[0m
Docker E2E	UNKNOWN STEP	2026-10-04T10:38:36.0484438Z ^[[36;1m  echo "CC_TOKEN=$CC_OIDC_TOKEN" >> "$GITHUB_ENV"^[[0m
Docker E2E	UNKNOWN STEP	2026-10-04T10:38:36.0484784Z ^[[36;1melif [ -n "$INPUT_CODECOV_TOKEN" ];^[[0m
Docker E2E	UNKNOWN STEP	2026-10-04T10:38:36.0485056Z ^[[36;1mthen^[[0m
Docker E2E	UNKNOWN STEP	2026-10-04T10:38:36.0485303Z ^[[36;1m  echo -e "\033[0;32m==>\033[0m Token set from env"^[[0m
Docker E2E	UNKNOWN STEP	2026-10-04T10:38:36.0485675Z ^[[36;1m    echo "CC_TOKEN=$INPUT_CODECOV_TOKEN" >> "$GITHUB_ENV"^[[0m
Docker E2E	UNKNOWN STEP	2026-10-04T10:38:36.0485996Z ^[[36;1melse^[[0m
Docker E2E	UNKNOWN STEP	2026-10-04T10:38:36.0486192Z ^[[36;1m  if [ -n "$INPUT_TOKEN" ];^[[0m
Docker E2E	UNKNOWN STEP	2026-10-04T10:38:36.0486432Z ^[[36;1m  then^[[0m
Docker E2E	UNKNOWN STEP	2026-10-04T10:38:36.0486685Z ^[[36;1m    echo -e "\033[0;32m==>\033[0m Token set from input"^[[0m
Docker E2E	UNKNOWN STEP	2026-10-04T10:38:36.0487052Z ^[[36;1m    CC_TOKEN=$(echo "$INPUT_TOKEN" | tr -d '\n')^[[0m
Docker E2E	UNKNOWN STEP	2026-10-04T10:38:36.0487393Z ^[[36;1m    echo "CC_TOKEN=$CC_TOKEN" >> "$GITHUB_ENV"^[[0m
Docker E2E	UNKNOWN STEP	2026-10-04T10:38:36.0487680Z ^[[36;1m  fi^[[0m
Docker E2E	UNKNOWN STEP	2026-10-04T10:38:36.0487858Z ^[[36;1mfi^[[0m
Docker E2E	UNKNOWN STEP	2026-10-04T10:38:36.0550995Z shell: /usr/bin/bash --noprofile --norc -e -o pipefail {0}
Docker E2E	UNKNOWN STEP	2026-10-04T10:38:36.0551339Z env:
Docker E2E	UNKNOWN STEP	2026-10-04T10:38:36.0551551Z   REQUIRE_DOCKER: 1
Docker E2E	UNKNOWN STEP	2026-10-04T10:38:36.0551767Z   CC_FORK: false
Docker E2E	UNKNOWN STEP	2026-10-04T10:38:36.0551970Z   CC_OIDC_TOKEN: 
Docker E2E	UNKNOWN STEP	2026-10-04T10:38:36.0552198Z   CC_OIDC_AUDIENCE: https://codecov.io
Docker E2E	UNKNOWN STEP	2026-10-04T10:38:36.0552471Z   INPUT_USE_OIDC: false
Docker E2E	UNKNOWN STEP	2026-10-04T10:38:36.0552869Z   INPUT_TOKEN: ***
Docker E2E	UNKNOWN STEP	2026-10-04T10:38:36.0553092Z   INPUT_CODECOV_TOKEN: 
Docker E2E	UNKNOWN STEP	2026-10-04T10:38:36.0553315Z ##[endgroup]
Docker E2E	UNKNOWN STEP	2026-10-04T10:38:36.0683632Z ^[[0;32m==>^[[0m Token set from input
Docker E2E	UNKNOWN STEP	2026-10-04T10:38:36.0705902Z ##[end-action id=__codecov_codecov-action.__run_5;outcome=success;conclusion=success;duration_ms=23]
Docker E2E	UNKNOWN STEP	2026-10-04T10:38:36.0731475Z ##[start-action display=Override branch for forks;id=__codecov_codecov-action.__run_6]
Docker E2E	UNKNOWN STEP	2026-10-04T10:38:36.0748076Z ##[group]Run if [ -z "$CC_BRANCH" ] && [ -z "$CC_TOKEN" ] && [ "$CC_FORK" == 'true' ]
Docker E2E	UNKNOWN STEP	2026-10-04T10:38:36.0748594Z ^[[36;1mif [ -z "$CC_BRANCH" ] && [ -z "$CC_TOKEN" ] && [ "$CC_FORK" == 'true' ]^[[0m
Docker E2E	UNKNOWN STEP	2026-10-04T10:38:36.0748952Z ^[[36;1mthen^[[0m
Docker E2E	UNKNOWN STEP	2026-10-04T10:38:36.0749371Z ^[[36;1m  echo -e "\033[0;32m==>\033[0m Fork detected, setting branch to $GITHUB_EVENT_PULL_REQUEST_HEAD_LABEL"^[[0m
Docker E2E	UNKNOWN STEP	2026-10-04T10:38:36.0750395Z ^[[36;1m  TOKENLESS="$GITHUB_EVENT_PULL_REQUEST_HEAD_LABEL"^[[0m
Docker E2E	UNKNOWN STEP	2026-10-04T10:38:36.0750769Z ^[[36;1m  CC_BRANCH="$GITHUB_EVENT_PULL_REQUEST_HEAD_LABEL"^[[0m
Docker E2E	UNKNOWN STEP	2026-10-04T10:38:36.0751158Z ^[[36;1m  echo "TOKENLESS=$TOKENLESS" >> "$GITHUB_ENV"^[[0m
Docker E2E	UNKNOWN STEP	2026-10-04T10:38:36.0751456Z ^[[36;1mfi^[[0m
Docker E2E	UNKNOWN STEP	2026-10-04T10:38:36.0751641Z ^[[36;1m^[[0m
Docker E2E	UNKNOWN STEP	2026-10-04T10:38:36.0751865Z ^[[36;1mecho "CC_BRANCH=$CC_BRANCH" >> "$GITHUB_ENV"^[[0m
Docker E2E	UNKNOWN STEP	2026-10-04T10:38:36.0816236Z shell: /usr/bin/bash --noprofile --norc -e -o pipefail {0}
Docker E2E	UNKNOWN STEP	2026-10-04T10:38:36.0816574Z env:
Docker E2E	UNKNOWN STEP	2026-10-04T10:38:36.0816770Z   REQUIRE_DOCKER: 1
Docker E2E	UNKNOWN STEP	2026-10-04T10:38:36.0816974Z   CC_FORK: false
Docker E2E	UNKNOWN STEP	2026-10-04T10:38:36.0817316Z   CC_TOKEN: ***
Docker E2E	UNKNOWN STEP	2026-10-04T10:38:36.0817521Z   CC_BRANCH: 
Docker E2E	UNKNOWN STEP	2026-10-04T10:38:36.0817736Z   GITHUB_EVENT_PULL_REQUEST_HEAD_LABEL: 
Docker E2E	UNKNOWN STEP	2026-10-04T10:38:36.0818045Z   GITHUB_EVENT_PULL_REQUEST_HEAD_REPO_FULL_NAME: 
Docker E2E	UNKNOWN STEP	2026-10-04T10:38:36.0818383Z   GITHUB_REPOSITORY: <org>/drangler
Docker E2E	UNKNOWN STEP	2026-10-04T10:38:36.0818647Z ##[endgroup]
Docker E2E	UNKNOWN STEP	2026-10-04T10:38:36.0910611Z ##[end-action id=__codecov_codecov-action.__run_6;outcome=success;conclusion=success;duration_ms=17]
Docker E2E	UNKNOWN STEP	2026-10-04T10:38:36.0914171Z ##[start-action display=Override commits and pr for pull requests;id=__codecov_codecov-action.__run_7]
Docker E2E	UNKNOWN STEP	2026-10-04T10:38:36.0929509Z ##[group]Run if [ -z "$CC_SHA" ];
Docker E2E	UNKNOWN STEP	2026-10-04T10:38:36.0930104Z ^[[36;1mif [ -z "$CC_SHA" ];^[[0m
Docker E2E	UNKNOWN STEP	2026-10-04T10:38:36.0930342Z ^[[36;1mthen^[[0m
Docker E2E	UNKNOWN STEP	2026-10-04T10:38:36.0930598Z ^[[36;1m  CC_SHA="$GITHUB_EVENT_PULL_REQUEST_HEAD_SHA"^[[0m
Docker E2E	UNKNOWN STEP	2026-10-04T10:38:36.0930898Z ^[[36;1mfi^[[0m
Docker E2E	UNKNOWN STEP	2026-10-04T10:38:36.0931134Z ^[[36;1mif [ -z "$CC_PR" ] && [ "$CC_FORK" == 'true' ];^[[0m
Docker E2E	UNKNOWN STEP	2026-10-04T10:38:36.0931431Z ^[[36;1mthen^[[0m
Docker E2E	UNKNOWN STEP	2026-10-04T10:38:36.0931641Z ^[[36;1m  CC_PR="$GITHUB_EVENT_NUMBER"^[[0m
Docker E2E	UNKNOWN STEP	2026-10-04T10:38:36.0931906Z ^[[36;1mfi^[[0m
Docker E2E	UNKNOWN STEP	2026-10-04T10:38:36.0932100Z ^[[36;1m^[[0m
Docker E2E	UNKNOWN STEP	2026-10-04T10:38:36.0932321Z ^[[36;1mecho "CC_SHA=$CC_SHA" >> "$GITHUB_ENV"^[[0m
Docker E2E	UNKNOWN STEP	2026-10-04T10:38:36.0932807Z ^[[36;1mecho "CC_PR=$CC_PR" >> "$GITHUB_ENV"^[[0m
Docker E2E	UNKNOWN STEP	2026-10-04T10:38:36.0993379Z shell: /usr/bin/bash --noprofile --norc -e -o pipefail {0}
Docker E2E	UNKNOWN STEP	2026-10-04T10:38:36.0993717Z env:
Docker E2E	UNKNOWN STEP	2026-10-04T10:38:36.0993902Z   REQUIRE_DOCKER: 1
Docker E2E	UNKNOWN STEP	2026-10-04T10:38:36.0994111Z   CC_FORK: false
Docker E2E	UNKNOWN STEP	2026-10-04T10:38:36.0994429Z   CC_TOKEN: ***
Docker E2E	UNKNOWN STEP	2026-10-04T10:38:36.0994628Z   CC_BRANCH: 
Docker E2E	UNKNOWN STEP	2026-10-04T10:38:36.0994814Z   CC_PR: 
Docker E2E	UNKNOWN STEP	2026-10-04T10:38:36.0994990Z   CC_SHA: 
Docker E2E	UNKNOWN STEP	2026-10-04T10:38:36.0995178Z   GITHUB_EVENT_NAME: schedule
Docker E2E	UNKNOWN STEP	2026-10-04T10:38:36.0995417Z   GITHUB_EVENT_NUMBER: 
Docker E2E	UNKNOWN STEP	2026-10-04T10:38:36.0995654Z   GITHUB_EVENT_PULL_REQUEST_HEAD_SHA: 
Docker E2E	UNKNOWN STEP	2026-10-04T10:38:36.0995912Z ##[endgroup]
Docker E2E	UNKNOWN STEP	2026-10-04T10:38:36.1081808Z ##[end-action id=__codecov_codecov-action.__run_7;outcome=success;conclusion=success;duration_ms=16]
Docker E2E	UNKNOWN STEP	2026-10-04T10:38:36.1090919Z ##[start-action display=Upload coverage to Codecov;id=__codecov_codecov-action.__run_8]
Docker E2E	UNKNOWN STEP	2026-10-04T10:38:36.1106518Z ##[group]Run ${GITHUB_ACTION_PATH}/dist/codecov.sh
Docker E2E	UNKNOWN STEP	2026-10-04T10:38:36.1106901Z ^[[36;1m${GITHUB_ACTION_PATH}/dist/codecov.sh^[[0m
Docker E2E	UNKNOWN STEP	2026-10-04T10:38:36.1163525Z shell: /usr/bin/bash --noprofile --norc -e -o pipefail {0}
Docker E2E	UNKNOWN STEP	2026-10-04T10:38:36.1163858Z env:
Docker E2E	UNKNOWN STEP	2026-10-04T10:38:36.1164043Z   REQUIRE_DOCKER: 1
Docker E2E	UNKNOWN STEP	2026-10-04T10:38:36.1164245Z   CC_FORK: false
Docker E2E	UNKNOWN STEP	2026-10-04T10:38:36.1164559Z   CC_TOKEN: ***
Docker E2E	UNKNOWN STEP	2026-10-04T10:38:36.1164757Z   CC_BRANCH: 
Docker E2E	UNKNOWN STEP	2026-10-04T10:38:36.1164944Z   CC_SHA: 
Docker E2E	UNKNOWN STEP	2026-10-04T10:38:36.1165119Z   CC_PR: 
Docker E2E	UNKNOWN STEP	2026-10-04T10:38:36.1165294Z   CC_BASE_SHA: 
Docker E2E	UNKNOWN STEP	2026-10-04T10:38:36.1165479Z   CC_BINARY: 
Docker E2E	UNKNOWN STEP	2026-10-04T10:38:36.1165660Z   CC_BUILD: 
Docker E2E	UNKNOWN STEP	2026-10-04T10:38:36.1165848Z   CC_BUILD_URL: 
Docker E2E	UNKNOWN STEP	2026-10-04T10:38:36.1166043Z   CC_CLEANUP: false
Docker E2E	UNKNOWN STEP	2026-10-04T10:38:36.1166240Z   CC_CODE: 
Docker E2E	UNKNOWN STEP	2026-10-04T10:38:36.1166416Z   CC_DIR: 
Docker E2E	UNKNOWN STEP	2026-10-04T10:38:36.1166609Z   CC_DISABLE_FILE_FIXES: false
Docker E2E	UNKNOWN STEP	2026-10-04T10:38:36.1166850Z   CC_DISABLE_SEARCH: false
Docker E2E	UNKNOWN STEP	2026-10-04T10:38:36.1167078Z   CC_DISABLE_TELEM: false
Docker E2E	UNKNOWN STEP	2026-10-04T10:38:36.1167301Z   CC_DRY_RUN: false
Docker E2E	UNKNOWN STEP	2026-10-04T10:38:36.1167502Z   CC_ENTERPRISE_URL: 
Docker E2E	UNKNOWN STEP	2026-10-04T10:38:36.1167890Z   CC_ENV: 
Docker E2E	UNKNOWN STEP	2026-10-04T10:38:36.1168076Z   CC_EXCLUDES: 
Docker E2E	UNKNOWN STEP	2026-10-04T10:38:36.1168270Z   CC_FAIL_ON_ERROR: false
Docker E2E	UNKNOWN STEP	2026-10-04T10:38:36.1168496Z   CC_FILES: coverage/clover.xml
Docker E2E	UNKNOWN STEP	2026-10-04T10:38:36.1168743Z   CC_FLAGS: integration
Docker E2E	UNKNOWN STEP	2026-10-04T10:38:36.1168949Z   CC_FORCE: 
Docker E2E	UNKNOWN STEP	2026-10-04T10:38:36.1169130Z   CC_GCOV_ARGS: 
Docker E2E	UNKNOWN STEP	2026-10-04T10:38:36.1169333Z   CC_GCOV_EXECUTABLE: gcov
Docker E2E	UNKNOWN STEP	2026-10-04T10:38:36.1169552Z   CC_GCOV_IGNORE: 
Docker E2E	UNKNOWN STEP	2026-10-04T10:38:36.1170029Z   CC_GCOV_INCLUDE: 
Docker E2E	UNKNOWN STEP	2026-10-04T10:38:36.1170231Z   CC_GIT_SERVICE: github
Docker E2E	UNKNOWN STEP	2026-10-04T10:38:36.1170469Z   CC_HANDLE_NO_REPORTS_FOUND: false
Docker E2E	UNKNOWN STEP	2026-10-04T10:38:36.1170717Z   CC_JOB_CODE: 
Docker E2E	UNKNOWN STEP	2026-10-04T10:38:36.1170909Z   CC_LEGACY: false
Docker E2E	UNKNOWN STEP	2026-10-04T10:38:36.1171108Z   CC_NAME: 
Docker E2E	UNKNOWN STEP	2026-10-04T10:38:36.1171290Z   CC_NETWORK_FILTER: 
Docker E2E	UNKNOWN STEP	2026-10-04T10:38:36.1171498Z   CC_NETWORK_PREFIX: 
Docker E2E	UNKNOWN STEP	2026-10-04T10:38:36.1171705Z   CC_NETWORK_ROOT_FOLDER: 
Docker E2E	UNKNOWN STEP	2026-10-04T10:38:36.1171924Z   CC_OS: 
Docker E2E	UNKNOWN STEP	2026-10-04T10:38:36.1172103Z   CC_PARENT_SHA: 
Docker E2E	UNKNOWN STEP	2026-10-04T10:38:36.1172300Z   CC_PLUGINS: 
Docker E2E	UNKNOWN STEP	2026-10-04T10:38:36.1172510Z   CC_RECURSE_SUBMODULES: false
Docker E2E	UNKNOWN STEP	2026-10-04T10:38:36.1172750Z   CC_REPORT_TYPE: coverage
Docker E2E	UNKNOWN STEP	2026-10-04T10:38:36.1172983Z   CC_RUN_CMD: upload-coverage
Docker E2E	UNKNOWN STEP	2026-10-04T10:38:36.1173220Z   CC_SERVICE: github
Docker E2E	UNKNOWN STEP	2026-10-04T10:38:36.1173429Z   CC_SKIP_VALIDATION: false
Docker E2E	UNKNOWN STEP	2026-10-04T10:38:36.1173660Z   CC_SLUG: <org>/drangler
Docker E2E	UNKNOWN STEP	2026-10-04T10:38:36.1173887Z   CC_SWIFT_PROJECT: 
Docker E2E	UNKNOWN STEP	2026-10-04T10:38:36.1174087Z   CC_USE_PYPI: false
Docker E2E	UNKNOWN STEP	2026-10-04T10:38:36.1174283Z   CC_VERBOSE: false
Docker E2E	UNKNOWN STEP	2026-10-04T10:38:36.1174479Z   CC_VERSION: latest
Docker E2E	UNKNOWN STEP	2026-10-04T10:38:36.1174678Z   CC_YML_PATH: 
Docker E2E	UNKNOWN STEP	2026-10-04T10:38:36.1174868Z ##[endgroup]
Docker E2E	UNKNOWN STEP	2026-10-04T10:38:36.1275203Z      _____          _
Docker E2E	UNKNOWN STEP	2026-10-04T10:38:36.1275636Z     / ____|        | |
Docker E2E	UNKNOWN STEP	2026-10-04T10:38:36.1276110Z    | |     ___   __| | ___  ___ _____   __
Docker E2E	UNKNOWN STEP	2026-10-04T10:38:36.1276657Z    | |    / _ \ / _` |/ _ \/ __/ _ \ \ / /
Docker E2E	UNKNOWN STEP	2026-10-04T10:38:36.1277193Z    | |___| (_) | (_| |  __/ (_| (_) \ V /
Docker E2E	UNKNOWN STEP	2026-10-04T10:38:36.1277726Z     \_____\___/ \__,_|\___|\___\___/ \_/
Docker E2E	UNKNOWN STEP	2026-10-04T10:38:36.1278828Z                            ^[[0;31m Wrapper-0.3.1^[[0m
Docker E2E	UNKNOWN STEP	2026-10-04T10:38:36.1279326Z                            
Docker E2E	UNKNOWN STEP	2026-10-04T10:38:36.1332733Z ^[[0;32m==>^[[0m Detected ^[[0;36mlinux^[[0m
Docker E2E	UNKNOWN STEP	2026-10-04T10:38:36.1333574Z ^[[0;32m ->^[[0m Downloading ^[[0;36mhttps://cli.codecov.io/latest/linux/codecov^[[0m
Docker E2E	UNKNOWN STEP	2026-10-04T10:38:36.1991459Z   % Total    % Received % Xferd  Average Speed   Time    Time     Time  Current
Docker E2E	UNKNOWN STEP	2026-10-04T10:38:36.1992424Z                                  Dload  Upload   Total   Spent    Left  Speed
Docker E2E	UNKNOWN STEP	2026-10-04T10:38:36.1992894Z 
Docker E2E	UNKNOWN STEP	2026-10-04T10:38:36.2917285Z   0     0    0     0    0     0      0      0 --:--:-- --:--:-- --:--:--     0
Docker E2E	UNKNOWN STEP	2026-10-04T10:38:36.3778151Z   5  9.9M    5  543k    0     0  5866k      0  0:00:01 --:--:--  0:00:01 5848k
Docker E2E	UNKNOWN STEP	2026-10-04T10:38:36.3779092Z 100  9.9M  100  9.9M    0     0  55.5M      0 --:--:-- --:--:-- --:--:-- 55.4M
Docker E2E	UNKNOWN STEP	2026-10-04T10:38:36.3801175Z ^[[0;32m==>^[[0m Finishing downloading ^[[0;36mlinux:latest^[[0m
Docker E2E	UNKNOWN STEP	2026-10-04T10:38:36.4395065Z       Version: ^[[0;36mv11.3.1^[[0m
Docker E2E	UNKNOWN STEP	2026-10-04T10:38:36.4395624Z  
Docker E2E	UNKNOWN STEP	2026-10-04T10:38:36.5227213Z gpg: directory '/home/runner/.gnupg' created
Docker E2E	UNKNOWN STEP	2026-10-04T10:38:36.5230902Z gpg: keybox '/home/runner/.gnupg/pubring.kbx' created
Docker E2E	UNKNOWN STEP	2026-10-04T10:38:36.5850853Z gpg: /home/runner/.gnupg/trustdb.gpg: trustdb created
Docker E2E	UNKNOWN STEP	2026-10-04T10:38:36.5852755Z gpg: key 806BB28AED779869: public key "Codecov Uploader (Codecov Uploader Verification Key) <<email>>" imported
Docker E2E	UNKNOWN STEP	2026-10-04T10:38:36.6335728Z gpg: Total number processed: 1
Docker E2E	UNKNOWN STEP	2026-10-04T10:38:36.6336274Z gpg:               imported: 1
Docker E2E	UNKNOWN STEP	2026-10-04T10:38:36.6342013Z ^[[0;32m==>^[[0m Verifying GPG signature integrity
Docker E2E	UNKNOWN STEP	2026-10-04T10:38:36.6343248Z ^[[0;32m ->^[[0m Downloading ^[[0;36mhttps://cli.codecov.io/latest/linux/codecov.SHA256SUM^[[0m
Docker E2E	UNKNOWN STEP	2026-10-04T10:38:36.6344520Z ^[[0;32m ->^[[0m Downloading ^[[0;36mhttps://cli.codecov.io/latest/linux/codecov.SHA256SUM.sig^[[0m
Docker E2E	UNKNOWN STEP	2026-10-04T10:38:36.6345083Z  
Docker E2E	UNKNOWN STEP	2026-10-04T10:38:36.7189212Z gpg: Signature made Thu Jul  9 01:37:57 2026 UTC
Docker E2E	UNKNOWN STEP	2026-10-04T10:38:36.7190835Z gpg:                using RSA key <hex>
Docker E2E	UNKNOWN STEP	2026-10-04T10:38:36.7193376Z gpg: Good signature from "Codecov Uploader (Codecov Uploader Verification Key) <<email>>" [unknown]
Docker E2E	UNKNOWN STEP	2026-10-04T10:38:36.7195559Z gpg: WARNING: This key is not certified with a trusted signature!
Docker E2E	UNKNOWN STEP	2026-10-04T10:38:36.7197496Z gpg:          There is no indication that the signature belongs to the owner.
Docker E2E	UNKNOWN STEP	2026-10-04T10:38:36.7199297Z Primary key fingerprint: 2703 4E7F DB85 0E0B BC2C  62FF 806B B28A ED77 9869
Docker E2E	UNKNOWN STEP	2026-10-04T10:38:36.8643288Z codecov: OK
Docker E2E	UNKNOWN STEP	2026-10-04T10:38:36.8657037Z ^[[0;32m==>^[[0m CLI integrity verified
Docker E2E	UNKNOWN STEP	2026-10-04T10:38:36.8657439Z 
Docker E2E	UNKNOWN STEP	2026-10-04T10:38:36.9324358Z ^[[0;32m ->^[[0m Token length: 36
Docker E2E	UNKNOWN STEP	2026-10-04T10:38:36.9324996Z ^[[0;32m==>^[[0m Running upload-coverage
Docker E2E	UNKNOWN STEP	2026-10-04T10:38:36.9335165Z       ^[[0;36m./codecov  upload-coverage -t <redacted> --git-service github --slug <org>/drangler --file coverage/clover.xml --flag integration --gcov-executable gcov --report-type coverage^[[0m
Docker E2E	UNKNOWN STEP	2026-10-04T10:38:37.3296723Z info - 2026-10-04 10:38:37,329 -- ci service found: github-actions
Docker E2E	UNKNOWN STEP	2026-10-04T10:38:37.3839151Z warning - 2026-10-04 10:38:37,383 -- xcrun is not installed or can't be found.
Docker E2E	UNKNOWN STEP	2026-10-04T10:38:37.4565810Z warning - 2026-10-04 10:38:37,456 -- No gcov data found.
Docker E2E	UNKNOWN STEP	2026-10-04T10:38:37.4570651Z warning - 2026-10-04 10:38:37,456 -- coverage.py is not installed or can't be found.
Docker E2E	UNKNOWN STEP	2026-10-04T10:38:37.5420267Z warning - 2026-10-04 10:38:37,541 -- Some files were not found --- {"not_found_files": ["coverage/clover.xml"]}
Docker E2E	UNKNOWN STEP	2026-10-04T10:38:37.5470366Z info - 2026-10-04 10:38:37,546 -- Found 0 coverage files to report
Docker E2E	UNKNOWN STEP	2026-10-04T10:38:37.5502861Z Error: No coverage reports found. Please make sure you're generating reports successfully.
Docker E2E	UNKNOWN STEP	2026-10-04T10:38:37.6837110Z ^[[0;31m==> Failed to run upload-coverage^[[0m
Docker E2E	UNKNOWN STEP	2026-10-04T10:38:37.6847191Z ##[end-action id=__codecov_codecov-action.__run_8;outcome=success;conclusion=success;duration_ms=1575]
Docker E2E	UNKNOWN STEP	2026-10-04T10:38:37.6886210Z ##[group]Run docker compose -f docker/compose.yml logs --no-color --tail=400
Docker E2E	UNKNOWN STEP	2026-10-04T10:38:37.6886807Z ^[[36;1mdocker compose -f docker/compose.yml logs --no-color --tail=400^[[0m
Docker E2E	UNKNOWN STEP	2026-10-04T10:38:37.6949286Z shell: /usr/bin/bash -e {0}
Docker E2E	UNKNOWN STEP	2026-10-04T10:38:37.6949533Z env:
Docker E2E	UNKNOWN STEP	2026-10-04T10:38:37.6950004Z   REQUIRE_DOCKER: 1
Docker E2E	UNKNOWN STEP	2026-10-04T10:38:37.6950218Z   CC_FORK: false
Docker E2E	UNKNOWN STEP	2026-10-04T10:38:37.6950580Z   CC_TOKEN: ***
Docker E2E	UNKNOWN STEP	2026-10-04T10:38:37.6950782Z   CC_BRANCH: 
Docker E2E	UNKNOWN STEP	2026-10-04T10:38:37.6950969Z   CC_SHA: 
Docker E2E	UNKNOWN STEP	2026-10-04T10:38:37.6951148Z   CC_PR: 
Docker E2E	UNKNOWN STEP	2026-10-04T10:38:37.6951328Z ##[endgroup]
Docker E2E	UNKNOWN STEP	2026-10-04T10:38:37.7774073Z drupal-1  | [drangler-e2e] installing openssh-server and a mariadb client
Docker E2E	UNKNOWN STEP	2026-10-04T10:38:37.7775087Z drupal-1  | [drangler-e2e] sshd listening for tester
Docker E2E	UNKNOWN STEP	2026-10-04T10:38:37.7776007Z drupal-1  | [drangler-e2e] installing drush (this is the slow step)
Docker E2E	UNKNOWN STEP	2026-10-04T10:38:37.7776875Z drupal-1  | [drangler-e2e] installing Drupal against db
Docker E2E	UNKNOWN STEP	2026-10-04T10:38:37.7777607Z drupal-1  |  You are about to:
Docker E2E	UNKNOWN STEP	2026-10-04T10:38:37.7778260Z drupal-1  |  * Create a sites/default/settings.php file
Docker E2E	UNKNOWN STEP	2026-10-04T10:38:37.7779042Z drupal-1  |  * DROP all tables in your 'drupal' database.
Docker E2E	UNKNOWN STEP	2026-10-04T10:38:37.7779770Z drupal-1  | 
Docker E2E	UNKNOWN STEP	2026-10-04T10:38:37.7780561Z drupal-1  |  // Do you want to continue?: yes.                                              
Docker E2E	UNKNOWN STEP	2026-10-04T10:38:37.7781262Z drupal-1  | 
Docker E2E	UNKNOWN STEP	2026-10-04T10:38:37.7781937Z drupal-1  |  [notice] Starting Drupal installation. This takes a while.
Docker E2E	UNKNOWN STEP	2026-10-04T10:38:37.7783536Z drupal-1  |  [notice] Performed install task: install_select_language
Docker E2E	UNKNOWN STEP	2026-10-04T10:38:37.7784158Z drupal-1  |  [notice] Performed install task: install_select_profile
Docker E2E	UNKNOWN STEP	2026-10-04T10:38:37.7784667Z drupal-1  |  [notice] Performed install task: install_load_profile
Docker E2E	UNKNOWN STEP	2026-10-04T10:38:37.7785214Z drupal-1  |  [notice] Performed install task: install_verify_requirements
Docker E2E	UNKNOWN STEP	2026-10-04T10:38:37.7785755Z drupal-1  |  [notice] Performed install task: install_settings_form
Docker E2E	UNKNOWN STEP	2026-10-04T10:38:37.7786295Z drupal-1  |  [notice] Performed install task: install_verify_database_ready
Docker E2E	UNKNOWN STEP	2026-10-04T10:38:37.7787107Z drupal-1  |  [notice] Performed install task: install_base_system
Docker E2E	UNKNOWN STEP	2026-10-04T10:38:37.7787604Z drupal-1  |  [notice] Performed install task: install_bootstrap_full
Docker E2E	UNKNOWN STEP	2026-10-04T10:38:37.7788115Z drupal-1  |  [notice] Performed install task: install_profile_modules
Docker E2E	UNKNOWN STEP	2026-10-04T10:38:37.7788615Z drupal-1  |  [notice] Performed install task: install_profile_themes
Docker E2E	UNKNOWN STEP	2026-10-04T10:38:37.7789113Z drupal-1  |  [notice] Performed install task: install_install_profile
Docker E2E	UNKNOWN STEP	2026-10-04T10:38:37.7789890Z drupal-1  |  [notice] Performed install task: install_configure_form
Docker E2E	UNKNOWN STEP	2026-10-04T10:38:37.7790507Z drupal-1  |  [notice] Performed install task: install_finished
Docker E2E	UNKNOWN STEP	2026-10-04T10:38:37.7790951Z drupal-1  |  [success] Installation complete. (Admin)
Docker E2E	UNKNOWN STEP	2026-10-04T10:38:37.7791312Z drupal-1  | [drangler-e2e] ready
Docker E2E	UNKNOWN STEP	2026-10-04T10:38:37.7792224Z drupal-1  | AH00558: apache2: Could not reliably determine the server's fully qualified domain name, using <ip>. Set the 'ServerName' directive globally to suppress this message
Docker E2E	UNKNOWN STEP	2026-10-04T10:38:37.7793589Z drupal-1  | AH00558: apache2: Could not reliably determine the server's fully qualified domain name, using <ip>. Set the 'ServerName' directive globally to suppress this message
Docker E2E	UNKNOWN STEP	2026-10-04T10:38:37.7794891Z drupal-1  | [Sun Oct 04 10:37:15.964859 2026] [mpm_prefork:notice] [pid 1:tid 1] AH00163: Apache/2.4.68 (Debian) PHP/8.5.11 configured -- resuming normal operations
Docker E2E	UNKNOWN STEP	2026-10-04T10:38:37.7795893Z drupal-1  | [Sun Oct 04 10:37:15.964891 2026] [core:notice] [pid 1:tid 1] AH00094: Command line: 'apache2 -D FOREGROUND'
Docker E2E	UNKNOWN STEP	2026-10-04T10:38:37.7796679Z drupal-1  | <ip> - - [04/Oct/2026:10:37:46 +0000] "GET / HTTP/1.1" 200 4755 "-" "node"
Docker E2E	UNKNOWN STEP	2026-10-04T10:38:37.7797343Z drupal-1  | <ip> - - [04/Oct/2026:10:37:47 +0000] "GET /user/login HTTP/1.1" 200 4488 "-" "node"
Docker E2E	UNKNOWN STEP	2026-10-04T10:38:37.7798397Z drupal-1  | <ip> - - [04/Oct/2026:10:37:47 +0000] "GET /sites/default/files/preview-probe.txt HTTP/1.1" 200 369 "-" "node"
Docker E2E	UNKNOWN STEP	2026-10-04T10:38:37.7799358Z drupal-1  | <ip> - - [04/Oct/2026:10:37:47 +0000] "GET /node/1 HTTP/1.1" 200 3871 "-" "node"
Docker E2E	UNKNOWN STEP	2026-10-04T10:38:37.7800851Z db-1      | 2026-10-04 10:36:59+00:00 [Note] [Entrypoint]: Entrypoint script for MariaDB Server 1:13.0.2+maria~ubu2604 started.
Docker E2E	UNKNOWN STEP	2026-10-04T10:38:37.7802636Z db-1      | 2026-10-04 10:36:59+00:00 [Warn] [Entrypoint]: /sys/fs/cgroup///memory.pressure not writable, functionality unavailable to MariaDB
Docker E2E	UNKNOWN STEP	2026-10-04T10:38:37.7804120Z db-1      | 2026-10-04 10:36:59+00:00 [Note] [Entrypoint]: Switching to dedicated user 'mysql'
Docker E2E	UNKNOWN STEP	2026-10-04T10:38:37.7805552Z db-1      | 2026-10-04 10:36:59+00:00 [Note] [Entrypoint]: Entrypoint script for MariaDB Server 1:13.0.2+maria~ubu2604 started.
Docker E2E	UNKNOWN STEP	2026-10-04T10:38:37.7806854Z db-1      | 2026-10-04 10:36:59+00:00 [Note] [Entrypoint]: Initializing database files
Docker E2E	UNKNOWN STEP	2026-10-04T10:38:37.7809097Z db-1      | 2026-10-04 10:36:59 0 [Warning] mariadbd: io_uring_queue_init() failed with EPERM: sysctl kernel.io_uring_disabled has the value 2, or 1 and the user of the process is not a member of sysctl kernel.io_uring_group. (see man 2 io_uring_setup).
Docker E2E	UNKNOWN STEP	2026-10-04T10:38:37.7811122Z db-1      | create_uring failed: falling back to libaio
Docker E2E	UNKNOWN STEP	2026-10-04T10:38:37.7812008Z db-1      | 2026-10-04 10:37:00+00:00 [Note] [Entrypoint]: Database files initialized
Docker E2E	UNKNOWN STEP	2026-10-04T10:38:37.7813081Z db-1      | 2026-10-04 10:37:00+00:00 [Note] [Entrypoint]: Starting temporary server
Docker E2E	UNKNOWN STEP	2026-10-04T10:38:37.7814103Z db-1      | 2026-10-04 10:37:00+00:00 [Note] [Entrypoint]: Waiting for server startup
Docker E2E	UNKNOWN STEP	2026-10-04T10:38:37.7816046Z db-1      | 2026-10-04 10:37:00 0 [Note] Starting MariaDB 13.0.2-MariaDB-ubu2604 source revision <hex> server_uid <id> as process 94
Docker E2E	UNKNOWN STEP	2026-10-04T10:38:37.7816995Z db-1      | 2026-10-04 10:37:00 0 [Note] InnoDB: Compressed tables use zlib 1.3.1
Docker E2E	UNKNOWN STEP	2026-10-04T10:38:37.7817563Z db-1      | 2026-10-04 10:37:00 0 [Note] InnoDB: Number of transaction pools: 1
Docker E2E	UNKNOWN STEP	2026-10-04T10:38:37.7818154Z db-1      | 2026-10-04 10:37:00 0 [Note] InnoDB: Using crc32 + pclmulqdq instructions
Docker E2E	UNKNOWN STEP	2026-10-04T10:38:37.7821106Z db-1      | 2026-10-04 10:37:00 0 [Warning] mariadbd: io_uring_queue_init() failed with EPERM: sysctl kernel.io_uring_disabled has the value 2, or 1 and the user of the process is not a member of sysctl kernel.io_uring_group. (see man 2 io_uring_setup).
Docker E2E	UNKNOWN STEP	2026-10-04T10:38:37.7822159Z db-1      | create_uring failed: falling back to libaio
Docker E2E	UNKNOWN STEP	2026-10-04T10:38:37.7822630Z db-1      | 2026-10-04 10:37:00 0 [Note] InnoDB: Using Linux native AIO
Docker E2E	UNKNOWN STEP	2026-10-04T10:38:37.7823306Z db-1      | 2026-10-04 10:37:00 0 [Note] InnoDB: innodb_buffer_pool_size_max=8388608m, innodb_buffer_pool_size=128m
Docker E2E	UNKNOWN STEP	2026-10-04T10:38:37.7823994Z db-1      | 2026-10-04 10:37:00 0 [Note] InnoDB: Completed initialization of buffer pool
Docker E2E	UNKNOWN STEP	2026-10-04T10:38:37.7824686Z db-1      | 2026-10-04 10:37:00 0 [Note] InnoDB: File system buffers for log disabled (block size=4096 bytes)
Docker E2E	UNKNOWN STEP	2026-10-04T10:38:37.7825306Z db-1      | 2026-10-04 10:37:00 0 [Note] InnoDB: End of log at LSN=45093
Docker E2E	UNKNOWN STEP	2026-10-04T10:38:37.7825814Z db-1      | 2026-10-04 10:37:00 0 [Note] InnoDB: Opened 3 undo tablespaces
Docker E2E	UNKNOWN STEP	2026-10-04T10:38:37.7826426Z db-1      | 2026-10-04 10:37:00 0 [Note] InnoDB: 128 rollback segments in 3 undo tablespaces are active.
Docker E2E	UNKNOWN STEP	2026-10-04T10:38:37.7827289Z db-1      | 2026-10-04 10:37:00 0 [Note] InnoDB: Setting file './ibtmp1' size to 12.000MiB. Physically writing the file full; Please wait ...
Docker E2E	UNKNOWN STEP	2026-10-04T10:38:37.7828044Z db-1      | 2026-10-04 10:37:00 0 [Note] InnoDB: File './ibtmp1' size is now 12.000MiB.
Docker E2E	UNKNOWN STEP	2026-10-04T10:38:37.7828648Z db-1      | 2026-10-04 10:37:00 0 [Note] InnoDB: log sequence number 45093; transaction id 14
Docker E2E	UNKNOWN STEP	2026-10-04T10:38:37.7829195Z db-1      | 2026-10-04 10:37:00 0 [Note] Plugin 'FEEDBACK' is disabled.
Docker E2E	UNKNOWN STEP	2026-10-04T10:38:37.7830013Z db-1      | 2026-10-04 10:37:00 0 [Note] Plugin 'wsrep-provider' is disabled.
Docker E2E	UNKNOWN STEP	2026-10-04T10:38:37.7830589Z db-1      | 2026-10-04 10:37:00 0 [Note] mariadbd: Event Scheduler: Loaded 0 events
Docker E2E	UNKNOWN STEP	2026-10-04T10:38:37.7831458Z db-1      | 2026-10-04 10:37:00 0 [Note] Replication not automatically started: --skip-slave-start was specified
Docker E2E	UNKNOWN STEP	2026-10-04T10:38:37.7832101Z db-1      | 2026-10-04 10:37:00 0 [Note] mariadbd: ready for connections.
Docker E2E	UNKNOWN STEP	2026-10-04T10:38:37.7832833Z db-1      | Version: '13.0.2-MariaDB-ubu2604'  socket: '/run/mysqld/mysqld.sock'  port: 0  mariadb.org binary distribution
Docker E2E	UNKNOWN STEP	2026-10-04T10:38:37.7833547Z db-1      | 2026-10-04 10:37:01+00:00 [Note] [Entrypoint]: Temporary server started.
Docker E2E	UNKNOWN STEP	2026-10-04T10:38:37.7834107Z db-1      | 2026-10-04 10:37:01+00:00 [Note] [Entrypoint]: Creating database drupal
Docker E2E	UNKNOWN STEP	2026-10-04T10:38:37.7834647Z db-1      | 2026-10-04 10:37:01+00:00 [Note] [Entrypoint]: Creating user drupal
Docker E2E	UNKNOWN STEP	2026-10-04T10:38:37.7835268Z db-1      | 2026-10-04 10:37:01+00:00 [Note] [Entrypoint]: Giving user drupal access to schema drupal
Docker E2E	UNKNOWN STEP	2026-10-04T10:38:37.7836077Z db-1      | 2026-10-04 10:37:01+00:00 [Note] [Entrypoint]: Securing system users (equivalent to running mysql_secure_installation)
Docker E2E	UNKNOWN STEP	2026-10-04T10:38:37.7836609Z db-1      | 
Docker E2E	UNKNOWN STEP	2026-10-04T10:38:37.7836999Z db-1      | 2026-10-04 10:37:01+00:00 [Note] [Entrypoint]: Stopping temporary server
Docker E2E	UNKNOWN STEP	2026-10-04T10:38:37.7837592Z db-1      | 2026-10-04 10:37:01 0 [Note] mariadbd (initiated by: unknown): Normal shutdown
Docker E2E	UNKNOWN STEP	2026-10-04T10:38:37.7838151Z db-1      | 2026-10-04 10:37:01 0 [Note] InnoDB: FTS optimize thread exiting.
Docker E2E	UNKNOWN STEP	2026-10-04T10:38:37.7838648Z db-1      | 2026-10-04 10:37:01 0 [Note] InnoDB: Starting shutdown...
Docker E2E	UNKNOWN STEP	2026-10-04T10:38:37.7839254Z db-1      | 2026-10-04 10:37:01 0 [Note] InnoDB: Dumping buffer pool(s) to /var/lib/mysql/ib_buffer_pool
Docker E2E	UNKNOWN STEP	2026-10-04T10:38:37.7840175Z db-1      | 2026-10-04 10:37:01 0 [Note] InnoDB: Buffer pool(s) dump completed at 261004 10:37:01
Docker E2E	UNKNOWN STEP	2026-10-04T10:38:37.7840838Z db-1      | 2026-10-04 10:37:01 0 [Note] InnoDB: Removed temporary tablespace data file: "./ibtmp1"
Docker E2E	UNKNOWN STEP	2026-10-04T10:38:37.7841539Z db-1      | 2026-10-04 10:37:01 0 [Note] Shutdown completed; log sequence number 45450; transaction id 15
Docker E2E	UNKNOWN STEP	2026-10-04T10:38:37.7842128Z db-1      | 2026-10-04 10:37:01 0 [Note] mariadbd: Shutdown complete
Docker E2E	UNKNOWN STEP	2026-10-04T10:38:37.7842792Z db-1      | 2026-10-04 10:37:01+00:00 [Note] [Entrypoint]: Temporary server stopped
Docker E2E	UNKNOWN STEP	2026-10-04T10:38:37.7843159Z db-1      | 
Docker E2E	UNKNOWN STEP	2026-10-04T10:38:37.7843632Z db-1      | 2026-10-04 10:37:01+00:00 [Note] [Entrypoint]: MariaDB init process done. Ready for start up.
Docker E2E	UNKNOWN STEP	2026-10-04T10:38:37.7844068Z db-1      | 
Docker E2E	UNKNOWN STEP	2026-10-04T10:38:37.7844941Z db-1      | 2026-10-04 10:37:01 0 [Note] Starting MariaDB 13.0.2-MariaDB-ubu2604 source revision <hex> server_uid <id> as process 1
Docker E2E	UNKNOWN STEP	2026-10-04T10:38:37.7845867Z db-1      | 2026-10-04 10:37:01 0 [Note] InnoDB: Compressed tables use zlib 1.3.1
Docker E2E	UNKNOWN STEP	2026-10-04T10:38:37.7846407Z db-1      | 2026-10-04 10:37:01 0 [Note] InnoDB: Number of transaction pools: 1
Docker E2E	UNKNOWN STEP	2026-10-04T10:38:37.7846960Z db-1      | 2026-10-04 10:37:01 0 [Note] InnoDB: Using crc32 + pclmulqdq instructions
Docker E2E	UNKNOWN STEP	2026-10-04T10:38:37.7848233Z db-1      | 2026-10-04 10:37:01 0 [Warning] mariadbd: io_uring_queue_init() failed with EPERM: sysctl kernel.io_uring_disabled has the value 2, or 1 and the user of the process is not a member of sysctl kernel.io_uring_group. (see man 2 io_uring_setup).
Docker E2E	UNKNOWN STEP	2026-10-04T10:38:37.7849547Z db-1      | create_uring failed: falling back to libaio
Docker E2E	UNKNOWN STEP	2026-10-04T10:38:37.7850440Z db-1      | 2026-10-04 10:37:01 0 [Note] InnoDB: Using Linux native AIO
Docker E2E	UNKNOWN STEP	2026-10-04T10:38:37.7851313Z db-1      | 2026-10-04 10:37:01 0 [Note] InnoDB: innodb_buffer_pool_size_max=8388608m, innodb_buffer_pool_size=128m
Docker E2E	UNKNOWN STEP	2026-10-04T10:38:37.7852237Z db-1      | 2026-10-04 10:37:01 0 [Note] InnoDB: Completed initialization of buffer pool
Docker E2E	UNKNOWN STEP	2026-10-04T10:38:37.7852927Z db-1      | 2026-10-04 10:37:01 0 [Note] InnoDB: File system buffers for log disabled (block size=4096 bytes)
Docker E2E	UNKNOWN STEP	2026-10-04T10:38:37.7853531Z db-1      | 2026-10-04 10:37:01 0 [Note] InnoDB: End of log at LSN=45450
Docker E2E	UNKNOWN STEP	2026-10-04T10:38:37.7854025Z db-1      | 2026-10-04 10:37:02 0 [Note] InnoDB: Opened 3 undo tablespaces
Docker E2E	UNKNOWN STEP	2026-10-04T10:38:37.7854789Z db-1      | 2026-10-04 10:37:02 0 [Note] InnoDB: 128 rollback segments in 3 undo tablespaces are active.
Docker E2E	UNKNOWN STEP	2026-10-04T10:38:37.7855656Z db-1      | 2026-10-04 10:37:02 0 [Note] InnoDB: Setting file './ibtmp1' size to 12.000MiB. Physically writing the file full; Please wait ...
Docker E2E	UNKNOWN STEP	2026-10-04T10:38:37.7856404Z db-1      | 2026-10-04 10:37:02 0 [Note] InnoDB: File './ibtmp1' size is now 12.000MiB.
Docker E2E	UNKNOWN STEP	2026-10-04T10:38:37.7857004Z db-1      | 2026-10-04 10:37:02 0 [Note] InnoDB: log sequence number 45450; transaction id 15
Docker E2E	UNKNOWN STEP	2026-10-04T10:38:37.7857544Z db-1      | 2026-10-04 10:37:02 0 [Note] Plugin 'FEEDBACK' is disabled.
Docker E2E	UNKNOWN STEP	2026-10-04T10:38:37.7858156Z db-1      | 2026-10-04 10:37:02 0 [Note] InnoDB: Loading buffer pool(s) from /var/lib/mysql/ib_buffer_pool
Docker E2E	UNKNOWN STEP	2026-10-04T10:38:37.7858776Z db-1      | 2026-10-04 10:37:02 0 [Note] Plugin 'wsrep-provider' is disabled.
Docker E2E	UNKNOWN STEP	2026-10-04T10:38:37.7859389Z db-1      | 2026-10-04 10:37:02 0 [Note] InnoDB: Buffer pool(s) load completed at 261004 10:37:02
Docker E2E	UNKNOWN STEP	2026-10-04T10:38:37.7860281Z db-1      | 2026-10-04 10:37:02 0 [Note] Server socket created on IP: '<ip>', port: '3306'.
Docker E2E	UNKNOWN STEP	2026-10-04T10:38:37.7860955Z db-1      | 2026-10-04 10:37:02 0 [Note] Server socket created on IP: '::', port: '3306'.
Docker E2E	UNKNOWN STEP	2026-10-04T10:38:37.7861536Z db-1      | 2026-10-04 10:37:02 0 [Note] mariadbd: Event Scheduler: Loaded 0 events
Docker E2E	UNKNOWN STEP	2026-10-04T10:38:37.7862058Z db-1      | 2026-10-04 10:37:02 0 [Note] mariadbd: ready for connections.
Docker E2E	UNKNOWN STEP	2026-10-04T10:38:37.7862793Z db-1      | Version: '13.0.2-MariaDB-ubu2604'  socket: '/run/mysqld/mysqld.sock'  port: 3306  mariadb.org binary distribution
Docker E2E	UNKNOWN STEP	2026-10-04T10:38:37.7888644Z ##[group]Run nproc
Docker E2E	UNKNOWN STEP	2026-10-04T10:38:37.7888914Z ^[[36;1mnproc^[[0m
Docker E2E	UNKNOWN STEP	2026-10-04T10:38:37.7889115Z ^[[36;1mfree -m^[[0m
Docker E2E	UNKNOWN STEP	2026-10-04T10:38:37.7889317Z ^[[36;1mdf -h / /tmp^[[0m
Docker E2E	UNKNOWN STEP	2026-10-04T10:38:37.7889561Z ^[[36;1mdocker stats --no-stream || true^[[0m
Docker E2E	UNKNOWN STEP	2026-10-04T10:38:37.7890143Z ^[[36;1mps aux --sort=-rss | head -15^[[0m
Docker E2E	UNKNOWN STEP	2026-10-04T10:38:37.7890428Z ^[[36;1msudo dmesg | tail -60 || true^[[0m
Docker E2E	UNKNOWN STEP	2026-10-04T10:38:37.7890810Z ^[[36;1msudo dmesg | grep -iE 'oom|killed process|segfault|sigbus|trap' || true^[[0m
Docker E2E	UNKNOWN STEP	2026-10-04T10:38:37.7953535Z shell: /usr/bin/bash -e {0}
Docker E2E	UNKNOWN STEP	2026-10-04T10:38:37.7953785Z env:
Docker E2E	UNKNOWN STEP	2026-10-04T10:38:37.7953971Z   REQUIRE_DOCKER: 1
Docker E2E	UNKNOWN STEP	2026-10-04T10:38:37.7954178Z   CC_FORK: false
Docker E2E	UNKNOWN STEP	2026-10-04T10:38:37.7954490Z   CC_TOKEN: ***
Docker E2E	UNKNOWN STEP	2026-10-04T10:38:37.7954688Z   CC_BRANCH: 
Docker E2E	UNKNOWN STEP	2026-10-04T10:38:37.7954874Z   CC_SHA: 
Docker E2E	UNKNOWN STEP	2026-10-04T10:38:37.7955048Z   CC_PR: 
Docker E2E	UNKNOWN STEP	2026-10-04T10:38:37.7955230Z ##[endgroup]
Docker E2E	UNKNOWN STEP	2026-10-04T10:38:37.8254335Z 4
Docker E2E	UNKNOWN STEP	2026-10-04T10:38:37.8273646Z                total        used        free      shared  buff/cache   available
Docker E2E	UNKNOWN STEP	2026-10-04T10:38:37.8274379Z Mem:           15989        1395        8316          88        6712       14594
Docker E2E	UNKNOWN STEP	2026-10-04T10:38:37.8275010Z Swap:           3071           0        3071
Docker E2E	UNKNOWN STEP	2026-10-04T10:38:37.8698608Z Filesystem      Size  Used Avail Use% Mounted on
Docker E2E	UNKNOWN STEP	2026-10-04T10:38:37.8699539Z /dev/root       145G   62G   83G  43% /
Docker E2E	UNKNOWN STEP	2026-10-04T10:38:37.8700609Z /dev/root       145G   62G   83G  43% /
Docker E2E	UNKNOWN STEP	2026-10-04T10:38:40.4037401Z CONTAINER ID   NAME              CPU %     MEM USAGE / LIMIT     MEM %     NET I/O           BLOCK I/O       PIDS
Docker E2E	UNKNOWN STEP	2026-10-04T10:38:40.4038489Z 46beee9739e1   docker-drupal-1   0.00%     96.72MiB / 15.61GiB   0.60%     42.2MB / 15.5MB   0B / 193MB      10
Docker E2E	UNKNOWN STEP	2026-10-04T10:38:40.4039460Z d0a9165eb43c   docker-db-1       0.01%     145.5MiB / 15.61GiB   0.91%     8.9MB / 15.2MB    6.09MB / 38MB   16
Docker E2E	UNKNOWN STEP	2026-10-04T10:38:40.4707739Z USER         PID %CPU %MEM    VSZ   RSS TTY      STAT START   TIME COMMAND
Docker E2E	UNKNOWN STEP	2026-10-04T10:38:40.4710061Z 999         3367  1.5  1.0 8591384260 178256 ?   Ssl  10:36   0:01 mariadbd --character-set-server=utf8mb4 --collation-server=utf8mb4_general_ci --sql-mode=STRICT_TRANS_TABLES,NO_ENGINE_SUBSTITUTION
Docker E2E	UNKNOWN STEP	2026-10-04T10:38:40.4711404Z runner      2140  2.3  0.8 274812280 147148 ?    Sl   10:34   0:05 /home/runner/actions-runner/cached/2.337.0/bin/Runner.Worker spawnclient 142 145
Docker E2E	UNKNOWN STEP	2026-10-04T10:38:40.4712251Z root        2087  7.6  0.8 1431384 136732 ?      Sl   10:34   0:19 /tmp/provjobd2739629247
Docker E2E	UNKNOWN STEP	2026-10-04T10:38:40.4713073Z root        1238 12.0  0.6 2537800 105200 ?      Ssl  10:34   0:31 /usr/bin/dockerd -H fd:// --containerd=/run/containerd/containerd.sock
Docker E2E	UNKNOWN STEP	2026-10-04T10:38:40.4714003Z runner      2119  0.5  0.5 274345312 97280 ?     Sl   10:34   0:01 /home/runner/actions-runner/cached/2.337.0/bin/Runner.Listener run
Docker E2E	UNKNOWN STEP	2026-10-04T10:38:40.4715364Z www-data    4494  0.9  0.4 233196 67300 ?        S    10:37   0:00 apache2 -DFOREGROUND
Docker E2E	UNKNOWN STEP	2026-10-04T10:38:40.4716437Z root        1097  0.2  0.3 1961560 51912 ?       Ssl  10:34   0:00 /usr/bin/containerd
Docker E2E	UNKNOWN STEP	2026-10-04T10:38:40.4717447Z www-data    4495  0.1  0.3 226304 51848 ?        S    10:37   0:00 apache2 -DFOREGROUND
Docker E2E	UNKNOWN STEP	2026-10-04T10:38:40.4718774Z root        1013  0.0  0.3 295288 51812 ?        Ss   10:34   0:00 php-fpm: master process (/etc/php/8.3/fpm/php-fpm.conf)
Docker E2E	UNKNOWN STEP	2026-10-04T10:38:40.4720407Z root         219  0.0  0.2 305388 43716 ?        SLsl 10:34   0:00 /sbin/multipathd -d -s
Docker E2E	UNKNOWN STEP	2026-10-04T10:38:40.4721495Z root        3617  0.0  0.2 223304 43408 ?        Ss   10:37   0:00 apache2 -DFOREGROUND
Docker E2E	UNKNOWN STEP	2026-10-04T10:38:40.4722977Z root        1435  0.3  0.2 454664 38024 ?        Sl   10:34   0:00 /usr/bin/python3 -u bin/WALinuxAgent-<ip>-py3.12.egg -run-exthandlers
Docker E2E	UNKNOWN STEP	2026-10-04T10:38:40.4724504Z root        1046  0.1  0.1  39488 30676 ?        Ss   10:34   0:00 /usr/bin/python3 -u /usr/sbin/waagent -daemon
Docker E2E	UNKNOWN STEP	2026-10-04T10:38:40.4725591Z www-data    1329  0.0  0.1 295892 21324 ?        S    10:34   0:00 php-fpm: pool www
Docker E2E	UNKNOWN STEP	2026-10-04T10:38:40.4819466Z [   10.925375] EXT4-fs (sda1): resized filesystem to 39059195
Docker E2E	UNKNOWN STEP	2026-10-04T10:38:40.4820573Z [   10.941613] ephemeral0: Can't lookup blockdev
Docker E2E	UNKNOWN STEP	2026-10-04T10:38:40.4821402Z [   10.988408] systemd-fstab-generator[969]: Checking was requested for "ephemeral0", but it is not a device.
Docker E2E	UNKNOWN STEP	2026-10-04T10:38:40.4822385Z [   10.988423] systemd-fstab-generator[969]: x-systemd.device-timeout ignored for ephemeral0
Docker E2E	UNKNOWN STEP	2026-10-04T10:38:40.4823135Z [   12.111514] ephemeral0: Can't lookup blockdev
Docker E2E	UNKNOWN STEP	2026-10-04T10:38:40.4823926Z [   12.331132] evm: overlay not supported
Docker E2E	UNKNOWN STEP	2026-10-04T10:38:40.4824883Z [   12.494698] kauditd_printk_skb: 113 callbacks suppressed
Docker E2E	UNKNOWN STEP	2026-10-04T10:38:40.4826970Z [   12.494701] audit: type=1400 audit(1791110057.170:124): apparmor="STATUS" operation="profile_replace" info="same as current profile, skipping" profile="unconfined" name="rsyslogd" pid=1132 comm="apparmor_parser"
Docker E2E	UNKNOWN STEP	2026-10-04T10:38:40.4828887Z [   12.771476] loop0: detected capacity change from 0 to 8
Docker E2E	UNKNOWN STEP	2026-10-04T10:38:40.4830232Z [   12.898810] Adding 3145724k swap on /swapfile.  Priority:-2 extents:109 across:59351036k 
Docker E2E	UNKNOWN STEP	2026-10-04T10:38:40.4832719Z [   12.991595] audit: type=1400 audit(1791110057.667:125): apparmor="STATUS" operation="profile_replace" info="same as current profile, skipping" profile="unconfined" name="/usr/lib/snapd/snap-confine" pid=1378 comm="apparmor_parser"
Docker E2E	UNKNOWN STEP	2026-10-04T10:38:40.4835589Z [   13.012174] systemd-journald[157]: /var/log/journal/<hex>/user-1001.journal: Journal file uses a different sequence number ID, rotating.
Docker E2E	UNKNOWN STEP	2026-10-04T10:38:40.4838049Z [   13.346123] audit: type=1400 audit(1791110058.021:126): apparmor="STATUS" operation="profile_load" profile="unconfined" name="docker-default" pid=1516 comm="apparmor_parser"
Docker E2E	UNKNOWN STEP	2026-10-04T10:38:40.4838948Z [   13.725041] Initializing XFRM netlink socket
Docker E2E	UNKNOWN STEP	2026-10-04T10:38:40.4840466Z [   13.886653] bridge: filtering via arp/ip/ip6tables is no longer available by default. Update your scripts to load br_netfilter if you need this.
Docker E2E	UNKNOWN STEP	2026-10-04T10:38:40.4841465Z [   14.217972] systemd-fstab-generator[1829]: Checking was requested for "ephemeral0", but it is not a device.
Docker E2E	UNKNOWN STEP	2026-10-04T10:38:40.4842253Z [   14.217985] systemd-fstab-generator[1829]: x-systemd.device-timeout ignored for ephemeral0
Docker E2E	UNKNOWN STEP	2026-10-04T10:38:40.4843073Z [   17.002257] workqueue: drm_fb_helper_damage_work hogged CPU for >10000us 11 times, consider switching to WQ_UNBOUND
Docker E2E	UNKNOWN STEP	2026-10-04T10:38:40.4843904Z [   25.744317] systemd-fstab-generator[1987]: Checking was requested for "ephemeral0", but it is not a device.
Docker E2E	UNKNOWN STEP	2026-10-04T10:38:40.4844665Z [   25.744331] systemd-fstab-generator[1987]: x-systemd.device-timeout ignored for ephemeral0
Docker E2E	UNKNOWN STEP	2026-10-04T10:38:40.4845438Z [   26.013412] systemd-fstab-generator[2053]: Checking was requested for "ephemeral0", but it is not a device.
Docker E2E	UNKNOWN STEP	2026-10-04T10:38:40.4846183Z [   26.013427] systemd-fstab-generator[2053]: x-systemd.device-timeout ignored for ephemeral0
Docker E2E	UNKNOWN STEP	2026-10-04T10:38:40.4846838Z [   32.272105] hv_netvsc <uuid> eth0: VF slot 1 added
Docker E2E	UNKNOWN STEP	2026-10-04T10:38:40.4847535Z [   32.273822] hv_pci <uuid>: PCI VMBus probing: Using version 0x10004
Docker E2E	UNKNOWN STEP	2026-10-04T10:38:40.4848230Z [   32.275512] hv_pci <uuid>: PCI host bridge to bus 97e8:00
Docker E2E	UNKNOWN STEP	2026-10-04T10:38:40.4848855Z [   32.275517] pci_bus 97e8:00: root bus resource [mem 0xfc0000000-0xfc00fffff window]
Docker E2E	UNKNOWN STEP	2026-10-04T10:38:40.4849464Z [   32.275524] pci_bus 97e8:00: No busn resource found for root bus, will use [bus 00-ff]
Docker E2E	UNKNOWN STEP	2026-10-04T10:38:40.4850326Z [   32.278405] pci 97e8:00:02.0: [15b3:1016] type 00 class 0x020000 PCIe Endpoint
Docker E2E	UNKNOWN STEP	2026-10-04T10:38:40.4850896Z [   32.283019] pci 97e8:00:02.0: BAR 0 [mem 0xfc0000000-0xfc00fffff 64bit pref]
Docker E2E	UNKNOWN STEP	2026-10-04T10:38:40.4851362Z [   32.283845] pci 97e8:00:02.0: enabling Extended Tags
Docker E2E	UNKNOWN STEP	2026-10-04T10:38:40.4852195Z [   32.292883] pci 97e8:00:02.0: 0.000 Gb/s available PCIe bandwidth, limited by Unknown x0 link at 97e8:00:02.0 (capable of 63.008 Gb/s with 8.0 GT/s PCIe x8 link)
Docker E2E	UNKNOWN STEP	2026-10-04T10:38:40.4852982Z [   32.299649] pci_bus 97e8:00: busn_res: [bus 00-ff] end is updated to 00
Docker E2E	UNKNOWN STEP	2026-10-04T10:38:40.4853749Z [   32.299660] pci 97e8:00:02.0: BAR 0 [mem 0xfc0000000-0xfc00fffff 64bit pref]: assigned
Docker E2E	UNKNOWN STEP	2026-10-04T10:38:40.4854304Z [   32.548660] mlx5_core 97e8:00:02.0: enabling device (0000 -> 0002)
Docker E2E	UNKNOWN STEP	2026-10-04T10:38:40.4854791Z [   32.551875] mlx5_core 97e8:00:02.0: firmware version: 14.30.5032
Docker E2E	UNKNOWN STEP	2026-10-04T10:38:40.4855417Z [   32.687754] mlx5_core 97e8:00:02.0: Flow counters bulk query buffer size increased, bulk_query_len(8)
Docker E2E	UNKNOWN STEP	2026-10-04T10:38:40.4856103Z [   32.766719] hv_netvsc <uuid> eth0: VF registering: eth1
Docker E2E	UNKNOWN STEP	2026-10-04T10:38:40.4856762Z [   32.766780] mlx5_core 97e8:00:02.0 eth1: joined to eth0
Docker E2E	UNKNOWN STEP	2026-10-04T10:38:40.4857333Z [   32.767348] mlx5_core 97e8:00:02.0: MLX5E: StrdRq(0) RqSz(1024) StrdSz(256) RxCqeCmprss(0 basic)
Docker E2E	UNKNOWN STEP	2026-10-04T10:38:40.4857892Z [   32.787345] mlx5_core 97e8:00:02.0 enP38888s1: renamed from eth1
Docker E2E	UNKNOWN STEP	2026-10-04T10:38:40.4858263Z [   32.823006] MACsec IEEE 802.1AE
Docker E2E	UNKNOWN STEP	2026-10-04T10:38:40.4858617Z [   32.929774] mlx5_core 97e8:00:02.0 enP38888s1: Link up
Docker E2E	UNKNOWN STEP	2026-10-04T10:38:40.4859241Z [   32.953504] hv_netvsc <uuid> eth0: Data path switched to VF: enP38888s1
Docker E2E	UNKNOWN STEP	2026-10-04T10:38:40.4860216Z [   32.953746] mlx5_core 97e8:00:02.0 mlx5_0: Port: 1 Link ACTIVE
Docker E2E	UNKNOWN STEP	2026-10-04T10:38:40.4861055Z [   47.462318] overlayfs: lowerdir is in-use as upperdir/workdir of another mount, accessing files from both mounts will result in undefined behavior.
Docker E2E	UNKNOWN STEP	2026-10-04T10:38:40.4861794Z [   49.331630] hv_balloon: Max. dynamic memory size: 16384 MB
Docker E2E	UNKNOWN STEP	2026-10-04T10:38:40.4862313Z [  174.698038] br-ca1e639592c3: port 1(veth9df6899) entered blocking state
Docker E2E	UNKNOWN STEP	2026-10-04T10:38:40.4862849Z [  174.698050] br-ca1e639592c3: port 1(veth9df6899) entered disabled state
Docker E2E	UNKNOWN STEP	2026-10-04T10:38:40.4863303Z [  174.698084] veth9df6899: entered allmulticast mode
Docker E2E	UNKNOWN STEP	2026-10-04T10:38:40.4863694Z [  174.698480] veth9df6899: entered promiscuous mode
Docker E2E	UNKNOWN STEP	2026-10-04T10:38:40.4864070Z [  174.727010] eth0: renamed from vetha51eb27
Docker E2E	UNKNOWN STEP	2026-10-04T10:38:40.4864522Z [  174.727721] br-ca1e639592c3: port 1(veth9df6899) entered blocking state
Docker E2E	UNKNOWN STEP	2026-10-04T10:38:40.4865062Z [  174.727727] br-ca1e639592c3: port 1(veth9df6899) entered forwarding state
Docker E2E	UNKNOWN STEP	2026-10-04T10:38:40.4865596Z [  178.481401] br-ca1e639592c3: port 2(veth989ccc7) entered blocking state
Docker E2E	UNKNOWN STEP	2026-10-04T10:38:40.4866118Z [  178.481409] br-ca1e639592c3: port 2(veth989ccc7) entered disabled state
Docker E2E	UNKNOWN STEP	2026-10-04T10:38:40.4866566Z [  178.481422] veth989ccc7: entered allmulticast mode
Docker E2E	UNKNOWN STEP	2026-10-04T10:38:40.4866949Z [  178.481586] veth989ccc7: entered promiscuous mode
Docker E2E	UNKNOWN STEP	2026-10-04T10:38:40.4867563Z [  178.505594] eth0: renamed from vethbb8b753
Docker E2E	UNKNOWN STEP	2026-10-04T10:38:40.4868425Z [  178.506206] br-ca1e639592c3: port 2(veth989ccc7) entered blocking state
Docker E2E	UNKNOWN STEP	2026-10-04T10:38:40.4869475Z [  178.506213] br-ca1e639592c3: port 2(veth989ccc7) entered forwarding state
Docker E2E	UNKNOWN STEP	2026-10-04T10:38:40.4959225Z ##[group]Run docker compose -f docker/compose.yml down -v --remove-orphans
Docker E2E	UNKNOWN STEP	2026-10-04T10:38:40.4960155Z ^[[36;1mdocker compose -f docker/compose.yml down -v --remove-orphans^[[0m
Docker E2E	UNKNOWN STEP	2026-10-04T10:38:40.5023180Z shell: /usr/bin/bash -e {0}
Docker E2E	UNKNOWN STEP	2026-10-04T10:38:40.5023452Z env:
Docker E2E	UNKNOWN STEP	2026-10-04T10:38:40.5023659Z   REQUIRE_DOCKER: 1
Docker E2E	UNKNOWN STEP	2026-10-04T10:38:40.5023896Z   CC_FORK: false
Docker E2E	UNKNOWN STEP	2026-10-04T10:38:40.5024248Z   CC_TOKEN: ***
Docker E2E	UNKNOWN STEP	2026-10-04T10:38:40.5024469Z   CC_BRANCH: 
Docker E2E	UNKNOWN STEP	2026-10-04T10:38:40.5024677Z   CC_SHA: 
Docker E2E	UNKNOWN STEP	2026-10-04T10:38:40.5024876Z   CC_PR: 
Docker E2E	UNKNOWN STEP	2026-10-04T10:38:40.5025079Z ##[endgroup]
Docker E2E	UNKNOWN STEP	2026-10-04T10:38:40.5795770Z  Container docker-drupal-1  Stopping
Docker E2E	UNKNOWN STEP	2026-10-04T10:38:41.8342204Z  Container docker-drupal-1  Stopped
Docker E2E	UNKNOWN STEP	2026-10-04T10:38:41.8342844Z  Container docker-drupal-1  Removing
Docker E2E	UNKNOWN STEP	2026-10-04T10:38:42.1300731Z  Container docker-drupal-1  Removed
Docker E2E	UNKNOWN STEP	2026-10-04T10:38:42.1301480Z  Container docker-db-1  Stopping
Docker E2E	UNKNOWN STEP	2026-10-04T10:38:42.2968570Z  Container docker-db-1  Stopped
Docker E2E	UNKNOWN STEP	2026-10-04T10:38:42.2969343Z  Container docker-db-1  Removing
Docker E2E	UNKNOWN STEP	2026-10-04T10:38:42.3433055Z  Container docker-db-1  Removed
Docker E2E	UNKNOWN STEP	2026-10-04T10:38:42.3438752Z  Network docker_default  Removing
Docker E2E	UNKNOWN STEP	2026-10-04T10:38:42.4316015Z  Network docker_default  Removed
Docker E2E	UNKNOWN STEP	2026-10-04T10:38:42.4455484Z Post job cleanup.
Docker E2E	UNKNOWN STEP	2026-10-04T10:38:42.5328930Z [command]/usr/bin/git version
Docker E2E	UNKNOWN STEP	2026-10-04T10:38:42.5377063Z git version 2.55.0
Docker E2E	UNKNOWN STEP	2026-10-04T10:38:42.5419841Z Copying '/home/runner/.gitconfig' to '/home/runner/work/_temp/<uuid>/.gitconfig'
Docker E2E	UNKNOWN STEP	2026-10-04T10:38:42.5430159Z Temporarily overriding HOME='/home/runner/work/_temp/<uuid>' before making global git config changes
Docker E2E	UNKNOWN STEP	2026-10-04T10:38:42.5431667Z Adding repository directory to the temporary git global config as a safe directory
Docker E2E	UNKNOWN STEP	2026-10-04T10:38:42.5436219Z [command]/usr/bin/git config --global --add safe.directory /home/runner/work/drangler/drangler
Docker E2E	UNKNOWN STEP	2026-10-04T10:38:42.5481697Z Removing SSH command configuration
Docker E2E	UNKNOWN STEP	2026-10-04T10:38:42.5488846Z [command]/usr/bin/git config --local --name-only --get-regexp core\.sshCommand
Docker E2E	UNKNOWN STEP	2026-10-04T10:38:42.5525471Z [command]/usr/bin/git submodule foreach --recursive sh -c "git config --local --name-only --get-regexp 'core\.sshCommand' && git config --local --unset-all 'core.sshCommand' || :"
Docker E2E	UNKNOWN STEP	2026-10-04T10:38:42.5776833Z Removing HTTP extra header
Docker E2E	UNKNOWN STEP	2026-10-04T10:38:42.5790895Z [command]/usr/bin/git config --local --name-only --get-regexp http\.https\:\/\/github\.com\/\.extraheader
Docker E2E	UNKNOWN STEP	2026-10-04T10:38:42.5826417Z [command]/usr/bin/git submodule foreach --recursive sh -c "git config --local --name-only --get-regexp 'http\.https\:\/\/github\.com\/\.extraheader' && git config --local --unset-all 'http.https://github.com/.extraheader' || :"
Docker E2E	UNKNOWN STEP	2026-10-04T10:38:42.6074627Z Removing includeIf entries pointing to credentials config files
Docker E2E	UNKNOWN STEP	2026-10-04T10:38:42.6081165Z [command]/usr/bin/git config --local --name-only --get-regexp ^includeIf\.gitdir:
Docker E2E	UNKNOWN STEP	2026-10-04T10:38:42.6144844Z includeif.gitdir:/home/runner/work/drangler/drangler/.git.path
Docker E2E	UNKNOWN STEP	2026-10-04T10:38:42.6155959Z includeif.gitdir:/home/runner/work/drangler/drangler/.git/worktrees/*.path
Docker E2E	UNKNOWN STEP	2026-10-04T10:38:42.6156986Z includeif.gitdir:/github/workspace/.git.path
Docker E2E	UNKNOWN STEP	2026-10-04T10:38:42.6157905Z includeif.gitdir:/github/workspace/.git/worktrees/*.path
Docker E2E	UNKNOWN STEP	2026-10-04T10:38:42.6160248Z [command]/usr/bin/git config --local --get-all includeif.gitdir:/home/runner/work/drangler/drangler/.git.path
Docker E2E	UNKNOWN STEP	2026-10-04T10:38:42.6177334Z /home/runner/work/_temp/git-credentials-<uuid>.config
Docker E2E	UNKNOWN STEP	2026-10-04T10:38:42.6191212Z [command]/usr/bin/git config --local --unset includeif.gitdir:/home/runner/work/drangler/drangler/.git.path \/home\/runner\/work\/_temp\/git\-credentials\-<uuid>\.config
Docker E2E	UNKNOWN STEP	2026-10-04T10:38:42.6232856Z [command]/usr/bin/git config --local --get-all includeif.gitdir:/home/runner/work/drangler/drangler/.git/worktrees/*.path
Docker E2E	UNKNOWN STEP	2026-10-04T10:38:42.6261870Z /home/runner/work/_temp/git-credentials-<uuid>.config
Docker E2E	UNKNOWN STEP	2026-10-04T10:38:42.6289106Z [command]/usr/bin/git config --local --unset includeif.gitdir:/home/runner/work/drangler/drangler/.git/worktrees/*.path \/home\/runner\/work\/_temp\/git\-credentials\-<uuid>\.config
Docker E2E	UNKNOWN STEP	2026-10-04T10:38:42.6318514Z [command]/usr/bin/git config --local --get-all includeif.gitdir:/github/workspace/.git.path
Docker E2E	UNKNOWN STEP	2026-10-04T10:38:42.6345117Z /github/runner_temp/git-credentials-<uuid>.config
Docker E2E	UNKNOWN STEP	2026-10-04T10:38:42.6353271Z [command]/usr/bin/git config --local --unset includeif.gitdir:/github/workspace/.git.path \/github\/runner_temp\/git\-credentials\-<uuid>\.config
Docker E2E	UNKNOWN STEP	2026-10-04T10:38:42.6393941Z [command]/usr/bin/git config --local --get-all includeif.gitdir:/github/workspace/.git/worktrees/*.path
Docker E2E	UNKNOWN STEP	2026-10-04T10:38:42.6419953Z /github/runner_temp/git-credentials-<uuid>.config
Docker E2E	UNKNOWN STEP	2026-10-04T10:38:42.6429314Z [command]/usr/bin/git config --local --unset includeif.gitdir:/github/workspace/.git/worktrees/*.path \/github\/runner_temp\/git\-credentials\-<uuid>\.config
Docker E2E	UNKNOWN STEP	2026-10-04T10:38:42.6467128Z [command]/usr/bin/git submodule foreach --recursive git config --local --show-origin --name-only --get-regexp remote.origin.url
Docker E2E	UNKNOWN STEP	2026-10-04T10:38:42.6686345Z Removing credentials config '/home/runner/work/_temp/git-credentials-<uuid>.config'
Docker E2E	UNKNOWN STEP	2026-10-04T10:38:42.6832043Z Cleaning up orphan processes
What the Diff Touches	UNKNOWN STEP	2026-10-04T10:34:33.2937566Z Current runner version: '2.337.0'
What the Diff Touches	UNKNOWN STEP	2026-10-04T10:34:33.2961815Z ##[group]Runner Image Provisioner
What the Diff Touches	UNKNOWN STEP	2026-10-04T10:34:33.2962834Z Hosted Compute Agent
What the Diff Touches	UNKNOWN STEP	2026-10-04T10:34:33.2963413Z Version: 20260901.588
What the Diff Touches	UNKNOWN STEP	2026-10-04T10:34:33.2963998Z Commit: <hex>
What the Diff Touches	UNKNOWN STEP	2026-10-04T10:34:33.2964703Z Build Date: 2026-09-01T19:56:44Z
What the Diff Touches	UNKNOWN STEP	2026-10-04T10:34:33.2965356Z Worker ID: {<uuid>}
What the Diff Touches	UNKNOWN STEP	2026-10-04T10:34:33.2966064Z Azure Region: centralus
What the Diff Touches	UNKNOWN STEP	2026-10-04T10:34:33.2966615Z ##[endgroup]
What the Diff Touches	UNKNOWN STEP	2026-10-04T10:34:33.2968401Z ##[group]Operating System
What the Diff Touches	UNKNOWN STEP	2026-10-04T10:34:33.2969059Z Ubuntu
What the Diff Touches	UNKNOWN STEP	2026-10-04T10:34:33.2969544Z 24.04.5
What the Diff Touches	UNKNOWN STEP	2026-10-04T10:34:33.2970044Z LTS
What the Diff Touches	UNKNOWN STEP	2026-10-04T10:34:33.2970552Z ##[endgroup]
What the Diff Touches	UNKNOWN STEP	2026-10-04T10:34:33.2971062Z ##[group]Runner Image
What the Diff Touches	UNKNOWN STEP	2026-10-04T10:34:33.2971780Z Image: ubuntu-24.04
What the Diff Touches	UNKNOWN STEP	2026-10-04T10:34:33.2972530Z Version: 20260927.320.1
What the Diff Touches	UNKNOWN STEP	2026-10-04T10:34:33.2973705Z Included Software: https://github.com/actions/runner-images/blob/ubuntu24/20260927.320/images/ubuntu/Ubuntu2404-Readme.md
What the Diff Touches	UNKNOWN STEP	2026-10-04T10:34:33.2975110Z Image Release: https://github.com/actions/runner-images/releases/tag/ubuntu24%2F20260927.320
What the Diff Touches	UNKNOWN STEP	2026-10-04T10:34:33.2976034Z ##[endgroup]
What the Diff Touches	UNKNOWN STEP	2026-10-04T10:34:33.2977135Z ##[group]GITHUB_TOKEN Permissions
What the Diff Touches	UNKNOWN STEP	2026-10-04T10:34:33.2979480Z Contents: read
What the Diff Touches	UNKNOWN STEP	2026-10-04T10:34:33.2980094Z Metadata: read
What the Diff Touches	UNKNOWN STEP	2026-10-04T10:34:33.2980608Z PullRequests: read
What the Diff Touches	UNKNOWN STEP	2026-10-04T10:34:33.2981188Z ##[endgroup]
What the Diff Touches	UNKNOWN STEP	2026-10-04T10:34:33.2983669Z Secret source: Actions
What the Diff Touches	UNKNOWN STEP	2026-10-04T10:34:33.2984621Z Cache mode: write
What the Diff Touches	UNKNOWN STEP	2026-10-04T10:34:33.2985532Z Prepare workflow directory
What the Diff Touches	UNKNOWN STEP	2026-10-04T10:34:33.3306695Z Prepare all required actions
What the Diff Touches	UNKNOWN STEP	2026-10-04T10:34:33.3355305Z Getting action download info
What the Diff Touches	UNKNOWN STEP	2026-10-04T10:34:33.6025983Z Download action repository 'actions/checkout@v7' (SHA:<hex>)
What the Diff Touches	UNKNOWN STEP	2026-10-04T10:34:33.6752350Z Download action repository 'dorny/paths-filter@v4' (SHA:<hex>)
What the Diff Touches	UNKNOWN STEP	2026-10-04T10:34:34.1269330Z Complete job name: What the Diff Touches
What the Diff Touches	UNKNOWN STEP	2026-10-04T10:34:34.1910346Z ##[group]Run actions/checkout@v7
What the Diff Touches	UNKNOWN STEP	2026-10-04T10:34:34.1911289Z with:
What the Diff Touches	UNKNOWN STEP	2026-10-04T10:34:34.1911764Z   fetch-depth: 0
What the Diff Touches	UNKNOWN STEP	2026-10-04T10:34:34.1912305Z   repository: <org>/drangler
What the Diff Touches	UNKNOWN STEP	2026-10-04T10:34:34.1916127Z   token: ***
What the Diff Touches	UNKNOWN STEP	2026-10-04T10:34:34.1916665Z   ssh-strict: true
What the Diff Touches	UNKNOWN STEP	2026-10-04T10:34:34.1917153Z   ssh-user: git
What the Diff Touches	UNKNOWN STEP	2026-10-04T10:34:34.1917773Z   persist-credentials: true
What the Diff Touches	UNKNOWN STEP	2026-10-04T10:34:34.1918318Z   clean: true
What the Diff Touches	UNKNOWN STEP	2026-10-04T10:34:34.1918810Z   sparse-checkout-cone-mode: true
What the Diff Touches	UNKNOWN STEP	2026-10-04T10:34:34.1919375Z   fetch-tags: false
What the Diff Touches	UNKNOWN STEP	2026-10-04T10:34:34.1919894Z   show-progress: true
What the Diff Touches	UNKNOWN STEP	2026-10-04T10:34:34.1920381Z   lfs: false
What the Diff Touches	UNKNOWN STEP	2026-10-04T10:34:34.1920837Z   submodules: false
What the Diff Touches	UNKNOWN STEP	2026-10-04T10:34:34.1921335Z   set-safe-directory: true
What the Diff Touches	UNKNOWN STEP	2026-10-04T10:34:34.1922097Z   allow-unsafe-pr-checkout: false
What the Diff Touches	UNKNOWN STEP	2026-10-04T10:34:34.1922997Z ##[endgroup]
What the Diff Touches	UNKNOWN STEP	2026-10-04T10:34:34.2951113Z Syncing repository: <org>/drangler
What the Diff Touches	UNKNOWN STEP	2026-10-04T10:34:34.2953378Z ##[group]Getting Git version info
What the Diff Touches	UNKNOWN STEP	2026-10-04T10:34:34.2954310Z Working directory is '/home/runner/work/drangler/drangler'
What the Diff Touches	UNKNOWN STEP	2026-10-04T10:34:34.2955407Z [command]/usr/bin/git version
What the Diff Touches	UNKNOWN STEP	2026-10-04T10:34:34.3018771Z git version 2.55.0
What the Diff Touches	UNKNOWN STEP	2026-10-04T10:34:34.3028491Z ##[endgroup]
What the Diff Touches	UNKNOWN STEP	2026-10-04T10:34:34.3041218Z Temporarily overriding HOME='/home/runner/work/_temp/<uuid>' before making global git config changes
What the Diff Touches	UNKNOWN STEP	2026-10-04T10:34:34.3043923Z Adding repository directory to the temporary git global config as a safe directory
What the Diff Touches	UNKNOWN STEP	2026-10-04T10:34:34.3046804Z [command]/usr/bin/git config --global --add safe.directory /home/runner/work/drangler/drangler
What the Diff Touches	UNKNOWN STEP	2026-10-04T10:34:34.3088897Z Deleting the contents of '/home/runner/work/drangler/drangler'
What the Diff Touches	UNKNOWN STEP	2026-10-04T10:34:34.3094182Z ##[group]Determining repository object format
What the Diff Touches	UNKNOWN STEP	2026-10-04T10:34:34.3096574Z ##[endgroup]
What the Diff Touches	UNKNOWN STEP	2026-10-04T10:34:34.3098238Z ##[group]Initializing the repository
What the Diff Touches	UNKNOWN STEP	2026-10-04T10:34:34.3099890Z [command]/usr/bin/git init /home/runner/work/drangler/drangler
What the Diff Touches	UNKNOWN STEP	2026-10-04T10:34:34.3192216Z hint: Using 'master' as the name for the initial branch. This default branch name
What the Diff Touches	UNKNOWN STEP	2026-10-04T10:34:34.3193922Z hint: will change to "main" in Git 3.0. To configure the initial branch name
What the Diff Touches	UNKNOWN STEP	2026-10-04T10:34:34.3198600Z hint: to use in all of your new repositories, which will suppress this warning,
What the Diff Touches	UNKNOWN STEP	2026-10-04T10:34:34.3200320Z hint: call:
What the Diff Touches	UNKNOWN STEP	2026-10-04T10:34:34.3201341Z hint:
What the Diff Touches	UNKNOWN STEP	2026-10-04T10:34:34.3202526Z hint: 	git config --global init.defaultBranch <name>
What the Diff Touches	UNKNOWN STEP	2026-10-04T10:34:34.3333513Z hint:
What the Diff Touches	UNKNOWN STEP	2026-10-04T10:34:34.3334957Z hint: Names commonly chosen instead of 'master' are 'main', 'trunk' and
What the Diff Touches	UNKNOWN STEP	2026-10-04T10:34:34.3336715Z hint: 'development'. The just-created branch can be renamed via this command:
What the Diff Touches	UNKNOWN STEP	2026-10-04T10:34:34.3338379Z hint:
What the Diff Touches	UNKNOWN STEP	2026-10-04T10:34:34.3339289Z hint: 	git branch -m <name>
What the Diff Touches	UNKNOWN STEP	2026-10-04T10:34:34.3340226Z hint:
What the Diff Touches	UNKNOWN STEP	2026-10-04T10:34:34.3341373Z hint: Disable this message with "git config set advice.defaultBranchName false"
What the Diff Touches	UNKNOWN STEP	2026-10-04T10:34:34.3343365Z Initialized empty Git repository in /home/runner/work/drangler/drangler/.git/
What the Diff Touches	UNKNOWN STEP	2026-10-04T10:34:34.3346664Z [command]/usr/bin/git remote add origin https://github.com/<org>/drangler
What the Diff Touches	UNKNOWN STEP	2026-10-04T10:34:34.3350279Z ##[endgroup]
What the Diff Touches	UNKNOWN STEP	2026-10-04T10:34:34.3351759Z ##[group]Disabling automatic garbage collection
What the Diff Touches	UNKNOWN STEP	2026-10-04T10:34:34.3353069Z [command]/usr/bin/git config --local gc.auto 0
What the Diff Touches	UNKNOWN STEP	2026-10-04T10:34:34.3355829Z ##[endgroup]
What the Diff Touches	UNKNOWN STEP	2026-10-04T10:34:34.3357274Z ##[group]Setting up auth
What the Diff Touches	UNKNOWN STEP	2026-10-04T10:34:34.3358467Z Removing SSH command configuration
What the Diff Touches	UNKNOWN STEP	2026-10-04T10:34:34.3359871Z [command]/usr/bin/git config --local --name-only --get-regexp core\.sshCommand
What the Diff Touches	UNKNOWN STEP	2026-10-04T10:34:34.3369439Z [command]/usr/bin/git submodule foreach --recursive sh -c "git config --local --name-only --get-regexp 'core\.sshCommand' && git config --local --unset-all 'core.sshCommand' || :"
What the Diff Touches	UNKNOWN STEP	2026-10-04T10:34:34.3766521Z Removing HTTP extra header
What the Diff Touches	UNKNOWN STEP	2026-10-04T10:34:34.3771761Z [command]/usr/bin/git config --local --name-only --get-regexp http\.https\:\/\/github\.com\/\.extraheader
What the Diff Touches	UNKNOWN STEP	2026-10-04T10:34:34.3834825Z [command]/usr/bin/git submodule foreach --recursive sh -c "git config --local --name-only --get-regexp 'http\.https\:\/\/github\.com\/\.extraheader' && git config --local --unset-all 'http.https://github.com/.extraheader' || :"
What the Diff Touches	UNKNOWN STEP	2026-10-04T10:34:34.4048305Z Removing includeIf entries pointing to credentials config files
What the Diff Touches	UNKNOWN STEP	2026-10-04T10:34:34.4049948Z [command]/usr/bin/git config --local --name-only --get-regexp ^includeIf\.gitdir:
What the Diff Touches	UNKNOWN STEP	2026-10-04T10:34:34.4074627Z [command]/usr/bin/git submodule foreach --recursive git config --local --show-origin --name-only --get-regexp remote.origin.url
What the Diff Touches	UNKNOWN STEP	2026-10-04T10:34:34.4256217Z [command]/usr/bin/git config --file /home/runner/work/_temp/git-credentials-<uuid>.config http.https://github.com/.extraheader AUTHORIZATION: basic ***
What the Diff Touches	UNKNOWN STEP	2026-10-04T10:34:34.4288660Z [command]/usr/bin/git config --local includeIf.gitdir:/home/runner/work/drangler/drangler/.git.path /home/runner/work/_temp/git-credentials-<uuid>.config
What the Diff Touches	UNKNOWN STEP	2026-10-04T10:34:34.4313817Z [command]/usr/bin/git config --local includeIf.gitdir:/home/runner/work/drangler/drangler/.git/worktrees/*.path /home/runner/work/_temp/git-credentials-<uuid>.config
What the Diff Touches	UNKNOWN STEP	2026-10-04T10:34:34.4342404Z [command]/usr/bin/git config --local includeIf.gitdir:/github/workspace/.git.path /github/runner_temp/git-credentials-<uuid>.config
What the Diff Touches	UNKNOWN STEP	2026-10-04T10:34:34.4368014Z [command]/usr/bin/git config --local includeIf.gitdir:/github/workspace/.git/worktrees/*.path /github/runner_temp/git-credentials-<uuid>.config
What the Diff Touches	UNKNOWN STEP	2026-10-04T10:34:34.4391162Z ##[endgroup]
What the Diff Touches	UNKNOWN STEP	2026-10-04T10:34:34.4392336Z ##[group]Fetching the repository
What the Diff Touches	UNKNOWN STEP	2026-10-04T10:34:34.4396439Z [command]/usr/bin/git -c protocol.version=2 fetch --no-tags --prune --no-recurse-submodules origin +refs/heads/*:refs/remotes/origin/* +refs/tags/*:refs/tags/*
What the Diff Touches	UNKNOWN STEP	2026-10-04T10:34:35.7568955Z From https://github.com/<org>/drangler
What the Diff Touches	UNKNOWN STEP	2026-10-04T10:34:35.7570530Z  * [new branch]        gh-pages         -> origin/gh-pages
What the Diff Touches	UNKNOWN STEP	2026-10-04T10:34:35.7571985Z  * [new branch]        master           -> origin/master
What the Diff Touches	UNKNOWN STEP	2026-10-04T10:34:35.7573626Z  * [new branch]        renovate/mariadb -> origin/renovate/mariadb
What the Diff Touches	UNKNOWN STEP	2026-10-04T10:34:35.7574834Z  * [new tag]           v0.1.0           -> v0.1.0
What the Diff Touches	UNKNOWN STEP	2026-10-04T10:34:35.7575980Z  * [new tag]           v0.2.0           -> v0.2.0
What the Diff Touches	UNKNOWN STEP	2026-10-04T10:34:35.7577136Z  * [new tag]           v0.3.0           -> v0.3.0
What the Diff Touches	UNKNOWN STEP	2026-10-04T10:34:35.7580075Z [command]/usr/bin/git branch --list --remote origin/master
What the Diff Touches	UNKNOWN STEP	2026-10-04T10:34:35.7602124Z   origin/master
What the Diff Touches	UNKNOWN STEP	2026-10-04T10:34:35.7631227Z [command]/usr/bin/git rev-parse refs/remotes/origin/master
What the Diff Touches	UNKNOWN STEP	2026-10-04T10:34:35.7632946Z df6dce4b00d66439e0c1258c862da36342a7488a
What the Diff Touches	UNKNOWN STEP	2026-10-04T10:34:35.7637175Z ##[endgroup]
What the Diff Touches	UNKNOWN STEP	2026-10-04T10:34:35.7638636Z ##[group]Determining the checkout info
What the Diff Touches	UNKNOWN STEP	2026-10-04T10:34:35.7640130Z ##[endgroup]
What the Diff Touches	UNKNOWN STEP	2026-10-04T10:34:35.7641114Z [command]/usr/bin/git sparse-checkout disable
What the Diff Touches	UNKNOWN STEP	2026-10-04T10:34:35.7686603Z [command]/usr/bin/git config --local --unset-all extensions.worktreeConfig
What the Diff Touches	UNKNOWN STEP	2026-10-04T10:34:35.7713682Z ##[group]Checking out the ref
What the Diff Touches	UNKNOWN STEP	2026-10-04T10:34:35.7719034Z [command]/usr/bin/git checkout --progress --force -B master refs/remotes/origin/master
What the Diff Touches	UNKNOWN STEP	2026-10-04T10:34:35.7892113Z Reset branch 'master'
What the Diff Touches	UNKNOWN STEP	2026-10-04T10:34:35.7897264Z branch 'master' set up to track 'origin/master'.
What the Diff Touches	UNKNOWN STEP	2026-10-04T10:34:35.7903494Z ##[endgroup]
What the Diff Touches	UNKNOWN STEP	2026-10-04T10:34:35.7941548Z [command]/usr/bin/git log -1 --format=%H
What the Diff Touches	UNKNOWN STEP	2026-10-04T10:34:35.7964506Z df6dce4b00d66439e0c1258c862da36342a7488a
What the Diff Touches	UNKNOWN STEP	2026-10-04T10:34:35.8339330Z Post job cleanup.
What the Diff Touches	UNKNOWN STEP	2026-10-04T10:34:35.9120641Z [command]/usr/bin/git version
What the Diff Touches	UNKNOWN STEP	2026-10-04T10:34:35.9165673Z git version 2.55.0
What the Diff Touches	UNKNOWN STEP	2026-10-04T10:34:35.9216156Z Temporarily overriding HOME='/home/runner/work/_temp/<uuid>' before making global git config changes
What the Diff Touches	UNKNOWN STEP	2026-10-04T10:34:35.9219324Z Adding repository directory to the temporary git global config as a safe directory
What the Diff Touches	UNKNOWN STEP	2026-10-04T10:34:35.9221752Z [command]/usr/bin/git config --global --add safe.directory /home/runner/work/drangler/drangler
What the Diff Touches	UNKNOWN STEP	2026-10-04T10:34:35.9252962Z Removing SSH command configuration
What the Diff Touches	UNKNOWN STEP	2026-10-04T10:34:35.9259954Z [command]/usr/bin/git config --local --name-only --get-regexp core\.sshCommand
What the Diff Touches	UNKNOWN STEP	2026-10-04T10:34:35.9292253Z [command]/usr/bin/git submodule foreach --recursive sh -c "git config --local --name-only --get-regexp 'core\.sshCommand' && git config --local --unset-all 'core.sshCommand' || :"
What the Diff Touches	UNKNOWN STEP	2026-10-04T10:34:35.9499865Z Removing HTTP extra header
What the Diff Touches	UNKNOWN STEP	2026-10-04T10:34:35.9506722Z [command]/usr/bin/git config --local --name-only --get-regexp http\.https\:\/\/github\.com\/\.extraheader
What the Diff Touches	UNKNOWN STEP	2026-10-04T10:34:35.9542040Z [command]/usr/bin/git submodule foreach --recursive sh -c "git config --local --name-only --get-regexp 'http\.https\:\/\/github\.com\/\.extraheader' && git config --local --unset-all 'http.https://github.com/.extraheader' || :"
What the Diff Touches	UNKNOWN STEP	2026-10-04T10:34:35.9732032Z Removing includeIf entries pointing to credentials config files
What the Diff Touches	UNKNOWN STEP	2026-10-04T10:34:35.9739335Z [command]/usr/bin/git config --local --name-only --get-regexp ^includeIf\.gitdir:
What the Diff Touches	UNKNOWN STEP	2026-10-04T10:34:35.9764289Z includeif.gitdir:/home/runner/work/drangler/drangler/.git.path
What the Diff Touches	UNKNOWN STEP	2026-10-04T10:34:35.9765758Z includeif.gitdir:/home/runner/work/drangler/drangler/.git/worktrees/*.path
What the Diff Touches	UNKNOWN STEP	2026-10-04T10:34:35.9767173Z includeif.gitdir:/github/workspace/.git.path
What the Diff Touches	UNKNOWN STEP	2026-10-04T10:34:35.9768803Z includeif.gitdir:/github/workspace/.git/worktrees/*.path
What the Diff Touches	UNKNOWN STEP	2026-10-04T10:34:35.9775050Z [command]/usr/bin/git config --local --get-all includeif.gitdir:/home/runner/work/drangler/drangler/.git.path
What the Diff Touches	UNKNOWN STEP	2026-10-04T10:34:35.9794063Z /home/runner/work/_temp/git-credentials-<uuid>.config
What the Diff Touches	UNKNOWN STEP	2026-10-04T10:34:35.9808487Z [command]/usr/bin/git config --local --unset includeif.gitdir:/home/runner/work/drangler/drangler/.git.path \/home\/runner\/work\/_temp\/git\-credentials\-<uuid>\.config
What the Diff Touches	UNKNOWN STEP	2026-10-04T10:34:35.9838592Z [command]/usr/bin/git config --local --get-all includeif.gitdir:/home/runner/work/drangler/drangler/.git/worktrees/*.path
What the Diff Touches	UNKNOWN STEP	2026-10-04T10:34:35.9862210Z /home/runner/work/_temp/git-credentials-<uuid>.config
What the Diff Touches	UNKNOWN STEP	2026-10-04T10:34:35.9873141Z [command]/usr/bin/git config --local --unset includeif.gitdir:/home/runner/work/drangler/drangler/.git/worktrees/*.path \/home\/runner\/work\/_temp\/git\-credentials\-<uuid>\.config
What the Diff Touches	UNKNOWN STEP	2026-10-04T10:34:35.9905289Z [command]/usr/bin/git config --local --get-all includeif.gitdir:/github/workspace/.git.path
What the Diff Touches	UNKNOWN STEP	2026-10-04T10:34:35.9939359Z /github/runner_temp/git-credentials-<uuid>.config
What the Diff Touches	UNKNOWN STEP	2026-10-04T10:34:35.9946721Z [command]/usr/bin/git config --local --unset includeif.gitdir:/github/workspace/.git.path \/github\/runner_temp\/git\-credentials\-<uuid>\.config
What the Diff Touches	UNKNOWN STEP	2026-10-04T10:34:35.9958562Z [command]/usr/bin/git config --local --get-all includeif.gitdir:/github/workspace/.git/worktrees/*.path
What the Diff Touches	UNKNOWN STEP	2026-10-04T10:34:35.9978187Z /github/runner_temp/git-credentials-<uuid>.config
What the Diff Touches	UNKNOWN STEP	2026-10-04T10:34:35.9985837Z [command]/usr/bin/git config --local --unset includeif.gitdir:/github/workspace/.git/worktrees/*.path \/github\/runner_temp\/git\-credentials\-<uuid>\.config
What the Diff Touches	UNKNOWN STEP	2026-10-04T10:34:36.0035622Z [command]/usr/bin/git submodule foreach --recursive git config --local --show-origin --name-only --get-regexp remote.origin.url
What the Diff Touches	UNKNOWN STEP	2026-10-04T10:34:36.0221500Z Removing credentials config '/home/runner/work/_temp/git-credentials-<uuid>.config'
What the Diff Touches	UNKNOWN STEP	2026-10-04T10:34:36.0356737Z Evaluate and set job outputs
What the Diff Touches	UNKNOWN STEP	2026-10-04T10:34:36.0365901Z Cleaning up orphan processes
Real Worker	UNKNOWN STEP	2026-10-04T10:34:33.8757242Z Current runner version: '2.337.0'
Real Worker	UNKNOWN STEP	2026-10-04T10:34:33.8777645Z ##[group]Runner Image Provisioner
Real Worker	UNKNOWN STEP	2026-10-04T10:34:33.8778420Z Hosted Compute Agent
Real Worker	UNKNOWN STEP	2026-10-04T10:34:33.8778910Z Version: 20260901.588
Real Worker	UNKNOWN STEP	2026-10-04T10:34:33.8779498Z Commit: <hex>
Real Worker	UNKNOWN STEP	2026-10-04T10:34:33.8780129Z Build Date: 2026-09-01T19:56:44Z
Real Worker	UNKNOWN STEP	2026-10-04T10:34:33.8781017Z Worker ID: {<uuid>}
Real Worker	UNKNOWN STEP	2026-10-04T10:34:33.8781639Z Azure Region: westus3
Real Worker	UNKNOWN STEP	2026-10-04T10:34:33.8782113Z ##[endgroup]
Real Worker	UNKNOWN STEP	2026-10-04T10:34:33.8783350Z ##[group]Operating System
Real Worker	UNKNOWN STEP	2026-10-04T10:34:33.8784044Z Ubuntu
Real Worker	UNKNOWN STEP	2026-10-04T10:34:33.8784474Z 24.04.5
Real Worker	UNKNOWN STEP	2026-10-04T10:34:33.8784924Z LTS
Real Worker	UNKNOWN STEP	2026-10-04T10:34:33.8785360Z ##[endgroup]
Real Worker	UNKNOWN STEP	2026-10-04T10:34:33.8785831Z ##[group]Runner Image
Real Worker	UNKNOWN STEP	2026-10-04T10:34:33.8786397Z Image: ubuntu-24.04
Real Worker	UNKNOWN STEP	2026-10-04T10:34:33.8786857Z Version: 20260927.320.1
Real Worker	UNKNOWN STEP	2026-10-04T10:34:33.8787915Z Included Software: https://github.com/actions/runner-images/blob/ubuntu24/20260927.320/images/ubuntu/Ubuntu2404-Readme.md
Real Worker	UNKNOWN STEP	2026-10-04T10:34:33.8789121Z Image Release: https://github.com/actions/runner-images/releases/tag/ubuntu24%2F20260927.320
Real Worker	UNKNOWN STEP	2026-10-04T10:34:33.8789999Z ##[endgroup]
Real Worker	UNKNOWN STEP	2026-10-04T10:34:33.8791424Z ##[group]GITHUB_TOKEN Permissions
Real Worker	UNKNOWN STEP	2026-10-04T10:34:33.8793048Z Contents: read
Real Worker	UNKNOWN STEP	2026-10-04T10:34:33.8793532Z Metadata: read
Real Worker	UNKNOWN STEP	2026-10-04T10:34:33.8794086Z ##[endgroup]
Real Worker	UNKNOWN STEP	2026-10-04T10:34:33.8795777Z Secret source: Actions
Real Worker	UNKNOWN STEP	2026-10-04T10:34:33.8796608Z Cache mode: write
Real Worker	UNKNOWN STEP	2026-10-04T10:34:33.8797187Z Prepare workflow directory
Real Worker	UNKNOWN STEP	2026-10-04T10:34:33.9103421Z Prepare all required actions
Real Worker	UNKNOWN STEP	2026-10-04T10:34:33.9147094Z Getting action download info
Real Worker	UNKNOWN STEP	2026-10-04T10:34:34.2214065Z Download action repository 'actions/checkout@v7' (SHA:<hex>)
Real Worker	UNKNOWN STEP	2026-10-04T10:34:34.3111329Z Download action repository 'oven-sh/setup-bun@v2' (SHA:<hex>)
Real Worker	UNKNOWN STEP	2026-10-04T10:34:34.9986187Z Complete job name: Real Worker
Real Worker	UNKNOWN STEP	2026-10-04T10:34:35.0606019Z ##[group]Run actions/checkout@v7
Real Worker	UNKNOWN STEP	2026-10-04T10:34:35.0606802Z with:
Real Worker	UNKNOWN STEP	2026-10-04T10:34:35.0607215Z   repository: <org>/drangler
Real Worker	UNKNOWN STEP	2026-10-04T10:34:35.0610613Z   token: ***
Real Worker	UNKNOWN STEP	2026-10-04T10:34:35.0611004Z   ssh-strict: true
Real Worker	UNKNOWN STEP	2026-10-04T10:34:35.0611389Z   ssh-user: git
Real Worker	UNKNOWN STEP	2026-10-04T10:34:35.0611779Z   persist-credentials: true
Real Worker	UNKNOWN STEP	2026-10-04T10:34:35.0612201Z   clean: true
Real Worker	UNKNOWN STEP	2026-10-04T10:34:35.0612585Z   sparse-checkout-cone-mode: true
Real Worker	UNKNOWN STEP	2026-10-04T10:34:35.0613028Z   fetch-depth: 1
Real Worker	UNKNOWN STEP	2026-10-04T10:34:35.0613392Z   fetch-tags: false
Real Worker	UNKNOWN STEP	2026-10-04T10:34:35.0613779Z   show-progress: true
Real Worker	UNKNOWN STEP	2026-10-04T10:34:35.0614164Z   lfs: false
Real Worker	UNKNOWN STEP	2026-10-04T10:34:35.0614525Z   submodules: false
Real Worker	UNKNOWN STEP	2026-10-04T10:34:35.0614921Z   set-safe-directory: true
Real Worker	UNKNOWN STEP	2026-10-04T10:34:35.0615357Z   allow-unsafe-pr-checkout: false
Real Worker	UNKNOWN STEP	2026-10-04T10:34:35.0616135Z env:
Real Worker	UNKNOWN STEP	2026-10-04T10:34:35.0616486Z   REQUIRE_CLONE: 1
Real Worker	UNKNOWN STEP	2026-10-04T10:34:35.0616865Z   REQUIRE_WORKER: 1
Real Worker	UNKNOWN STEP	2026-10-04T10:34:35.0617239Z ##[endgroup]
Real Worker	UNKNOWN STEP	2026-10-04T10:34:35.1451657Z Syncing repository: <org>/drangler
Real Worker	UNKNOWN STEP	2026-10-04T10:34:35.1453857Z ##[group]Getting Git version info
Real Worker	UNKNOWN STEP	2026-10-04T10:34:35.1454846Z Working directory is '/home/runner/work/drangler/drangler'
Real Worker	UNKNOWN STEP	2026-10-04T10:34:35.1456354Z [command]/usr/bin/git version
Real Worker	UNKNOWN STEP	2026-10-04T10:34:35.1510396Z git version 2.55.0
Real Worker	UNKNOWN STEP	2026-10-04T10:34:35.1528154Z ##[endgroup]
Real Worker	UNKNOWN STEP	2026-10-04T10:34:35.1548310Z Temporarily overriding HOME='/home/runner/work/_temp/<uuid>' before making global git config changes
Real Worker	UNKNOWN STEP	2026-10-04T10:34:35.1549882Z Adding repository directory to the temporary git global config as a safe directory
Real Worker	UNKNOWN STEP	2026-10-04T10:34:35.1550984Z [command]/usr/bin/git config --global --add safe.directory /home/runner/work/drangler/drangler
Real Worker	UNKNOWN STEP	2026-10-04T10:34:35.1743077Z Deleting the contents of '/home/runner/work/drangler/drangler'
Real Worker	UNKNOWN STEP	2026-10-04T10:34:35.1752131Z ##[group]Determining repository object format
Real Worker	UNKNOWN STEP	2026-10-04T10:34:35.1753614Z ##[endgroup]
Real Worker	UNKNOWN STEP	2026-10-04T10:34:35.1754792Z ##[group]Initializing the repository
Real Worker	UNKNOWN STEP	2026-10-04T10:34:35.1756027Z [command]/usr/bin/git init /home/runner/work/drangler/drangler
Real Worker	UNKNOWN STEP	2026-10-04T10:34:35.1883108Z hint: Using 'master' as the name for the initial branch. This default branch name
Real Worker	UNKNOWN STEP	2026-10-04T10:34:35.1884669Z hint: will change to "main" in Git 3.0. To configure the initial branch name
Real Worker	UNKNOWN STEP	2026-10-04T10:34:35.1886276Z hint: to use in all of your new repositories, which will suppress this warning,
Real Worker	UNKNOWN STEP	2026-10-04T10:34:35.1887305Z hint: call:
Real Worker	UNKNOWN STEP	2026-10-04T10:34:35.1887661Z hint:
Real Worker	UNKNOWN STEP	2026-10-04T10:34:35.1888143Z hint: 	git config --global init.defaultBranch <name>
Real Worker	UNKNOWN STEP	2026-10-04T10:34:35.1888684Z hint:
Real Worker	UNKNOWN STEP	2026-10-04T10:34:35.1889178Z hint: Names commonly chosen instead of 'master' are 'main', 'trunk' and
Real Worker	UNKNOWN STEP	2026-10-04T10:34:35.1889952Z hint: 'development'. The just-created branch can be renamed via this command:
Real Worker	UNKNOWN STEP	2026-10-04T10:34:35.1891121Z hint:
Real Worker	UNKNOWN STEP	2026-10-04T10:34:35.1891691Z hint: 	git branch -m <name>
Real Worker	UNKNOWN STEP	2026-10-04T10:34:35.1892349Z hint:
Real Worker	UNKNOWN STEP	2026-10-04T10:34:35.1893310Z hint: Disable this message with "git config set advice.defaultBranchName false"
Real Worker	UNKNOWN STEP	2026-10-04T10:34:35.1894184Z Initialized empty Git repository in /home/runner/work/drangler/drangler/.git/
Real Worker	UNKNOWN STEP	2026-10-04T10:34:35.1896411Z [command]/usr/bin/git remote add origin https://github.com/<org>/drangler
Real Worker	UNKNOWN STEP	2026-10-04T10:34:35.1953126Z ##[endgroup]
Real Worker	UNKNOWN STEP	2026-10-04T10:34:35.1953906Z ##[group]Disabling automatic garbage collection
Real Worker	UNKNOWN STEP	2026-10-04T10:34:35.1956379Z [command]/usr/bin/git config --local gc.auto 0
Real Worker	UNKNOWN STEP	2026-10-04T10:34:35.1992194Z ##[endgroup]
Real Worker	UNKNOWN STEP	2026-10-04T10:34:35.1993149Z ##[group]Setting up auth
Real Worker	UNKNOWN STEP	2026-10-04T10:34:35.1993643Z Removing SSH command configuration
Real Worker	UNKNOWN STEP	2026-10-04T10:34:35.1997776Z [command]/usr/bin/git config --local --name-only --get-regexp core\.sshCommand
Real Worker	UNKNOWN STEP	2026-10-04T10:34:35.2039051Z [command]/usr/bin/git submodule foreach --recursive sh -c "git config --local --name-only --get-regexp 'core\.sshCommand' && git config --local --unset-all 'core.sshCommand' || :"
Real Worker	UNKNOWN STEP	2026-10-04T10:34:35.2379164Z Removing HTTP extra header
Real Worker	UNKNOWN STEP	2026-10-04T10:34:35.2384151Z [command]/usr/bin/git config --local --name-only --get-regexp http\.https\:\/\/github\.com\/\.extraheader
Real Worker	UNKNOWN STEP	2026-10-04T10:34:35.2415189Z [command]/usr/bin/git submodule foreach --recursive sh -c "git config --local --name-only --get-regexp 'http\.https\:\/\/github\.com\/\.extraheader' && git config --local --unset-all 'http.https://github.com/.extraheader' || :"
Real Worker	UNKNOWN STEP	2026-10-04T10:34:35.2603741Z Removing includeIf entries pointing to credentials config files
Real Worker	UNKNOWN STEP	2026-10-04T10:34:35.2608045Z [command]/usr/bin/git config --local --name-only --get-regexp ^includeIf\.gitdir:
Real Worker	UNKNOWN STEP	2026-10-04T10:34:35.2639941Z [command]/usr/bin/git submodule foreach --recursive git config --local --show-origin --name-only --get-regexp remote.origin.url
Real Worker	UNKNOWN STEP	2026-10-04T10:34:35.2843508Z [command]/usr/bin/git config --file /home/runner/work/_temp/git-credentials-<uuid>.config http.https://github.com/.extraheader AUTHORIZATION: basic ***
Real Worker	UNKNOWN STEP	2026-10-04T10:34:35.2879637Z [command]/usr/bin/git config --local includeIf.gitdir:/home/runner/work/drangler/drangler/.git.path /home/runner/work/_temp/git-credentials-<uuid>.config
Real Worker	UNKNOWN STEP	2026-10-04T10:34:35.2911341Z [command]/usr/bin/git config --local includeIf.gitdir:/home/runner/work/drangler/drangler/.git/worktrees/*.path /home/runner/work/_temp/git-credentials-<uuid>.config
Real Worker	UNKNOWN STEP	2026-10-04T10:34:35.2945362Z [command]/usr/bin/git config --local includeIf.gitdir:/github/workspace/.git.path /github/runner_temp/git-credentials-<uuid>.config
Real Worker	UNKNOWN STEP	2026-10-04T10:34:35.2976673Z [command]/usr/bin/git config --local includeIf.gitdir:/github/workspace/.git/worktrees/*.path /github/runner_temp/git-credentials-<uuid>.config
Real Worker	UNKNOWN STEP	2026-10-04T10:34:35.3008146Z ##[endgroup]
Real Worker	UNKNOWN STEP	2026-10-04T10:34:35.3009021Z ##[group]Fetching the repository
Real Worker	UNKNOWN STEP	2026-10-04T10:34:35.3010763Z [command]/usr/bin/git -c protocol.version=2 fetch --no-tags --prune --no-recurse-submodules --depth=1 origin +df6dce4b00d66439e0c1258c862da36342a7488a:refs/remotes/origin/master
Real Worker	UNKNOWN STEP	2026-10-04T10:34:36.1186421Z From https://github.com/<org>/drangler
Real Worker	UNKNOWN STEP	2026-10-04T10:34:36.1187928Z  * [new ref]         df6dce4b00d66439e0c1258c862da36342a7488a -> origin/master
Real Worker	UNKNOWN STEP	2026-10-04T10:34:36.1195481Z [command]/usr/bin/git branch --list --remote origin/master
Real Worker	UNKNOWN STEP	2026-10-04T10:34:36.1221822Z   origin/master
Real Worker	UNKNOWN STEP	2026-10-04T10:34:36.1228315Z [command]/usr/bin/git rev-parse refs/remotes/origin/master
Real Worker	UNKNOWN STEP	2026-10-04T10:34:36.1251670Z df6dce4b00d66439e0c1258c862da36342a7488a
Real Worker	UNKNOWN STEP	2026-10-04T10:34:36.1255482Z ##[endgroup]
Real Worker	UNKNOWN STEP	2026-10-04T10:34:36.1256605Z ##[group]Determining the checkout info
Real Worker	UNKNOWN STEP	2026-10-04T10:34:36.1257876Z ##[endgroup]
Real Worker	UNKNOWN STEP	2026-10-04T10:34:36.1259291Z [command]/usr/bin/git sparse-checkout disable
Real Worker	UNKNOWN STEP	2026-10-04T10:34:36.1307874Z [command]/usr/bin/git config --local --unset-all extensions.worktreeConfig
Real Worker	UNKNOWN STEP	2026-10-04T10:34:36.1337155Z ##[group]Checking out the ref
Real Worker	UNKNOWN STEP	2026-10-04T10:34:36.1339638Z [command]/usr/bin/git checkout --progress --force -B master refs/remotes/origin/master
Real Worker	UNKNOWN STEP	2026-10-04T10:34:36.1502351Z Reset branch 'master'
Real Worker	UNKNOWN STEP	2026-10-04T10:34:36.1506885Z branch 'master' set up to track 'origin/master'.
Real Worker	UNKNOWN STEP	2026-10-04T10:34:36.1513898Z ##[endgroup]
Real Worker	UNKNOWN STEP	2026-10-04T10:34:36.1555676Z [command]/usr/bin/git log -1 --format=%H
Real Worker	UNKNOWN STEP	2026-10-04T10:34:36.1582163Z df6dce4b00d66439e0c1258c862da36342a7488a
Real Worker	UNKNOWN STEP	2026-10-04T10:34:36.1882647Z ##[group]Run oven-sh/setup-bun@v2
Real Worker	UNKNOWN STEP	2026-10-04T10:34:36.1883599Z with:
Real Worker	UNKNOWN STEP	2026-10-04T10:34:36.1884304Z   bun-version: latest
Real Worker	UNKNOWN STEP	2026-10-04T10:34:36.1885092Z   no-cache: false
Real Worker	UNKNOWN STEP	2026-10-04T10:34:36.1892281Z   token: ***
Real Worker	UNKNOWN STEP	2026-10-04T10:34:36.1892979Z env:
Real Worker	UNKNOWN STEP	2026-10-04T10:34:36.1893648Z   REQUIRE_CLONE: 1
Real Worker	UNKNOWN STEP	2026-10-04T10:34:36.1894393Z   REQUIRE_WORKER: 1
Real Worker	UNKNOWN STEP	2026-10-04T10:34:36.1895123Z ##[endgroup]
Real Worker	UNKNOWN STEP	2026-10-04T10:34:36.7413008Z Downloading a new version of Bun: https://github.com/oven-sh/bun/releases/download/bun-v1.4.2/bun-linux-x64.zip
Real Worker	UNKNOWN STEP	2026-10-04T10:34:37.1484130Z [command]/usr/bin/unzip -o -q /home/runner/work/_temp/<uuid>.zip
Real Worker	UNKNOWN STEP	2026-10-04T10:34:37.6735553Z [command]/home/runner/.bun/bin/bun --revision
Real Worker	UNKNOWN STEP	2026-10-04T10:34:37.6779843Z 1.4.2+744846f84
Real Worker	UNKNOWN STEP	2026-10-04T10:34:37.6939547Z ##[group]Run bun install --frozen-lockfile
Real Worker	UNKNOWN STEP	2026-10-04T10:34:37.6939903Z ^[[36;1mbun install --frozen-lockfile^[[0m
Real Worker	UNKNOWN STEP	2026-10-04T10:34:37.7162130Z shell: /usr/bin/bash -e {0}
Real Worker	UNKNOWN STEP	2026-10-04T10:34:37.7162399Z env:
Real Worker	UNKNOWN STEP	2026-10-04T10:34:37.7162572Z   REQUIRE_CLONE: 1
Real Worker	UNKNOWN STEP	2026-10-04T10:34:37.7162743Z   REQUIRE_WORKER: 1
Real Worker	UNKNOWN STEP	2026-10-04T10:34:37.7162916Z ##[endgroup]
Real Worker	UNKNOWN STEP	2026-10-04T10:34:37.7336352Z bun install v1.4.2 (744846f84)
Real Worker	UNKNOWN STEP	2026-10-04T10:34:38.7461983Z 
Real Worker	UNKNOWN STEP	2026-10-04T10:34:38.7462667Z $ husky
Real Worker	UNKNOWN STEP	2026-10-04T10:34:38.7830614Z 
Real Worker	UNKNOWN STEP	2026-10-04T10:34:38.7831318Z + @cloudflare/workers-types@5.20260815.1
Real Worker	UNKNOWN STEP	2026-10-04T10:34:38.7854431Z + @types/node@26.2.0
Real Worker	UNKNOWN STEP	2026-10-04T10:34:38.7854984Z + @vitest/coverage-v8@4.1.10
Real Worker	UNKNOWN STEP	2026-10-04T10:34:38.7855298Z + husky@9.1.7
Real Worker	UNKNOWN STEP	2026-10-04T10:34:38.7855557Z + lint-staged@17.3.0
Real Worker	UNKNOWN STEP	2026-10-04T10:34:38.7855838Z + prettier@3.9.6
Real Worker	UNKNOWN STEP	2026-10-04T10:34:38.7856151Z + prettier-plugin-organize-imports@4.3.0
Real Worker	UNKNOWN STEP	2026-10-04T10:34:38.7856558Z + prettier-plugin-sh@0.20.2
Real Worker	UNKNOWN STEP	2026-10-04T10:34:38.7856868Z + typedoc@0.28.20
Real Worker	UNKNOWN STEP	2026-10-04T10:34:38.7857216Z + typescript@5.9.3
Real Worker	UNKNOWN STEP	2026-10-04T10:34:38.7857492Z + vitest@4.1.10
Real Worker	UNKNOWN STEP	2026-10-04T10:34:38.7857734Z + wrangler@4.146.0
Real Worker	UNKNOWN STEP	2026-10-04T10:34:38.7857998Z + <private-pkg>@0.2.0
Real Worker	UNKNOWN STEP	2026-10-04T10:34:38.7858318Z + @napi-rs/keyring@2.1.0
Real Worker	UNKNOWN STEP	2026-10-04T10:34:38.7858647Z + commander@15.0.0
Real Worker	UNKNOWN STEP	2026-10-04T10:34:38.7858843Z 
Real Worker	UNKNOWN STEP	2026-10-04T10:34:38.7858993Z 137 packages installed [1049.00ms]
Real Worker	UNKNOWN STEP	2026-10-04T10:34:38.7893592Z ##[group]Run bunx vitest run --project=e2e tests/e2e/heal-real.spec.ts tests/e2e/heal.spec.ts
Real Worker	UNKNOWN STEP	2026-10-04T10:34:38.7894210Z ^[[36;1mbunx vitest run --project=e2e tests/e2e/heal-real.spec.ts tests/e2e/heal.spec.ts^[[0m
Real Worker	UNKNOWN STEP	2026-10-04T10:34:38.7953956Z shell: /usr/bin/bash -e {0}
Real Worker	UNKNOWN STEP	2026-10-04T10:34:38.7954171Z env:
Real Worker	UNKNOWN STEP	2026-10-04T10:34:38.7954336Z   REQUIRE_CLONE: 1
Real Worker	UNKNOWN STEP	2026-10-04T10:34:38.7954511Z   REQUIRE_WORKER: 1
Real Worker	UNKNOWN STEP	2026-10-04T10:34:38.7954686Z ##[endgroup]
Real Worker	UNKNOWN STEP	2026-10-04T10:34:39.1356404Z 
Real Worker	UNKNOWN STEP	2026-10-04T10:34:39.1359120Z ^[[1m^[[30m^[[46m RUN ^[[49m^[[39m^[[22m ^[[36mv4.1.10 ^[[39m^[[90m/home/runner/work/drangler/drangler^[[39m
Real Worker	UNKNOWN STEP	2026-10-04T10:34:39.1359643Z 
Real Worker	UNKNOWN STEP	2026-10-04T10:34:42.2235144Z  ^[[32m✓^[[39m ^[[30m^[[45m e2e ^[[49m^[[39m tests/e2e/heal.spec.ts ^[[2m(^[[22m^[[2m7 tests^[[22m^[[2m)^[[22m^[[33m 2757^[[2mms^[[22m^[[39m
Real Worker	UNKNOWN STEP	2026-10-04T10:34:43.5002607Z Cloning into '/tmp/drangler-e2e-heal-BSNY3c/worker'...
Real Worker	UNKNOWN STEP	2026-10-04T10:34:45.1610153Z bun install v1.4.2 (744846f84)
Real Worker	UNKNOWN STEP	2026-10-04T10:34:46.2041850Z 
Real Worker	UNKNOWN STEP	2026-10-04T10:34:46.2138092Z $ bun scripts/gen-lock-versions.ts && bun scripts/restore-artifacts.ts
Real Worker	UNKNOWN STEP	2026-10-04T10:34:46.2138464Z {
Real Worker	UNKNOWN STEP	2026-10-04T10:34:46.2138628Z   "packages": 76,
Real Worker	UNKNOWN STEP	2026-10-04T10:34:46.2138802Z   "virtual": 37,
Real Worker	UNKNOWN STEP	2026-10-04T10:34:46.2138967Z   "core": "11.4.7",
Real Worker	UNKNOWN STEP	2026-10-04T10:34:46.2139136Z   "bytes": 4562
Real Worker	UNKNOWN STEP	2026-10-04T10:34:46.2139288Z }
Real Worker	UNKNOWN STEP	2026-10-04T10:34:46.6584952Z restore-artifacts: .interp/php8.5.wasm (13401742 bytes, sha256 verified)
Real Worker	UNKNOWN STEP	2026-10-04T10:34:46.7830017Z restore-artifacts: .interp/php8.5-worker.mjs (876467 bytes, sha256 verified)
Real Worker	UNKNOWN STEP	2026-10-04T10:34:47.0454751Z restore-artifacts: tuned glue -> /tmp/drangler-e2e-heal-BSNY3c/worker/.interp/php8.5-worker.tuned.mjs
Real Worker	UNKNOWN STEP	2026-10-04T10:34:47.0650442Z restore-artifacts: tuned interpreter -> /tmp/drangler-e2e-heal-BSNY3c/worker/.interp/php8.5.tuned.wasm (64 MiB)
Real Worker	UNKNOWN STEP	2026-10-04T10:34:47.0651037Z restore-artifacts: 2 downloaded, 0 already current
Real Worker	UNKNOWN STEP	2026-10-04T10:34:47.0687146Z $ husky
Real Worker	UNKNOWN STEP	2026-10-04T10:34:47.1007080Z 
Real Worker	UNKNOWN STEP	2026-10-04T10:34:47.1007518Z + @cloudflare/containers@0.3.7
Real Worker	UNKNOWN STEP	2026-10-04T10:34:47.1007955Z + @cloudflare/vitest-pool-workers@0.22.0
Real Worker	UNKNOWN STEP	2026-10-04T10:34:47.1008300Z + @cloudflare/workers-types@5.20260829.1
Real Worker	UNKNOWN STEP	2026-10-04T10:34:47.1008608Z + @playwright/test@1.62.1
Real Worker	UNKNOWN STEP	2026-10-04T10:34:47.1008885Z + @prettier/plugin-php@0.25.0
Real Worker	UNKNOWN STEP	2026-10-04T10:34:47.1009171Z + @types/bun@1.4.0
Real Worker	UNKNOWN STEP	2026-10-04T10:34:47.1009417Z + @types/pg@8.23.1
Real Worker	UNKNOWN STEP	2026-10-04T10:34:47.1009692Z + @vitest/coverage-istanbul@4.1.11
Real Worker	UNKNOWN STEP	2026-10-04T10:34:47.1010000Z + husky@9.1.7
Real Worker	UNKNOWN STEP	2026-10-04T10:34:47.1010378Z + lint-staged@17.4.1
Real Worker	UNKNOWN STEP	2026-10-04T10:34:47.1010612Z + marked@18.0.14
Real Worker	UNKNOWN STEP	2026-10-04T10:34:47.1010908Z + marked-gfm-heading-id@4.1.4
Real Worker	UNKNOWN STEP	2026-10-04T10:34:47.1011191Z + prettier@3.9.6
Real Worker	UNKNOWN STEP	2026-10-04T10:34:47.1011492Z + prettier-plugin-organize-imports@4.3.0
Real Worker	UNKNOWN STEP	2026-10-04T10:34:47.1011849Z + prettier-plugin-sh@0.20.2
Real Worker	UNKNOWN STEP	2026-10-04T10:34:47.1012128Z + shiki@4.4.3
Real Worker	UNKNOWN STEP	2026-10-04T10:34:47.1012366Z + typedoc@0.28.20
Real Worker	UNKNOWN STEP	2026-10-04T10:34:47.1012608Z + typescript@5.9.3
Real Worker	UNKNOWN STEP	2026-10-04T10:34:47.1012853Z + vitest@4.1.11
Real Worker	UNKNOWN STEP	2026-10-04T10:34:47.1013091Z + wrangler@4.127.1
Real Worker	UNKNOWN STEP	2026-10-04T10:34:47.1013329Z + yaml@2.9.1
Real Worker	UNKNOWN STEP	2026-10-04T10:34:47.1013559Z + <private-pkg>@1.1.1
Real Worker	UNKNOWN STEP	2026-10-04T10:34:47.1013859Z + <private-pkg>@0.3.1
Real Worker	UNKNOWN STEP	2026-10-04T10:34:47.1014132Z + <private-pkg>@0.1.4
Real Worker	UNKNOWN STEP	2026-10-04T10:34:47.1014470Z + <private-pkg>@0.1.0
Real Worker	UNKNOWN STEP	2026-10-04T10:34:47.1014745Z + @<user>/tinyimg@1.1.0
Real Worker	UNKNOWN STEP	2026-10-04T10:34:47.1015010Z + @noble/ciphers@2.4.0
Real Worker	UNKNOWN STEP	2026-10-04T10:34:47.1015262Z + @noble/hashes@2.4.0
Real Worker	UNKNOWN STEP	2026-10-04T10:34:47.1015489Z + blakejs@1.2.1
Real Worker	UNKNOWN STEP	2026-10-04T10:34:47.1015716Z + edgeport@1.0.6
Real Worker	UNKNOWN STEP	2026-10-04T10:34:47.1015982Z + fflate@0.8.3
Real Worker	UNKNOWN STEP	2026-10-04T10:34:47.1016199Z + fzstd@0.1.1
Real Worker	UNKNOWN STEP	2026-10-04T10:34:47.1016422Z + mysql2@3.24.4
Real Worker	UNKNOWN STEP	2026-10-04T10:34:47.1016643Z + pg@8.23.0
Real Worker	UNKNOWN STEP	2026-10-04T10:34:47.1016871Z + php-wasm@0.1.0
Real Worker	UNKNOWN STEP	2026-10-04T10:34:47.1017034Z 
Real Worker	UNKNOWN STEP	2026-10-04T10:34:47.1017148Z 260 packages installed [1.94s]
Real Worker	UNKNOWN STEP	2026-10-04T10:34:47.1069130Z $ bun scripts/hydrate.ts
Real Worker	UNKNOWN STEP	2026-10-04T10:34:47.4318963Z fetching https://<host>/payloads/v1.0.3/<org>-worker-1.0.3.tar.gz (cdn)
Real Worker	UNKNOWN STEP	2026-10-04T10:34:47.7717807Z tarball sha256 <hex> matches SHA256SUMS
Real Worker	UNKNOWN STEP	2026-10-04T10:34:48.6393107Z hydrate: kept 2 tracked file(s) the repository owns: assets/robots.txt, assets/driver.json
Real Worker	UNKNOWN STEP	2026-10-04T10:34:48.6393895Z hydrated 4583 files, 52473986 bytes, from 1.0.3 (d633a47)
Real Worker	UNKNOWN STEP	2026-10-04T10:34:48.6394493Z interpreter: .interp/php8.5-worker.tuned.mjs, .interp/php8.5.tuned.wasm
Real Worker	UNKNOWN STEP	2026-10-04T10:34:48.6395227Z the tree is deployable now: bunx wrangler deploy -c wrangler.jsonc
Real Worker	UNKNOWN STEP	2026-10-04T10:35:03.3812836Z  ^[[32m✓^[[39m ^[[30m^[[45m e2e ^[[49m^[[39m tests/e2e/heal-real.spec.ts ^[[2m(^[[22m^[[2m4 tests^[[22m^[[2m)^[[22m^[[33m 19883^[[2mms^[[22m^[[39m
Real Worker	UNKNOWN STEP	2026-10-04T10:35:03.3813738Z      ^[[33m^[[2m✓^[[22m^[[39m sets no degradation headers on a site that is not shedding load ^[[33m 1512^[[2mms^[[22m^[[39m
Real Worker	UNKNOWN STEP	2026-10-04T10:35:03.3832907Z 
Real Worker	UNKNOWN STEP	2026-10-04T10:35:03.3836944Z ^[[2m Test Files ^[[22m ^[[1m^[[32m2 passed^[[39m^[[22m^[[90m (2)^[[39m
Real Worker	UNKNOWN STEP	2026-10-04T10:35:03.3837570Z ^[[2m      Tests ^[[22m ^[[1m^[[32m11 passed^[[39m^[[22m^[[90m (11)^[[39m
Real Worker	UNKNOWN STEP	2026-10-04T10:35:03.3838090Z ^[[2m   Start at ^[[22m 10:34:39
Real Worker	UNKNOWN STEP	2026-10-04T10:35:03.3839243Z ^[[2m   Duration ^[[22m 24.24s^[[2m (transform 202ms, setup 0ms, import 1.41s, tests 22.64s, environment 0ms)^[[22m
Real Worker	UNKNOWN STEP	2026-10-04T10:35:03.3841007Z 
Real Worker	UNKNOWN STEP	2026-10-04T10:35:03.4082299Z Post job cleanup.
Real Worker	UNKNOWN STEP	2026-10-04T10:35:03.5486813Z Post job cleanup.
Real Worker	UNKNOWN STEP	2026-10-04T10:35:03.6181943Z [command]/usr/bin/git version
Real Worker	UNKNOWN STEP	2026-10-04T10:35:03.6219493Z git version 2.55.0
Real Worker	UNKNOWN STEP	2026-10-04T10:35:03.6256075Z Temporarily overriding HOME='/home/runner/work/_temp/<uuid>' before making global git config changes
Real Worker	UNKNOWN STEP	2026-10-04T10:35:03.6257171Z Adding repository directory to the temporary git global config as a safe directory
Real Worker	UNKNOWN STEP	2026-10-04T10:35:03.6260766Z [command]/usr/bin/git config --global --add safe.directory /home/runner/work/drangler/drangler
Real Worker	UNKNOWN STEP	2026-10-04T10:35:03.6291527Z Removing SSH command configuration
Real Worker	UNKNOWN STEP	2026-10-04T10:35:03.6297087Z [command]/usr/bin/git config --local --name-only --get-regexp core\.sshCommand
Real Worker	UNKNOWN STEP	2026-10-04T10:35:03.6333215Z [command]/usr/bin/git submodule foreach --recursive sh -c "git config --local --name-only --get-regexp 'core\.sshCommand' && git config --local --unset-all 'core.sshCommand' || :"
Real Worker	UNKNOWN STEP	2026-10-04T10:35:03.6543702Z Removing HTTP extra header
Real Worker	UNKNOWN STEP	2026-10-04T10:35:03.6549030Z [command]/usr/bin/git config --local --name-only --get-regexp http\.https\:\/\/github\.com\/\.extraheader
Real Worker	UNKNOWN STEP	2026-10-04T10:35:03.6579996Z [command]/usr/bin/git submodule foreach --recursive sh -c "git config --local --name-only --get-regexp 'http\.https\:\/\/github\.com\/\.extraheader' && git config --local --unset-all 'http.https://github.com/.extraheader' || :"
Real Worker	UNKNOWN STEP	2026-10-04T10:35:03.6790797Z Removing includeIf entries pointing to credentials config files
Real Worker	UNKNOWN STEP	2026-10-04T10:35:03.6797591Z [command]/usr/bin/git config --local --name-only --get-regexp ^includeIf\.gitdir:
Real Worker	UNKNOWN STEP	2026-10-04T10:35:03.6839811Z includeif.gitdir:/home/runner/work/drangler/drangler/.git.path
Real Worker	UNKNOWN STEP	2026-10-04T10:35:03.6840734Z includeif.gitdir:/home/runner/work/drangler/drangler/.git/worktrees/*.path
Real Worker	UNKNOWN STEP	2026-10-04T10:35:03.6841608Z includeif.gitdir:/github/workspace/.git.path
Real Worker	UNKNOWN STEP	2026-10-04T10:35:03.6842303Z includeif.gitdir:/github/workspace/.git/worktrees/*.path
Real Worker	UNKNOWN STEP	2026-10-04T10:35:03.6848477Z [command]/usr/bin/git config --local --get-all includeif.gitdir:/home/runner/work/drangler/drangler/.git.path
Real Worker	UNKNOWN STEP	2026-10-04T10:35:03.6872208Z /home/runner/work/_temp/git-credentials-<uuid>.config
Real Worker	UNKNOWN STEP	2026-10-04T10:35:03.6889882Z [command]/usr/bin/git config --local --unset includeif.gitdir:/home/runner/work/drangler/drangler/.git.path \/home\/runner\/work\/_temp\/git\-credentials\-<uuid>\.config
Real Worker	UNKNOWN STEP	2026-10-04T10:35:03.6922656Z [command]/usr/bin/git config --local --get-all includeif.gitdir:/home/runner/work/drangler/drangler/.git/worktrees/*.path
Real Worker	UNKNOWN STEP	2026-10-04T10:35:03.6947839Z /home/runner/work/_temp/git-credentials-<uuid>.config
Real Worker	UNKNOWN STEP	2026-10-04T10:35:03.6956965Z [command]/usr/bin/git config --local --unset includeif.gitdir:/home/runner/work/drangler/drangler/.git/worktrees/*.path \/home\/runner\/work\/_temp\/git\-credentials\-<uuid>\.config
Real Worker	UNKNOWN STEP	2026-10-04T10:35:03.6994611Z [command]/usr/bin/git config --local --get-all includeif.gitdir:/github/workspace/.git.path
Real Worker	UNKNOWN STEP	2026-10-04T10:35:03.7017762Z /github/runner_temp/git-credentials-<uuid>.config
Real Worker	UNKNOWN STEP	2026-10-04T10:35:03.7023649Z [command]/usr/bin/git config --local --unset includeif.gitdir:/github/workspace/.git.path \/github\/runner_temp\/git\-credentials\-<uuid>\.config
Real Worker	UNKNOWN STEP	2026-10-04T10:35:03.7054117Z [command]/usr/bin/git config --local --get-all includeif.gitdir:/github/workspace/.git/worktrees/*.path
Real Worker	UNKNOWN STEP	2026-10-04T10:35:03.7075552Z /github/runner_temp/git-credentials-<uuid>.config
Real Worker	UNKNOWN STEP	2026-10-04T10:35:03.7081426Z [command]/usr/bin/git config --local --unset includeif.gitdir:/github/workspace/.git/worktrees/*.path \/github\/runner_temp\/git\-credentials\-<uuid>\.config
Real Worker	UNKNOWN STEP	2026-10-04T10:35:03.7112752Z [command]/usr/bin/git submodule foreach --recursive git config --local --show-origin --name-only --get-regexp remote.origin.url
Real Worker	UNKNOWN STEP	2026-10-04T10:35:03.7300108Z Removing credentials config '/home/runner/work/_temp/git-credentials-<uuid>.config'
Real Worker	UNKNOWN STEP	2026-10-04T10:35:03.7429179Z Cleaning up orphan processes
Live Clone	UNKNOWN STEP	2026-10-04T10:34:33.2685501Z Current runner version: '2.337.0'
Live Clone	UNKNOWN STEP	2026-10-04T10:34:33.2706052Z ##[group]Runner Image Provisioner
Live Clone	UNKNOWN STEP	2026-10-04T10:34:33.2706757Z Hosted Compute Agent
Live Clone	UNKNOWN STEP	2026-10-04T10:34:33.2707349Z Version: 20260901.588
Live Clone	UNKNOWN STEP	2026-10-04T10:34:33.2707903Z Commit: <hex>
Live Clone	UNKNOWN STEP	2026-10-04T10:34:33.2708509Z Build Date: 2026-09-01T19:56:44Z
Live Clone	UNKNOWN STEP	2026-10-04T10:34:33.2709145Z Worker ID: {<uuid>}
Live Clone	UNKNOWN STEP	2026-10-04T10:34:33.2709779Z Azure Region: westus3
Live Clone	UNKNOWN STEP	2026-10-04T10:34:33.2710328Z ##[endgroup]
Live Clone	UNKNOWN STEP	2026-10-04T10:34:33.2711660Z ##[group]Operating System
Live Clone	UNKNOWN STEP	2026-10-04T10:34:33.2712216Z Ubuntu
Live Clone	UNKNOWN STEP	2026-10-04T10:34:33.2712769Z 24.04.5
Live Clone	UNKNOWN STEP	2026-10-04T10:34:33.2713210Z LTS
Live Clone	UNKNOWN STEP	2026-10-04T10:34:33.2713631Z ##[endgroup]
Live Clone	UNKNOWN STEP	2026-10-04T10:34:33.2714152Z ##[group]Runner Image
Live Clone	UNKNOWN STEP	2026-10-04T10:34:33.2714666Z Image: ubuntu-24.04
Live Clone	UNKNOWN STEP	2026-10-04T10:34:33.2715171Z Version: 20260927.320.1
Live Clone	UNKNOWN STEP	2026-10-04T10:34:33.2716284Z Included Software: https://github.com/actions/runner-images/blob/ubuntu24/20260927.320/images/ubuntu/Ubuntu2404-Readme.md
Live Clone	UNKNOWN STEP	2026-10-04T10:34:33.2717569Z Image Release: https://github.com/actions/runner-images/releases/tag/ubuntu24%2F20260927.320
Live Clone	UNKNOWN STEP	2026-10-04T10:34:33.2718371Z ##[endgroup]
Live Clone	UNKNOWN STEP	2026-10-04T10:34:33.2719372Z ##[group]GITHUB_TOKEN Permissions
Live Clone	UNKNOWN STEP	2026-10-04T10:34:33.2720915Z Contents: read
Live Clone	UNKNOWN STEP	2026-10-04T10:34:33.2721776Z Metadata: read
Live Clone	UNKNOWN STEP	2026-10-04T10:34:33.2722255Z ##[endgroup]
Live Clone	UNKNOWN STEP	2026-10-04T10:34:33.2723957Z Secret source: Actions
Live Clone	UNKNOWN STEP	2026-10-04T10:34:33.2724861Z Cache mode: write
Live Clone	UNKNOWN STEP	2026-10-04T10:34:33.2725437Z Prepare workflow directory
Live Clone	UNKNOWN STEP	2026-10-04T10:34:33.3114910Z Prepare all required actions
Live Clone	UNKNOWN STEP	2026-10-04T10:34:33.3153324Z Getting action download info
Live Clone	UNKNOWN STEP	2026-10-04T10:34:33.5985229Z Download action repository 'actions/checkout@v7' (SHA:<hex>)
Live Clone	UNKNOWN STEP	2026-10-04T10:34:33.6755107Z Download action repository 'oven-sh/setup-bun@v2' (SHA:<hex>)
Live Clone	UNKNOWN STEP	2026-10-04T10:34:34.3551037Z Complete job name: Live Clone
Live Clone	UNKNOWN STEP	2026-10-04T10:34:34.4156318Z ##[group]Run actions/checkout@v7
Live Clone	UNKNOWN STEP	2026-10-04T10:34:34.4157023Z with:
Live Clone	UNKNOWN STEP	2026-10-04T10:34:34.4157450Z   repository: <org>/drangler
Live Clone	UNKNOWN STEP	2026-10-04T10:34:34.4160745Z   token: ***
Live Clone	UNKNOWN STEP	2026-10-04T10:34:34.4161134Z   ssh-strict: true
Live Clone	UNKNOWN STEP	2026-10-04T10:34:34.4161658Z   ssh-user: git
Live Clone	UNKNOWN STEP	2026-10-04T10:34:34.4162057Z   persist-credentials: true
Live Clone	UNKNOWN STEP	2026-10-04T10:34:34.4162481Z   clean: true
Live Clone	UNKNOWN STEP	2026-10-04T10:34:34.4162869Z   sparse-checkout-cone-mode: true
Live Clone	UNKNOWN STEP	2026-10-04T10:34:34.4163318Z   fetch-depth: 1
Live Clone	UNKNOWN STEP	2026-10-04T10:34:34.4163697Z   fetch-tags: false
Live Clone	UNKNOWN STEP	2026-10-04T10:34:34.4164083Z   show-progress: true
Live Clone	UNKNOWN STEP	2026-10-04T10:34:34.4164466Z   lfs: false
Live Clone	UNKNOWN STEP	2026-10-04T10:34:34.4164844Z   submodules: false
Live Clone	UNKNOWN STEP	2026-10-04T10:34:34.4165251Z   set-safe-directory: true
Live Clone	UNKNOWN STEP	2026-10-04T10:34:34.4165695Z   allow-unsafe-pr-checkout: false
Live Clone	UNKNOWN STEP	2026-10-04T10:34:34.4166293Z env:
Live Clone	UNKNOWN STEP	2026-10-04T10:34:34.4166642Z   REQUIRE_CLONE: 1
Live Clone	UNKNOWN STEP	2026-10-04T10:34:34.4167060Z ##[endgroup]
Live Clone	UNKNOWN STEP	2026-10-04T10:34:34.4967479Z Syncing repository: <org>/drangler
Live Clone	UNKNOWN STEP	2026-10-04T10:34:34.4969664Z ##[group]Getting Git version info
Live Clone	UNKNOWN STEP	2026-10-04T10:34:34.4970625Z Working directory is '/home/runner/work/drangler/drangler'
Live Clone	UNKNOWN STEP	2026-10-04T10:34:34.4972242Z [command]/usr/bin/git version
Live Clone	UNKNOWN STEP	2026-10-04T10:34:34.5090025Z git version 2.55.0
Live Clone	UNKNOWN STEP	2026-10-04T10:34:34.5105999Z ##[endgroup]
Live Clone	UNKNOWN STEP	2026-10-04T10:34:34.5114695Z Temporarily overriding HOME='/home/runner/work/_temp/<uuid>' before making global git config changes
Live Clone	UNKNOWN STEP	2026-10-04T10:34:34.5116813Z Adding repository directory to the temporary git global config as a safe directory
Live Clone	UNKNOWN STEP	2026-10-04T10:34:34.5119920Z [command]/usr/bin/git config --global --add safe.directory /home/runner/work/drangler/drangler
Live Clone	UNKNOWN STEP	2026-10-04T10:34:34.5162151Z Deleting the contents of '/home/runner/work/drangler/drangler'
Live Clone	UNKNOWN STEP	2026-10-04T10:34:34.5165085Z ##[group]Determining repository object format
Live Clone	UNKNOWN STEP	2026-10-04T10:34:34.5166306Z ##[endgroup]
Live Clone	UNKNOWN STEP	2026-10-04T10:34:34.5167391Z ##[group]Initializing the repository
Live Clone	UNKNOWN STEP	2026-10-04T10:34:34.5169515Z [command]/usr/bin/git init /home/runner/work/drangler/drangler
Live Clone	UNKNOWN STEP	2026-10-04T10:34:34.5251888Z hint: Using 'master' as the name for the initial branch. This default branch name
Live Clone	UNKNOWN STEP	2026-10-04T10:34:34.5253553Z hint: will change to "main" in Git 3.0. To configure the initial branch name
Live Clone	UNKNOWN STEP	2026-10-04T10:34:34.5254851Z hint: to use in all of your new repositories, which will suppress this warning,
Live Clone	UNKNOWN STEP	2026-10-04T10:34:34.5255954Z hint: call:
Live Clone	UNKNOWN STEP	2026-10-04T10:34:34.5256497Z hint:
Live Clone	UNKNOWN STEP	2026-10-04T10:34:34.5257197Z hint: 	git config --global init.defaultBranch <name>
Live Clone	UNKNOWN STEP	2026-10-04T10:34:34.5258056Z hint:
Live Clone	UNKNOWN STEP	2026-10-04T10:34:34.5258848Z hint: Names commonly chosen instead of 'master' are 'main', 'trunk' and
Live Clone	UNKNOWN STEP	2026-10-04T10:34:34.5260166Z hint: 'development'. The just-created branch can be renamed via this command:
Live Clone	UNKNOWN STEP	2026-10-04T10:34:34.5261189Z hint:
Live Clone	UNKNOWN STEP	2026-10-04T10:34:34.5261876Z hint: 	git branch -m <name>
Live Clone	UNKNOWN STEP	2026-10-04T10:34:34.5262527Z hint:
Live Clone	UNKNOWN STEP	2026-10-04T10:34:34.5263394Z hint: Disable this message with "git config set advice.defaultBranchName false"
Live Clone	UNKNOWN STEP	2026-10-04T10:34:34.5264851Z Initialized empty Git repository in /home/runner/work/drangler/drangler/.git/
Live Clone	UNKNOWN STEP	2026-10-04T10:34:34.5267115Z [command]/usr/bin/git remote add origin https://github.com/<org>/drangler
Live Clone	UNKNOWN STEP	2026-10-04T10:34:34.5309665Z ##[endgroup]
Live Clone	UNKNOWN STEP	2026-10-04T10:34:34.5310694Z ##[group]Disabling automatic garbage collection
Live Clone	UNKNOWN STEP	2026-10-04T10:34:34.5312298Z [command]/usr/bin/git config --local gc.auto 0
Live Clone	UNKNOWN STEP	2026-10-04T10:34:34.5341606Z ##[endgroup]
Live Clone	UNKNOWN STEP	2026-10-04T10:34:34.5342638Z ##[group]Setting up auth
Live Clone	UNKNOWN STEP	2026-10-04T10:34:34.5343405Z Removing SSH command configuration
Live Clone	UNKNOWN STEP	2026-10-04T10:34:34.5345844Z [command]/usr/bin/git config --local --name-only --get-regexp core\.sshCommand
Live Clone	UNKNOWN STEP	2026-10-04T10:34:34.5374588Z [command]/usr/bin/git submodule foreach --recursive sh -c "git config --local --name-only --get-regexp 'core\.sshCommand' && git config --local --unset-all 'core.sshCommand' || :"
Live Clone	UNKNOWN STEP	2026-10-04T10:34:34.5679553Z Removing HTTP extra header
Live Clone	UNKNOWN STEP	2026-10-04T10:34:34.5684846Z [command]/usr/bin/git config --local --name-only --get-regexp http\.https\:\/\/github\.com\/\.extraheader
Live Clone	UNKNOWN STEP	2026-10-04T10:34:34.5715604Z [command]/usr/bin/git submodule foreach --recursive sh -c "git config --local --name-only --get-regexp 'http\.https\:\/\/github\.com\/\.extraheader' && git config --local --unset-all 'http.https://github.com/.extraheader' || :"
Live Clone	UNKNOWN STEP	2026-10-04T10:34:34.5897641Z Removing includeIf entries pointing to credentials config files
Live Clone	UNKNOWN STEP	2026-10-04T10:34:34.5900939Z [command]/usr/bin/git config --local --name-only --get-regexp ^includeIf\.gitdir:
Live Clone	UNKNOWN STEP	2026-10-04T10:34:34.5929513Z [command]/usr/bin/git submodule foreach --recursive git config --local --show-origin --name-only --get-regexp remote.origin.url
Live Clone	UNKNOWN STEP	2026-10-04T10:34:34.6119265Z [command]/usr/bin/git config --file /home/runner/work/_temp/git-credentials-<uuid>.config http.https://github.com/.extraheader AUTHORIZATION: basic ***
Live Clone	UNKNOWN STEP	2026-10-04T10:34:34.6153424Z [command]/usr/bin/git config --local includeIf.gitdir:/home/runner/work/drangler/drangler/.git.path /home/runner/work/_temp/git-credentials-<uuid>.config
Live Clone	UNKNOWN STEP	2026-10-04T10:34:34.6400543Z [command]/usr/bin/git config --local includeIf.gitdir:/home/runner/work/drangler/drangler/.git/worktrees/*.path /home/runner/work/_temp/git-credentials-<uuid>.config
Live Clone	UNKNOWN STEP	2026-10-04T10:34:34.6434871Z [command]/usr/bin/git config --local includeIf.gitdir:/github/workspace/.git.path /github/runner_temp/git-credentials-<uuid>.config
Live Clone	UNKNOWN STEP	2026-10-04T10:34:34.6468581Z [command]/usr/bin/git config --local includeIf.gitdir:/github/workspace/.git/worktrees/*.path /github/runner_temp/git-credentials-<uuid>.config
Live Clone	UNKNOWN STEP	2026-10-04T10:34:34.6496241Z ##[endgroup]
Live Clone	UNKNOWN STEP	2026-10-04T10:34:34.6497294Z ##[group]Fetching the repository
Live Clone	UNKNOWN STEP	2026-10-04T10:34:34.6502409Z [command]/usr/bin/git -c protocol.version=2 fetch --no-tags --prune --no-recurse-submodules --depth=1 origin +df6dce4b00d66439e0c1258c862da36342a7488a:refs/remotes/origin/master
Live Clone	UNKNOWN STEP	2026-10-04T10:34:35.4545904Z From https://github.com/<org>/drangler
Live Clone	UNKNOWN STEP	2026-10-04T10:34:35.4546988Z  * [new ref]         df6dce4b00d66439e0c1258c862da36342a7488a -> origin/master
Live Clone	UNKNOWN STEP	2026-10-04T10:34:35.4554096Z [command]/usr/bin/git branch --list --remote origin/master
Live Clone	UNKNOWN STEP	2026-10-04T10:34:35.4579161Z   origin/master
Live Clone	UNKNOWN STEP	2026-10-04T10:34:35.4585492Z [command]/usr/bin/git rev-parse refs/remotes/origin/master
Live Clone	UNKNOWN STEP	2026-10-04T10:34:35.4608288Z df6dce4b00d66439e0c1258c862da36342a7488a
Live Clone	UNKNOWN STEP	2026-10-04T10:34:35.4612859Z ##[endgroup]
Live Clone	UNKNOWN STEP	2026-10-04T10:34:35.4614335Z ##[group]Determining the checkout info
Live Clone	UNKNOWN STEP	2026-10-04T10:34:35.4615965Z ##[endgroup]
Live Clone	UNKNOWN STEP	2026-10-04T10:34:35.4616640Z [command]/usr/bin/git sparse-checkout disable
Live Clone	UNKNOWN STEP	2026-10-04T10:34:35.4663751Z [command]/usr/bin/git config --local --unset-all extensions.worktreeConfig
Live Clone	UNKNOWN STEP	2026-10-04T10:34:35.4692757Z ##[group]Checking out the ref
Live Clone	UNKNOWN STEP	2026-10-04T10:34:35.4695400Z [command]/usr/bin/git checkout --progress --force -B master refs/remotes/origin/master
Live Clone	UNKNOWN STEP	2026-10-04T10:34:35.4856454Z Reset branch 'master'
Live Clone	UNKNOWN STEP	2026-10-04T10:34:35.4861794Z branch 'master' set up to track 'origin/master'.
Live Clone	UNKNOWN STEP	2026-10-04T10:34:35.4868648Z ##[endgroup]
Live Clone	UNKNOWN STEP	2026-10-04T10:34:35.4907515Z [command]/usr/bin/git log -1 --format=%H
Live Clone	UNKNOWN STEP	2026-10-04T10:34:35.4932701Z df6dce4b00d66439e0c1258c862da36342a7488a
Live Clone	UNKNOWN STEP	2026-10-04T10:34:35.5224565Z ##[group]Run oven-sh/setup-bun@v2
Live Clone	UNKNOWN STEP	2026-10-04T10:34:35.5225393Z with:
Live Clone	UNKNOWN STEP	2026-10-04T10:34:35.5225992Z   bun-version: latest
Live Clone	UNKNOWN STEP	2026-10-04T10:34:35.5226662Z   no-cache: false
Live Clone	UNKNOWN STEP	2026-10-04T10:34:35.5233903Z   token: ***
Live Clone	UNKNOWN STEP	2026-10-04T10:34:35.5234511Z env:
Live Clone	UNKNOWN STEP	2026-10-04T10:34:35.5235092Z   REQUIRE_CLONE: 1
Live Clone	UNKNOWN STEP	2026-10-04T10:34:35.5235734Z ##[endgroup]
Live Clone	UNKNOWN STEP	2026-10-04T10:34:36.1070430Z Downloading a new version of Bun: https://github.com/oven-sh/bun/releases/download/bun-v1.4.2/bun-linux-x64.zip
Live Clone	UNKNOWN STEP	2026-10-04T10:34:36.5105704Z [command]/usr/bin/unzip -o -q /home/runner/work/_temp/<uuid>.zip
Live Clone	UNKNOWN STEP	2026-10-04T10:34:37.0355987Z [command]/home/runner/.bun/bin/bun --revision
Live Clone	UNKNOWN STEP	2026-10-04T10:34:37.0395951Z 1.4.2+744846f84
Live Clone	UNKNOWN STEP	2026-10-04T10:34:37.0525702Z ##[group]Run bun install --frozen-lockfile
Live Clone	UNKNOWN STEP	2026-10-04T10:34:37.0526032Z ^[[36;1mbun install --frozen-lockfile^[[0m
Live Clone	UNKNOWN STEP	2026-10-04T10:34:37.0760039Z shell: /usr/bin/bash -e {0}
Live Clone	UNKNOWN STEP	2026-10-04T10:34:37.0760286Z env:
Live Clone	UNKNOWN STEP	2026-10-04T10:34:37.0760450Z   REQUIRE_CLONE: 1
Live Clone	UNKNOWN STEP	2026-10-04T10:34:37.0760622Z ##[endgroup]
Live Clone	UNKNOWN STEP	2026-10-04T10:34:37.0925142Z bun install v1.4.2 (744846f84)
Live Clone	UNKNOWN STEP	2026-10-04T10:34:38.0945112Z 
Live Clone	UNKNOWN STEP	2026-10-04T10:34:38.0945599Z $ husky
Live Clone	UNKNOWN STEP	2026-10-04T10:34:38.1313220Z 
Live Clone	UNKNOWN STEP	2026-10-04T10:34:38.1313663Z + @cloudflare/workers-types@5.20260815.1
Live Clone	UNKNOWN STEP	2026-10-04T10:34:38.1315598Z + @types/node@26.2.0
Live Clone	UNKNOWN STEP	2026-10-04T10:34:38.1316066Z + @vitest/coverage-v8@4.1.10
Live Clone	UNKNOWN STEP	2026-10-04T10:34:38.1316377Z + husky@9.1.7
Live Clone	UNKNOWN STEP	2026-10-04T10:34:38.1316634Z + lint-staged@17.3.0
Live Clone	UNKNOWN STEP	2026-10-04T10:34:38.1316901Z + prettier@3.9.6
Live Clone	UNKNOWN STEP	2026-10-04T10:34:38.1317189Z + prettier-plugin-organize-imports@4.3.0
Live Clone	UNKNOWN STEP	2026-10-04T10:34:38.1317549Z + prettier-plugin-sh@0.20.2
Live Clone	UNKNOWN STEP	2026-10-04T10:34:38.1317854Z + typedoc@0.28.20
Live Clone	UNKNOWN STEP	2026-10-04T10:34:38.1318115Z + typescript@5.9.3
Live Clone	UNKNOWN STEP	2026-10-04T10:34:38.1318449Z + vitest@4.1.10
Live Clone	UNKNOWN STEP	2026-10-04T10:34:38.1318691Z + wrangler@4.146.0
Live Clone	UNKNOWN STEP	2026-10-04T10:34:38.1318968Z + <private-pkg>@0.2.0
Live Clone	UNKNOWN STEP	2026-10-04T10:34:38.1319296Z + @napi-rs/keyring@2.1.0
Live Clone	UNKNOWN STEP	2026-10-04T10:34:38.1319579Z + commander@15.0.0
Live Clone	UNKNOWN STEP	2026-10-04T10:34:38.1319759Z 
Live Clone	UNKNOWN STEP	2026-10-04T10:34:38.1319905Z 137 packages installed [1039.00ms]
Live Clone	UNKNOWN STEP	2026-10-04T10:34:38.1370337Z ##[group]Run bun run test:e2e:clone
Live Clone	UNKNOWN STEP	2026-10-04T10:34:38.1370609Z ^[[36;1mbun run test:e2e:clone^[[0m
Live Clone	UNKNOWN STEP	2026-10-04T10:34:38.1431191Z shell: /usr/bin/bash -e {0}
Live Clone	UNKNOWN STEP	2026-10-04T10:34:38.1431403Z env:
Live Clone	UNKNOWN STEP	2026-10-04T10:34:38.1431743Z   REQUIRE_CLONE: 1
Live Clone	UNKNOWN STEP	2026-10-04T10:34:38.1431919Z ##[endgroup]
Live Clone	UNKNOWN STEP	2026-10-04T10:34:38.1557774Z $ vitest run --project=e2e tests/e2e/workspace-clone.spec.ts
Live Clone	UNKNOWN STEP	2026-10-04T10:34:38.4916188Z 
Live Clone	UNKNOWN STEP	2026-10-04T10:34:38.4918221Z ^[[1m^[[30m^[[46m RUN ^[[49m^[[39m^[[22m ^[[36mv4.1.10 ^[[39m^[[90m/home/runner/work/drangler/drangler^[[39m
Live Clone	UNKNOWN STEP	2026-10-04T10:34:38.4918795Z 
Live Clone	UNKNOWN STEP	2026-10-04T10:34:39.0614947Z (node:2163) ExperimentalWarning: SQLite is an experimental feature and might change at any time
Live Clone	UNKNOWN STEP	2026-10-04T10:34:39.0615665Z (Use `node --trace-warnings ...` to show where the warning was created)
Live Clone	UNKNOWN STEP	2026-10-04T10:34:40.8142241Z Cloning into '/tmp/drangler-e2e-clone-6m6t5k/worker'...
Live Clone	UNKNOWN STEP	2026-10-04T10:34:42.4526319Z bun install v1.4.2 (744846f84)
Live Clone	UNKNOWN STEP	2026-10-04T10:34:43.5342825Z 
Live Clone	UNKNOWN STEP	2026-10-04T10:34:43.5343851Z $ bun scripts/gen-lock-versions.ts && bun scripts/restore-artifacts.ts
Live Clone	UNKNOWN STEP	2026-10-04T10:34:43.5444208Z {
Live Clone	UNKNOWN STEP	2026-10-04T10:34:43.5444492Z   "packages": 76,
Live Clone	UNKNOWN STEP	2026-10-04T10:34:43.5444750Z   "virtual": 37,
Live Clone	UNKNOWN STEP	2026-10-04T10:34:43.5444994Z   "core": "11.4.7",
Live Clone	UNKNOWN STEP	2026-10-04T10:34:43.5445240Z   "bytes": 4562
Live Clone	UNKNOWN STEP	2026-10-04T10:34:43.5445469Z }
Live Clone	UNKNOWN STEP	2026-10-04T10:34:43.8849093Z restore-artifacts: .interp/php8.5.wasm (13401742 bytes, sha256 verified)
Live Clone	UNKNOWN STEP	2026-10-04T10:34:44.0164764Z restore-artifacts: .interp/php8.5-worker.mjs (876467 bytes, sha256 verified)
Live Clone	UNKNOWN STEP	2026-10-04T10:34:44.2766914Z restore-artifacts: tuned glue -> /tmp/drangler-e2e-clone-6m6t5k/worker/.interp/php8.5-worker.tuned.mjs
Live Clone	UNKNOWN STEP	2026-10-04T10:34:44.3009466Z restore-artifacts: tuned interpreter -> /tmp/drangler-e2e-clone-6m6t5k/worker/.interp/php8.5.tuned.wasm (64 MiB)
Live Clone	UNKNOWN STEP	2026-10-04T10:34:44.3010026Z restore-artifacts: 2 downloaded, 0 already current
Live Clone	UNKNOWN STEP	2026-10-04T10:34:44.3055176Z $ husky
Live Clone	UNKNOWN STEP	2026-10-04T10:34:44.3388981Z 
Live Clone	UNKNOWN STEP	2026-10-04T10:34:44.3389357Z + @cloudflare/containers@0.3.7
Live Clone	UNKNOWN STEP	2026-10-04T10:34:44.3389811Z + @cloudflare/vitest-pool-workers@0.22.0
Live Clone	UNKNOWN STEP	2026-10-04T10:34:44.3390161Z + @cloudflare/workers-types@5.20260829.1
Live Clone	UNKNOWN STEP	2026-10-04T10:34:44.3390384Z + @playwright/test@1.62.1
Live Clone	UNKNOWN STEP	2026-10-04T10:34:44.3390586Z + @prettier/plugin-php@0.25.0
Live Clone	UNKNOWN STEP	2026-10-04T10:34:44.3390785Z + @types/bun@1.4.0
Live Clone	UNKNOWN STEP	2026-10-04T10:34:44.3390968Z + @types/pg@8.23.1
Live Clone	UNKNOWN STEP	2026-10-04T10:34:44.3391150Z + @vitest/coverage-istanbul@4.1.11
Live Clone	UNKNOWN STEP	2026-10-04T10:34:44.3391347Z + husky@9.1.7
Live Clone	UNKNOWN STEP	2026-10-04T10:34:44.3391797Z + lint-staged@17.4.1
Live Clone	UNKNOWN STEP	2026-10-04T10:34:44.3391968Z + marked@18.0.14
Live Clone	UNKNOWN STEP	2026-10-04T10:34:44.3392172Z + marked-gfm-heading-id@4.1.4
Live Clone	UNKNOWN STEP	2026-10-04T10:34:44.3392362Z + prettier@3.9.6
Live Clone	UNKNOWN STEP	2026-10-04T10:34:44.3392565Z + prettier-plugin-organize-imports@4.3.0
Live Clone	UNKNOWN STEP	2026-10-04T10:34:44.3392799Z + prettier-plugin-sh@0.20.2
Live Clone	UNKNOWN STEP	2026-10-04T10:34:44.3392977Z + shiki@4.4.3
Live Clone	UNKNOWN STEP	2026-10-04T10:34:44.3393129Z + typedoc@0.28.20
Live Clone	UNKNOWN STEP	2026-10-04T10:34:44.3393305Z + typescript@5.9.3
Live Clone	UNKNOWN STEP	2026-10-04T10:34:44.3393470Z + vitest@4.1.11
Live Clone	UNKNOWN STEP	2026-10-04T10:34:44.3393627Z + wrangler@4.127.1
Live Clone	UNKNOWN STEP	2026-10-04T10:34:44.3393787Z + yaml@2.9.1
Live Clone	UNKNOWN STEP	2026-10-04T10:34:44.3393953Z + <private-pkg>@1.1.1
Live Clone	UNKNOWN STEP	2026-10-04T10:34:44.3394137Z + <private-pkg>@0.3.1
Live Clone	UNKNOWN STEP	2026-10-04T10:34:44.3394330Z + <private-pkg>@0.1.4
Live Clone	UNKNOWN STEP	2026-10-04T10:34:44.3394510Z + <private-pkg>@0.1.0
Live Clone	UNKNOWN STEP	2026-10-04T10:34:44.3394687Z + @<user>/tinyimg@1.1.0
Live Clone	UNKNOWN STEP	2026-10-04T10:34:44.3394876Z + @noble/ciphers@2.4.0
Live Clone	UNKNOWN STEP	2026-10-04T10:34:44.3395050Z + @noble/hashes@2.4.0
Live Clone	UNKNOWN STEP	2026-10-04T10:34:44.3395215Z + blakejs@1.2.1
Live Clone	UNKNOWN STEP	2026-10-04T10:34:44.3395375Z + edgeport@1.0.6
Live Clone	UNKNOWN STEP	2026-10-04T10:34:44.3395537Z + fflate@0.8.3
Live Clone	UNKNOWN STEP	2026-10-04T10:34:44.3395720Z + fzstd@0.1.1
Live Clone	UNKNOWN STEP	2026-10-04T10:34:44.3395870Z + mysql2@3.24.4
Live Clone	UNKNOWN STEP	2026-10-04T10:34:44.3396025Z + pg@8.23.0
Live Clone	UNKNOWN STEP	2026-10-04T10:34:44.3396183Z + php-wasm@0.1.0
Live Clone	UNKNOWN STEP	2026-10-04T10:34:44.3396288Z 
Live Clone	UNKNOWN STEP	2026-10-04T10:34:44.3396369Z 260 packages installed [1.89s]
Live Clone	UNKNOWN STEP	2026-10-04T10:34:44.3621564Z $ bun scripts/hydrate.ts
Live Clone	UNKNOWN STEP	2026-10-04T10:34:44.7134059Z fetching https://<host>/payloads/v1.0.3/<org>-worker-1.0.3.tar.gz (cdn)
Live Clone	UNKNOWN STEP	2026-10-04T10:34:45.0051200Z tarball sha256 <hex> matches SHA256SUMS
Live Clone	UNKNOWN STEP	2026-10-04T10:34:45.9394587Z hydrate: kept 2 tracked file(s) the repository owns: assets/robots.txt, assets/driver.json
Live Clone	UNKNOWN STEP	2026-10-04T10:34:45.9395347Z hydrated 4583 files, 52473986 bytes, from 1.0.3 (d633a47)
Live Clone	UNKNOWN STEP	2026-10-04T10:34:45.9396134Z interpreter: .interp/php8.5-worker.tuned.mjs, .interp/php8.5.tuned.wasm
Live Clone	UNKNOWN STEP	2026-10-04T10:34:45.9396737Z the tree is deployable now: bunx wrangler deploy -c wrangler.jsonc
Live Clone	UNKNOWN STEP	2026-10-04T10:34:52.5921672Z  ^[[32m✓^[[39m ^[[30m^[[45m e2e ^[[49m^[[39m tests/e2e/workspace-clone.spec.ts ^[[2m(^[[22m^[[2m10 tests^[[22m^[[2m | ^[[22m^[[33m1 skipped^[[39m^[[2m)^[[22m^[[33m 11784^[[2mms^[[22m^[[39m
Live Clone	UNKNOWN STEP	2026-10-04T10:34:52.5922484Z      ^[[33m^[[2m✓^[[22m^[[39m clones the published repository and installs it from npm ^[[33m 3533^[[2mms^[[22m^[[39m
Live Clone	UNKNOWN STEP	2026-10-04T10:34:52.5923069Z      ^[[33m^[[2m✓^[[22m^[[39m hydrates from the <org>/worker release v1.0.3 ^[[33m 1665^[[2mms^[[22m^[[39m
Live Clone	UNKNOWN STEP	2026-10-04T10:34:52.5924128Z      ^[[33m^[[2m✓^[[22m^[[39m runs every check, and none of them reports "not run" ^[[33m 3218^[[2mms^[[22m^[[39m
Live Clone	UNKNOWN STEP	2026-10-04T10:34:52.5924899Z      ^[[33m^[[2m✓^[[22m^[[39m a published payload deploys clean ^[[33m 2911^[[2mms^[[22m^[[39m
Live Clone	UNKNOWN STEP	2026-10-04T10:34:52.5944805Z 
Live Clone	UNKNOWN STEP	2026-10-04T10:34:52.5948692Z ^[[2m Test Files ^[[22m ^[[1m^[[32m1 passed^[[39m^[[22m^[[90m (1)^[[39m
Live Clone	UNKNOWN STEP	2026-10-04T10:34:52.5949454Z ^[[2m      Tests ^[[22m ^[[1m^[[32m9 passed^[[39m^[[22m^[[2m | ^[[22m^[[33m1 skipped^[[39m^[[90m (10)^[[39m
Live Clone	UNKNOWN STEP	2026-10-04T10:34:52.5950016Z ^[[2m   Start at ^[[22m 10:34:38
Live Clone	UNKNOWN STEP	2026-10-04T10:34:52.5950656Z ^[[2m   Duration ^[[22m 14.10s^[[2m (transform 540ms, setup 0ms, import 2.22s, tests 11.78s, environment 0ms)^[[22m
Live Clone	UNKNOWN STEP	2026-10-04T10:34:52.5951355Z 
Live Clone	UNKNOWN STEP	2026-10-04T10:34:52.6447496Z Post job cleanup.
Live Clone	UNKNOWN STEP	2026-10-04T10:34:52.7961909Z Post job cleanup.
Live Clone	UNKNOWN STEP	2026-10-04T10:34:52.8645988Z [command]/usr/bin/git version
Live Clone	UNKNOWN STEP	2026-10-04T10:34:52.8680526Z git version 2.55.0
Live Clone	UNKNOWN STEP	2026-10-04T10:34:52.8715748Z Temporarily overriding HOME='/home/runner/work/_temp/<uuid>' before making global git config changes
Live Clone	UNKNOWN STEP	2026-10-04T10:34:52.8716760Z Adding repository directory to the temporary git global config as a safe directory
Live Clone	UNKNOWN STEP	2026-10-04T10:34:52.8719650Z [command]/usr/bin/git config --global --add safe.directory /home/runner/work/drangler/drangler
Live Clone	UNKNOWN STEP	2026-10-04T10:34:52.8754845Z Removing SSH command configuration
Live Clone	UNKNOWN STEP	2026-10-04T10:34:52.8759922Z [command]/usr/bin/git config --local --name-only --get-regexp core\.sshCommand
Live Clone	UNKNOWN STEP	2026-10-04T10:34:52.8789404Z [command]/usr/bin/git submodule foreach --recursive sh -c "git config --local --name-only --get-regexp 'core\.sshCommand' && git config --local --unset-all 'core.sshCommand' || :"
Live Clone	UNKNOWN STEP	2026-10-04T10:34:52.9004733Z Removing HTTP extra header
Live Clone	UNKNOWN STEP	2026-10-04T10:34:52.9009940Z [command]/usr/bin/git config --local --name-only --get-regexp http\.https\:\/\/github\.com\/\.extraheader
Live Clone	UNKNOWN STEP	2026-10-04T10:34:52.9066528Z [command]/usr/bin/git submodule foreach --recursive sh -c "git config --local --name-only --get-regexp 'http\.https\:\/\/github\.com\/\.extraheader' && git config --local --unset-all 'http.https://github.com/.extraheader' || :"
Live Clone	UNKNOWN STEP	2026-10-04T10:34:52.9281621Z Removing includeIf entries pointing to credentials config files
Live Clone	UNKNOWN STEP	2026-10-04T10:34:52.9287746Z [command]/usr/bin/git config --local --name-only --get-regexp ^includeIf\.gitdir:
Live Clone	UNKNOWN STEP	2026-10-04T10:34:52.9320596Z includeif.gitdir:/home/runner/work/drangler/drangler/.git.path
Live Clone	UNKNOWN STEP	2026-10-04T10:34:52.9328564Z includeif.gitdir:/home/runner/work/drangler/drangler/.git/worktrees/*.path
Live Clone	UNKNOWN STEP	2026-10-04T10:34:52.9337207Z includeif.gitdir:/github/workspace/.git.path
Live Clone	UNKNOWN STEP	2026-10-04T10:34:52.9337914Z includeif.gitdir:/github/workspace/.git/worktrees/*.path
Live Clone	UNKNOWN STEP	2026-10-04T10:34:52.9339597Z [command]/usr/bin/git config --local --get-all includeif.gitdir:/home/runner/work/drangler/drangler/.git.path
Live Clone	UNKNOWN STEP	2026-10-04T10:34:52.9362606Z /home/runner/work/_temp/git-credentials-<uuid>.config
Live Clone	UNKNOWN STEP	2026-10-04T10:34:52.9367048Z [command]/usr/bin/git config --local --unset includeif.gitdir:/home/runner/work/drangler/drangler/.git.path \/home\/runner\/work\/_temp\/git\-credentials\-<uuid>\.config
Live Clone	UNKNOWN STEP	2026-10-04T10:34:52.9443485Z [command]/usr/bin/git config --local --get-all includeif.gitdir:/home/runner/work/drangler/drangler/.git/worktrees/*.path
Live Clone	UNKNOWN STEP	2026-10-04T10:34:52.9461264Z /home/runner/work/_temp/git-credentials-<uuid>.config
Live Clone	UNKNOWN STEP	2026-10-04T10:34:52.9470106Z [command]/usr/bin/git config --local --unset includeif.gitdir:/home/runner/work/drangler/drangler/.git/worktrees/*.path \/home\/runner\/work\/_temp\/git\-credentials\-<uuid>\.config
Live Clone	UNKNOWN STEP	2026-10-04T10:34:52.9529647Z [command]/usr/bin/git config --local --get-all includeif.gitdir:/github/workspace/.git.path
Live Clone	UNKNOWN STEP	2026-10-04T10:34:52.9555007Z /github/runner_temp/git-credentials-<uuid>.config
Live Clone	UNKNOWN STEP	2026-10-04T10:34:52.9560138Z [command]/usr/bin/git config --local --unset includeif.gitdir:/github/workspace/.git.path \/github\/runner_temp\/git\-credentials\-<uuid>\.config
Live Clone	UNKNOWN STEP	2026-10-04T10:34:52.9627660Z [command]/usr/bin/git config --local --get-all includeif.gitdir:/github/workspace/.git/worktrees/*.path
Live Clone	UNKNOWN STEP	2026-10-04T10:34:52.9654131Z /github/runner_temp/git-credentials-<uuid>.config
Live Clone	UNKNOWN STEP	2026-10-04T10:34:52.9690383Z [command]/usr/bin/git config --local --unset includeif.gitdir:/github/workspace/.git/worktrees/*.path \/github\/runner_temp\/git\-credentials\-<uuid>\.config
Live Clone	UNKNOWN STEP	2026-10-04T10:34:52.9731065Z [command]/usr/bin/git submodule foreach --recursive git config --local --show-origin --name-only --get-regexp remote.origin.url
Live Clone	UNKNOWN STEP	2026-10-04T10:34:52.9920484Z Removing credentials config '/home/runner/work/_temp/git-credentials-<uuid>.config'
Live Clone	UNKNOWN STEP	2026-10-04T10:34:53.0058019Z Cleaning up orphan processes
Broken VPS	UNKNOWN STEP	2026-10-04T10:34:40.1724951Z Current runner version: '2.337.0'
Broken VPS	UNKNOWN STEP	2026-10-04T10:34:40.1747246Z ##[group]Runner Image Provisioner
Broken VPS	UNKNOWN STEP	2026-10-04T10:34:40.1747936Z Hosted Compute Agent
Broken VPS	UNKNOWN STEP	2026-10-04T10:34:40.1748533Z Version: 20260901.588
Broken VPS	UNKNOWN STEP	2026-10-04T10:34:40.1749050Z Commit: <hex>
Broken VPS	UNKNOWN STEP	2026-10-04T10:34:40.1749628Z Build Date: 2026-09-01T19:56:44Z
Broken VPS	UNKNOWN STEP	2026-10-04T10:34:40.1750247Z Worker ID: {<uuid>}
Broken VPS	UNKNOWN STEP	2026-10-04T10:34:40.1750893Z Azure Region: westus3
Broken VPS	UNKNOWN STEP	2026-10-04T10:34:40.1751401Z ##[endgroup]
Broken VPS	UNKNOWN STEP	2026-10-04T10:34:40.1752553Z ##[group]Operating System
Broken VPS	UNKNOWN STEP	2026-10-04T10:34:40.1753049Z Ubuntu
Broken VPS	UNKNOWN STEP	2026-10-04T10:34:40.1753549Z 24.04.5
Broken VPS	UNKNOWN STEP	2026-10-04T10:34:40.1754002Z LTS
Broken VPS	UNKNOWN STEP	2026-10-04T10:34:40.1754595Z ##[endgroup]
Broken VPS	UNKNOWN STEP	2026-10-04T10:34:40.1755067Z ##[group]Runner Image
Broken VPS	UNKNOWN STEP	2026-10-04T10:34:40.1755558Z Image: ubuntu-24.04
Broken VPS	UNKNOWN STEP	2026-10-04T10:34:40.1756057Z Version: 20260927.320.1
Broken VPS	UNKNOWN STEP	2026-10-04T10:34:40.1757116Z Included Software: https://github.com/actions/runner-images/blob/ubuntu24/20260927.320/images/ubuntu/Ubuntu2404-Readme.md
Broken VPS	UNKNOWN STEP	2026-10-04T10:34:40.1758371Z Image Release: https://github.com/actions/runner-images/releases/tag/ubuntu24%2F20260927.320
Broken VPS	UNKNOWN STEP	2026-10-04T10:34:40.1759139Z ##[endgroup]
Broken VPS	UNKNOWN STEP	2026-10-04T10:34:40.1760075Z ##[group]GITHUB_TOKEN Permissions
Broken VPS	UNKNOWN STEP	2026-10-04T10:34:40.1761572Z Contents: read
Broken VPS	UNKNOWN STEP	2026-10-04T10:34:40.1762173Z Metadata: read
Broken VPS	UNKNOWN STEP	2026-10-04T10:34:40.1762613Z ##[endgroup]
Broken VPS	UNKNOWN STEP	2026-10-04T10:34:40.1765059Z Secret source: Actions
Broken VPS	UNKNOWN STEP	2026-10-04T10:34:40.1765899Z Cache mode: write
Broken VPS	UNKNOWN STEP	2026-10-04T10:34:40.1766554Z Prepare workflow directory
Broken VPS	UNKNOWN STEP	2026-10-04T10:34:40.2075223Z Prepare all required actions
Broken VPS	UNKNOWN STEP	2026-10-04T10:34:40.2115831Z Getting action download info
Broken VPS	UNKNOWN STEP	2026-10-04T10:34:40.5364815Z Download action repository 'actions/checkout@v7' (SHA:<hex>)
Broken VPS	UNKNOWN STEP	2026-10-04T10:34:40.6277957Z Download action repository 'oven-sh/setup-bun@v2' (SHA:<hex>)
Broken VPS	UNKNOWN STEP	2026-10-04T10:34:41.3235573Z Complete job name: Broken VPS
Broken VPS	UNKNOWN STEP	2026-10-04T10:34:41.3859505Z ##[group]Run actions/checkout@v7
Broken VPS	UNKNOWN STEP	2026-10-04T10:34:41.3860238Z with:
Broken VPS	UNKNOWN STEP	2026-10-04T10:34:41.3860651Z   repository: <org>/drangler
Broken VPS	UNKNOWN STEP	2026-10-04T10:34:41.3864121Z   token: ***
Broken VPS	UNKNOWN STEP	2026-10-04T10:34:41.3864654Z   ssh-strict: true
Broken VPS	UNKNOWN STEP	2026-10-04T10:34:41.3865051Z   ssh-user: git
Broken VPS	UNKNOWN STEP	2026-10-04T10:34:41.3865441Z   persist-credentials: true
Broken VPS	UNKNOWN STEP	2026-10-04T10:34:41.3865867Z   clean: true
Broken VPS	UNKNOWN STEP	2026-10-04T10:34:41.3866265Z   sparse-checkout-cone-mode: true
Broken VPS	UNKNOWN STEP	2026-10-04T10:34:41.3866731Z   fetch-depth: 1
Broken VPS	UNKNOWN STEP	2026-10-04T10:34:41.3867104Z   fetch-tags: false
Broken VPS	UNKNOWN STEP	2026-10-04T10:34:41.3867482Z   show-progress: true
Broken VPS	UNKNOWN STEP	2026-10-04T10:34:41.3867859Z   lfs: false
Broken VPS	UNKNOWN STEP	2026-10-04T10:34:41.3868223Z   submodules: false
Broken VPS	UNKNOWN STEP	2026-10-04T10:34:41.3868619Z   set-safe-directory: true
Broken VPS	UNKNOWN STEP	2026-10-04T10:34:41.3869057Z   allow-unsafe-pr-checkout: false
Broken VPS	UNKNOWN STEP	2026-10-04T10:34:41.3869661Z env:
Broken VPS	UNKNOWN STEP	2026-10-04T10:34:41.3870010Z   REQUIRE_DOCKER: 1
Broken VPS	UNKNOWN STEP	2026-10-04T10:34:41.3870388Z   REQUIRE_BROKEN: 1
Broken VPS	UNKNOWN STEP	2026-10-04T10:34:41.3870756Z ##[endgroup]
Broken VPS	UNKNOWN STEP	2026-10-04T10:34:41.4715943Z Syncing repository: <org>/drangler
Broken VPS	UNKNOWN STEP	2026-10-04T10:34:41.4718867Z ##[group]Getting Git version info
Broken VPS	UNKNOWN STEP	2026-10-04T10:34:41.4719902Z Working directory is '/home/runner/work/drangler/drangler'
Broken VPS	UNKNOWN STEP	2026-10-04T10:34:41.4721078Z [command]/usr/bin/git version
Broken VPS	UNKNOWN STEP	2026-10-04T10:34:41.4793325Z git version 2.55.0
Broken VPS	UNKNOWN STEP	2026-10-04T10:34:41.4808965Z ##[endgroup]
Broken VPS	UNKNOWN STEP	2026-10-04T10:34:41.4819791Z Temporarily overriding HOME='/home/runner/work/_temp/<uuid>' before making global git config changes
Broken VPS	UNKNOWN STEP	2026-10-04T10:34:41.4821825Z Adding repository directory to the temporary git global config as a safe directory
Broken VPS	UNKNOWN STEP	2026-10-04T10:34:41.4826432Z [command]/usr/bin/git config --global --add safe.directory /home/runner/work/drangler/drangler
Broken VPS	UNKNOWN STEP	2026-10-04T10:34:41.4874252Z Deleting the contents of '/home/runner/work/drangler/drangler'
Broken VPS	UNKNOWN STEP	2026-10-04T10:34:41.4877505Z ##[group]Determining repository object format
Broken VPS	UNKNOWN STEP	2026-10-04T10:34:41.4878746Z ##[endgroup]
Broken VPS	UNKNOWN STEP	2026-10-04T10:34:41.4879870Z ##[group]Initializing the repository
Broken VPS	UNKNOWN STEP	2026-10-04T10:34:41.4882484Z [command]/usr/bin/git init /home/runner/work/drangler/drangler
Broken VPS	UNKNOWN STEP	2026-10-04T10:34:41.4975123Z hint: Using 'master' as the name for the initial branch. This default branch name
Broken VPS	UNKNOWN STEP	2026-10-04T10:34:41.4976654Z hint: will change to "main" in Git 3.0. To configure the initial branch name
Broken VPS	UNKNOWN STEP	2026-10-04T10:34:41.4977978Z hint: to use in all of your new repositories, which will suppress this warning,
Broken VPS	UNKNOWN STEP	2026-10-04T10:34:41.4979009Z hint: call:
Broken VPS	UNKNOWN STEP	2026-10-04T10:34:41.4979564Z hint:
Broken VPS	UNKNOWN STEP	2026-10-04T10:34:41.4980313Z hint: 	git config --global init.defaultBranch <name>
Broken VPS	UNKNOWN STEP	2026-10-04T10:34:41.4981206Z hint:
Broken VPS	UNKNOWN STEP	2026-10-04T10:34:41.4981999Z hint: Names commonly chosen instead of 'master' are 'main', 'trunk' and
Broken VPS	UNKNOWN STEP	2026-10-04T10:34:41.4983319Z hint: 'development'. The just-created branch can be renamed via this command:
Broken VPS	UNKNOWN STEP	2026-10-04T10:34:41.4984398Z hint:
Broken VPS	UNKNOWN STEP	2026-10-04T10:34:41.4985110Z hint: 	git branch -m <name>
Broken VPS	UNKNOWN STEP	2026-10-04T10:34:41.4985767Z hint:
Broken VPS	UNKNOWN STEP	2026-10-04T10:34:41.4986684Z hint: Disable this message with "git config set advice.defaultBranchName false"
Broken VPS	UNKNOWN STEP	2026-10-04T10:34:41.4988196Z Initialized empty Git repository in /home/runner/work/drangler/drangler/.git/
Broken VPS	UNKNOWN STEP	2026-10-04T10:34:41.4990686Z [command]/usr/bin/git remote add origin https://github.com/<org>/drangler
Broken VPS	UNKNOWN STEP	2026-10-04T10:34:41.5852436Z ##[endgroup]
Broken VPS	UNKNOWN STEP	2026-10-04T10:34:41.5853178Z ##[group]Disabling automatic garbage collection
Broken VPS	UNKNOWN STEP	2026-10-04T10:34:41.5855165Z [command]/usr/bin/git config --local gc.auto 0
Broken VPS	UNKNOWN STEP	2026-10-04T10:34:41.5888782Z ##[endgroup]
Broken VPS	UNKNOWN STEP	2026-10-04T10:34:41.5889786Z ##[group]Setting up auth
Broken VPS	UNKNOWN STEP	2026-10-04T10:34:41.5890276Z Removing SSH command configuration
Broken VPS	UNKNOWN STEP	2026-10-04T10:34:41.5894092Z [command]/usr/bin/git config --local --name-only --get-regexp core\.sshCommand
Broken VPS	UNKNOWN STEP	2026-10-04T10:34:41.5925989Z [command]/usr/bin/git submodule foreach --recursive sh -c "git config --local --name-only --get-regexp 'core\.sshCommand' && git config --local --unset-all 'core.sshCommand' || :"
Broken VPS	UNKNOWN STEP	2026-10-04T10:34:41.6612783Z Removing HTTP extra header
Broken VPS	UNKNOWN STEP	2026-10-04T10:34:41.6617811Z [command]/usr/bin/git config --local --name-only --get-regexp http\.https\:\/\/github\.com\/\.extraheader
Broken VPS	UNKNOWN STEP	2026-10-04T10:34:41.6650126Z [command]/usr/bin/git submodule foreach --recursive sh -c "git config --local --name-only --get-regexp 'http\.https\:\/\/github\.com\/\.extraheader' && git config --local --unset-all 'http.https://github.com/.extraheader' || :"
Broken VPS	UNKNOWN STEP	2026-10-04T10:34:41.6838297Z Removing includeIf entries pointing to credentials config files
Broken VPS	UNKNOWN STEP	2026-10-04T10:34:41.6842513Z [command]/usr/bin/git config --local --name-only --get-regexp ^includeIf\.gitdir:
Broken VPS	UNKNOWN STEP	2026-10-04T10:34:41.6877537Z [command]/usr/bin/git submodule foreach --recursive git config --local --show-origin --name-only --get-regexp remote.origin.url
Broken VPS	UNKNOWN STEP	2026-10-04T10:34:41.7073223Z [command]/usr/bin/git config --file /home/runner/work/_temp/git-credentials-<uuid>.config http.https://github.com/.extraheader AUTHORIZATION: basic ***
Broken VPS	UNKNOWN STEP	2026-10-04T10:34:41.7108429Z [command]/usr/bin/git config --local includeIf.gitdir:/home/runner/work/drangler/drangler/.git.path /home/runner/work/_temp/git-credentials-<uuid>.config
Broken VPS	UNKNOWN STEP	2026-10-04T10:34:41.7139773Z [command]/usr/bin/git config --local includeIf.gitdir:/home/runner/work/drangler/drangler/.git/worktrees/*.path /home/runner/work/_temp/git-credentials-<uuid>.config
Broken VPS	UNKNOWN STEP	2026-10-04T10:34:41.7174578Z [command]/usr/bin/git config --local includeIf.gitdir:/github/workspace/.git.path /github/runner_temp/git-credentials-<uuid>.config
Broken VPS	UNKNOWN STEP	2026-10-04T10:34:41.7205647Z [command]/usr/bin/git config --local includeIf.gitdir:/github/workspace/.git/worktrees/*.path /github/runner_temp/git-credentials-<uuid>.config
Broken VPS	UNKNOWN STEP	2026-10-04T10:34:41.7233527Z ##[endgroup]
Broken VPS	UNKNOWN STEP	2026-10-04T10:34:41.7234165Z ##[group]Fetching the repository
Broken VPS	UNKNOWN STEP	2026-10-04T10:34:41.7239375Z [command]/usr/bin/git -c protocol.version=2 fetch --no-tags --prune --no-recurse-submodules --depth=1 origin +df6dce4b00d66439e0c1258c862da36342a7488a:refs/remotes/origin/master
Broken VPS	UNKNOWN STEP	2026-10-04T10:34:42.5586584Z From https://github.com/<org>/drangler
Broken VPS	UNKNOWN STEP	2026-10-04T10:34:42.5588130Z  * [new ref]         df6dce4b00d66439e0c1258c862da36342a7488a -> origin/master
Broken VPS	UNKNOWN STEP	2026-10-04T10:34:42.5594162Z [command]/usr/bin/git branch --list --remote origin/master
Broken VPS	UNKNOWN STEP	2026-10-04T10:34:42.5620531Z   origin/master
Broken VPS	UNKNOWN STEP	2026-10-04T10:34:42.5626896Z [command]/usr/bin/git rev-parse refs/remotes/origin/master
Broken VPS	UNKNOWN STEP	2026-10-04T10:34:42.5650291Z df6dce4b00d66439e0c1258c862da36342a7488a
Broken VPS	UNKNOWN STEP	2026-10-04T10:34:42.5654209Z ##[endgroup]
Broken VPS	UNKNOWN STEP	2026-10-04T10:34:42.5655487Z ##[group]Determining the checkout info
Broken VPS	UNKNOWN STEP	2026-10-04T10:34:42.5657184Z ##[endgroup]
Broken VPS	UNKNOWN STEP	2026-10-04T10:34:42.5658267Z [command]/usr/bin/git sparse-checkout disable
Broken VPS	UNKNOWN STEP	2026-10-04T10:34:42.5710675Z [command]/usr/bin/git config --local --unset-all extensions.worktreeConfig
Broken VPS	UNKNOWN STEP	2026-10-04T10:34:42.5743795Z ##[group]Checking out the ref
Broken VPS	UNKNOWN STEP	2026-10-04T10:34:42.5745621Z [command]/usr/bin/git checkout --progress --force -B master refs/remotes/origin/master
Broken VPS	UNKNOWN STEP	2026-10-04T10:34:42.5907275Z Reset branch 'master'
Broken VPS	UNKNOWN STEP	2026-10-04T10:34:42.5911438Z branch 'master' set up to track 'origin/master'.
Broken VPS	UNKNOWN STEP	2026-10-04T10:34:42.5918452Z ##[endgroup]
Broken VPS	UNKNOWN STEP	2026-10-04T10:34:42.5960578Z [command]/usr/bin/git log -1 --format=%H
Broken VPS	UNKNOWN STEP	2026-10-04T10:34:42.5986564Z df6dce4b00d66439e0c1258c862da36342a7488a
Broken VPS	UNKNOWN STEP	2026-10-04T10:34:42.6266221Z ##[group]Run oven-sh/setup-bun@v2
Broken VPS	UNKNOWN STEP	2026-10-04T10:34:42.6267117Z with:
Broken VPS	UNKNOWN STEP	2026-10-04T10:34:42.6267785Z   bun-version: latest
Broken VPS	UNKNOWN STEP	2026-10-04T10:34:42.6268522Z   no-cache: false
Broken VPS	UNKNOWN STEP	2026-10-04T10:34:42.6275655Z   token: ***
Broken VPS	UNKNOWN STEP	2026-10-04T10:34:42.6276315Z env:
Broken VPS	UNKNOWN STEP	2026-10-04T10:34:42.6276952Z   REQUIRE_DOCKER: 1
Broken VPS	UNKNOWN STEP	2026-10-04T10:34:42.6277671Z   REQUIRE_BROKEN: 1
Broken VPS	UNKNOWN STEP	2026-10-04T10:34:42.6278371Z ##[endgroup]
Broken VPS	UNKNOWN STEP	2026-10-04T10:34:43.2284112Z Downloading a new version of Bun: https://github.com/oven-sh/bun/releases/download/bun-v1.4.2/bun-linux-x64.zip
Broken VPS	UNKNOWN STEP	2026-10-04T10:34:43.6236505Z [command]/usr/bin/unzip -o -q /home/runner/work/_temp/<uuid>.zip
Broken VPS	UNKNOWN STEP	2026-10-04T10:34:44.2139564Z [command]/home/runner/.bun/bin/bun --revision
Broken VPS	UNKNOWN STEP	2026-10-04T10:34:44.2182495Z 1.4.2+744846f84
Broken VPS	UNKNOWN STEP	2026-10-04T10:34:44.2395841Z ##[group]Run bun install --frozen-lockfile
Broken VPS	UNKNOWN STEP	2026-10-04T10:34:44.2396235Z ^[[36;1mbun install --frozen-lockfile^[[0m
Broken VPS	UNKNOWN STEP	2026-10-04T10:34:44.3420186Z shell: /usr/bin/bash -e {0}
Broken VPS	UNKNOWN STEP	2026-10-04T10:34:44.3420490Z env:
Broken VPS	UNKNOWN STEP	2026-10-04T10:34:44.3420677Z   REQUIRE_DOCKER: 1
Broken VPS	UNKNOWN STEP	2026-10-04T10:34:44.3420857Z   REQUIRE_BROKEN: 1
Broken VPS	UNKNOWN STEP	2026-10-04T10:34:44.3421039Z ##[endgroup]
Broken VPS	UNKNOWN STEP	2026-10-04T10:34:44.3540587Z bun install v1.4.2 (744846f84)
Broken VPS	UNKNOWN STEP	2026-10-04T10:34:45.2363850Z 
Broken VPS	UNKNOWN STEP	2026-10-04T10:34:45.2364361Z $ husky
Broken VPS	UNKNOWN STEP	2026-10-04T10:34:45.2801728Z 
Broken VPS	UNKNOWN STEP	2026-10-04T10:34:45.2802389Z + @cloudflare/workers-types@5.20260815.1
Broken VPS	UNKNOWN STEP	2026-10-04T10:34:45.2802898Z + @types/node@26.2.0
Broken VPS	UNKNOWN STEP	2026-10-04T10:34:45.2803201Z + @vitest/coverage-v8@4.1.10
Broken VPS	UNKNOWN STEP	2026-10-04T10:34:45.2803497Z + husky@9.1.7
Broken VPS	UNKNOWN STEP	2026-10-04T10:34:45.2803845Z + lint-staged@17.3.0
Broken VPS	UNKNOWN STEP	2026-10-04T10:34:45.2804143Z + prettier@3.9.6
Broken VPS	UNKNOWN STEP	2026-10-04T10:34:45.2805333Z + prettier-plugin-organize-imports@4.3.0
Broken VPS	UNKNOWN STEP	2026-10-04T10:34:45.2805741Z + prettier-plugin-sh@0.20.2
Broken VPS	UNKNOWN STEP	2026-10-04T10:34:45.2806071Z + typedoc@0.28.20
Broken VPS	UNKNOWN STEP	2026-10-04T10:34:45.2806406Z + typescript@5.9.3
Broken VPS	UNKNOWN STEP	2026-10-04T10:34:45.2806688Z + vitest@4.1.10
Broken VPS	UNKNOWN STEP	2026-10-04T10:34:45.2806941Z + wrangler@4.146.0
Broken VPS	UNKNOWN STEP	2026-10-04T10:34:45.2807215Z + <private-pkg>@0.2.0
Broken VPS	UNKNOWN STEP	2026-10-04T10:34:45.2807544Z + @napi-rs/keyring@2.1.0
Broken VPS	UNKNOWN STEP	2026-10-04T10:34:45.2807853Z + commander@15.0.0
Broken VPS	UNKNOWN STEP	2026-10-04T10:34:45.2808046Z 
Broken VPS	UNKNOWN STEP	2026-10-04T10:34:45.2808186Z 137 packages installed [925.00ms]
Broken VPS	UNKNOWN STEP	2026-10-04T10:34:45.2863990Z ##[group]Run bun tests/e2e/stack.ts broken
Broken VPS	UNKNOWN STEP	2026-10-04T10:34:45.2864578Z ^[[36;1mbun tests/e2e/stack.ts broken^[[0m
Broken VPS	UNKNOWN STEP	2026-10-04T10:34:45.2941843Z shell: /usr/bin/bash -e {0}
Broken VPS	UNKNOWN STEP	2026-10-04T10:34:45.2942182Z env:
Broken VPS	UNKNOWN STEP	2026-10-04T10:34:45.2942424Z   REQUIRE_DOCKER: 1
Broken VPS	UNKNOWN STEP	2026-10-04T10:34:45.2942695Z   REQUIRE_BROKEN: 1
Broken VPS	UNKNOWN STEP	2026-10-04T10:34:45.2942952Z ##[endgroup]
Broken VPS	UNKNOWN STEP	2026-10-04T10:34:45.3130195Z [e2e] bringing the stack and the broken arm up
Broken VPS	UNKNOWN STEP	2026-10-04T10:35:43.9658345Z [e2e] ready
Broken VPS	UNKNOWN STEP	2026-10-04T10:35:43.9698725Z ##[group]Run bunx vitest run --project=e2e tests/e2e/doctor-source.spec.ts
Broken VPS	UNKNOWN STEP	2026-10-04T10:35:43.9699162Z ^[[36;1mbunx vitest run --project=e2e tests/e2e/doctor-source.spec.ts^[[0m
Broken VPS	UNKNOWN STEP	2026-10-04T10:35:43.9756247Z shell: /usr/bin/bash -e {0}
Broken VPS	UNKNOWN STEP	2026-10-04T10:35:43.9756454Z env:
Broken VPS	UNKNOWN STEP	2026-10-04T10:35:43.9756615Z   REQUIRE_DOCKER: 1
Broken VPS	UNKNOWN STEP	2026-10-04T10:35:43.9756788Z   REQUIRE_BROKEN: 1
Broken VPS	UNKNOWN STEP	2026-10-04T10:35:43.9756956Z ##[endgroup]
Broken VPS	UNKNOWN STEP	2026-10-04T10:35:44.2893871Z 
Broken VPS	UNKNOWN STEP	2026-10-04T10:35:44.2897188Z ^[[1m^[[30m^[[46m RUN ^[[49m^[[39m^[[22m ^[[36mv4.1.10 ^[[39m^[[90m/home/runner/work/drangler/drangler^[[39m
Broken VPS	UNKNOWN STEP	2026-10-04T10:35:44.2897724Z 
Broken VPS	UNKNOWN STEP	2026-10-04T10:38:01.1547987Z  ^[[32m✓^[[39m ^[[30m^[[45m e2e ^[[49m^[[39m tests/e2e/doctor-source.spec.ts ^[[2m(^[[22m^[[2m5 tests^[[22m^[[2m)^[[22m^[[33m 136506^[[2mms^[[22m^[[39m
Broken VPS	UNKNOWN STEP	2026-10-04T10:38:01.1549131Z      ^[[33m^[[2m✓^[[22m^[[39m reports php-broken, and stops there because nothing below it was measured ^[[33m 23183^[[2mms^[[22m^[[39m
Broken VPS	UNKNOWN STEP	2026-10-04T10:38:01.1549993Z      ^[[33m^[[2m✓^[[22m^[[39m reports drush-absent as a warning rather than as four blockers ^[[33m 22733^[[2mms^[[22m^[[39m
Broken VPS	UNKNOWN STEP	2026-10-04T10:38:01.1550566Z      ^[[33m^[[2m✓^[[22m^[[39m reports db-unreachable with the driver named ^[[33m 23809^[[2mms^[[22m^[[39m
Broken VPS	UNKNOWN STEP	2026-10-04T10:38:01.1551140Z      ^[[33m^[[2m✓^[[22m^[[39m reports files-missing when the directory is not there ^[[33m 24885^[[2mms^[[22m^[[39m
Broken VPS	UNKNOWN STEP	2026-10-04T10:38:01.1551668Z      ^[[33m^[[2m✓^[[22m^[[39m reports bootstrap-fail on a truncated settings.php ^[[33m 23448^[[2mms^[[22m^[[39m
Broken VPS	UNKNOWN STEP	2026-10-04T10:38:01.1571895Z 
Broken VPS	UNKNOWN STEP	2026-10-04T10:38:01.1576157Z ^[[2m Test Files ^[[22m ^[[1m^[[32m1 passed^[[39m^[[22m^[[90m (1)^[[39m
Broken VPS	UNKNOWN STEP	2026-10-04T10:38:01.1576653Z ^[[2m      Tests ^[[22m ^[[1m^[[32m5 passed^[[39m^[[22m^[[90m (5)^[[39m
Broken VPS	UNKNOWN STEP	2026-10-04T10:38:01.1577178Z ^[[2m   Start at ^[[22m 10:35:44
Broken VPS	UNKNOWN STEP	2026-10-04T10:38:01.1577838Z ^[[2m   Duration ^[[22m 136.86s^[[2m (transform 142ms, setup 0ms, import 261ms, tests 136.51s, environment 0ms)^[[22m
Broken VPS	UNKNOWN STEP	2026-10-04T10:38:01.1579058Z 
Broken VPS	UNKNOWN STEP	2026-10-04T10:38:01.1769615Z ##[group]Run docker compose -f docker/compose.yml --profile broken down -v --remove-orphans
Broken VPS	UNKNOWN STEP	2026-10-04T10:38:01.1770150Z ^[[36;1mdocker compose -f docker/compose.yml --profile broken down -v --remove-orphans^[[0m
Broken VPS	UNKNOWN STEP	2026-10-04T10:38:01.1826514Z shell: /usr/bin/bash -e {0}
Broken VPS	UNKNOWN STEP	2026-10-04T10:38:01.1826743Z env:
Broken VPS	UNKNOWN STEP	2026-10-04T10:38:01.1826902Z   REQUIRE_DOCKER: 1
Broken VPS	UNKNOWN STEP	2026-10-04T10:38:01.1827067Z   REQUIRE_BROKEN: 1
Broken VPS	UNKNOWN STEP	2026-10-04T10:38:01.1827222Z ##[endgroup]
Broken VPS	UNKNOWN STEP	2026-10-04T10:38:01.2593660Z  Container docker-vps-broken-1  Stopping
Broken VPS	UNKNOWN STEP	2026-10-04T10:38:01.2594801Z  Container docker-drupal-1  Stopping
Broken VPS	UNKNOWN STEP	2026-10-04T10:38:03.1185566Z  Container docker-drupal-1  Stopped
Broken VPS	UNKNOWN STEP	2026-10-04T10:38:03.1186014Z  Container docker-drupal-1  Removing
Broken VPS	UNKNOWN STEP	2026-10-04T10:38:03.1186385Z  Container docker-vps-broken-1  Stopped
Broken VPS	UNKNOWN STEP	2026-10-04T10:38:03.1186701Z  Container docker-vps-broken-1  Removing
Broken VPS	UNKNOWN STEP	2026-10-04T10:38:03.6639035Z  Container docker-vps-broken-1  Removed
Broken VPS	UNKNOWN STEP	2026-10-04T10:38:03.6642718Z  Container docker-drupal-1  Removed
Broken VPS	UNKNOWN STEP	2026-10-04T10:38:03.6643374Z  Container docker-db-1  Stopping
Broken VPS	UNKNOWN STEP	2026-10-04T10:38:03.8466915Z  Container docker-db-1  Stopped
Broken VPS	UNKNOWN STEP	2026-10-04T10:38:03.8467276Z  Container docker-db-1  Removing
Broken VPS	UNKNOWN STEP	2026-10-04T10:38:03.9087690Z  Container docker-db-1  Removed
Broken VPS	UNKNOWN STEP	2026-10-04T10:38:03.9094073Z  Network docker_default  Removing
Broken VPS	UNKNOWN STEP	2026-10-04T10:38:04.0085237Z  Network docker_default  Removed
Broken VPS	UNKNOWN STEP	2026-10-04T10:38:04.0194417Z Post job cleanup.
Broken VPS	UNKNOWN STEP	2026-10-04T10:38:04.1616203Z Post job cleanup.
Broken VPS	UNKNOWN STEP	2026-10-04T10:38:04.2371816Z [command]/usr/bin/git version
Broken VPS	UNKNOWN STEP	2026-10-04T10:38:04.2409931Z git version 2.55.0
Broken VPS	UNKNOWN STEP	2026-10-04T10:38:04.2452015Z Temporarily overriding HOME='/home/runner/work/_temp/<uuid>' before making global git config changes
Broken VPS	UNKNOWN STEP	2026-10-04T10:38:04.2452961Z Adding repository directory to the temporary git global config as a safe directory
Broken VPS	UNKNOWN STEP	2026-10-04T10:38:04.2475425Z [command]/usr/bin/git config --global --add safe.directory /home/runner/work/drangler/drangler
Broken VPS	UNKNOWN STEP	2026-10-04T10:38:04.2489946Z Removing SSH command configuration
Broken VPS	UNKNOWN STEP	2026-10-04T10:38:04.2495516Z [command]/usr/bin/git config --local --name-only --get-regexp core\.sshCommand
Broken VPS	UNKNOWN STEP	2026-10-04T10:38:04.2533622Z [command]/usr/bin/git submodule foreach --recursive sh -c "git config --local --name-only --get-regexp 'core\.sshCommand' && git config --local --unset-all 'core.sshCommand' || :"
Broken VPS	UNKNOWN STEP	2026-10-04T10:38:04.2744801Z Removing HTTP extra header
Broken VPS	UNKNOWN STEP	2026-10-04T10:38:04.2750279Z [command]/usr/bin/git config --local --name-only --get-regexp http\.https\:\/\/github\.com\/\.extraheader
Broken VPS	UNKNOWN STEP	2026-10-04T10:38:04.2781602Z [command]/usr/bin/git submodule foreach --recursive sh -c "git config --local --name-only --get-regexp 'http\.https\:\/\/github\.com\/\.extraheader' && git config --local --unset-all 'http.https://github.com/.extraheader' || :"
Broken VPS	UNKNOWN STEP	2026-10-04T10:38:04.3012923Z Removing includeIf entries pointing to credentials config files
Broken VPS	UNKNOWN STEP	2026-10-04T10:38:04.3019894Z [command]/usr/bin/git config --local --name-only --get-regexp ^includeIf\.gitdir:
Broken VPS	UNKNOWN STEP	2026-10-04T10:38:04.3056306Z includeif.gitdir:/home/runner/work/drangler/drangler/.git.path
Broken VPS	UNKNOWN STEP	2026-10-04T10:38:04.3057063Z includeif.gitdir:/home/runner/work/drangler/drangler/.git/worktrees/*.path
Broken VPS	UNKNOWN STEP	2026-10-04T10:38:04.3057757Z includeif.gitdir:/github/workspace/.git.path
Broken VPS	UNKNOWN STEP	2026-10-04T10:38:04.3058348Z includeif.gitdir:/github/workspace/.git/worktrees/*.path
Broken VPS	UNKNOWN STEP	2026-10-04T10:38:04.3063948Z [command]/usr/bin/git config --local --get-all includeif.gitdir:/home/runner/work/drangler/drangler/.git.path
Broken VPS	UNKNOWN STEP	2026-10-04T10:38:04.3093774Z /home/runner/work/_temp/git-credentials-<uuid>.config
Broken VPS	UNKNOWN STEP	2026-10-04T10:38:04.3103318Z [command]/usr/bin/git config --local --unset includeif.gitdir:/home/runner/work/drangler/drangler/.git.path \/home\/runner\/work\/_temp\/git\-credentials\-<uuid>\.config
Broken VPS	UNKNOWN STEP	2026-10-04T10:38:04.3156056Z [command]/usr/bin/git config --local --get-all includeif.gitdir:/home/runner/work/drangler/drangler/.git/worktrees/*.path
Broken VPS	UNKNOWN STEP	2026-10-04T10:38:04.3180869Z /home/runner/work/_temp/git-credentials-<uuid>.config
Broken VPS	UNKNOWN STEP	2026-10-04T10:38:04.3188502Z [command]/usr/bin/git config --local --unset includeif.gitdir:/home/runner/work/drangler/drangler/.git/worktrees/*.path \/home\/runner\/work\/_temp\/git\-credentials\-<uuid>\.config
Broken VPS	UNKNOWN STEP	2026-10-04T10:38:04.3229982Z [command]/usr/bin/git config --local --get-all includeif.gitdir:/github/workspace/.git.path
Broken VPS	UNKNOWN STEP	2026-10-04T10:38:04.3254006Z /github/runner_temp/git-credentials-<uuid>.config
Broken VPS	UNKNOWN STEP	2026-10-04T10:38:04.3259624Z [command]/usr/bin/git config --local --unset includeif.gitdir:/github/workspace/.git.path \/github\/runner_temp\/git\-credentials\-<uuid>\.config
Broken VPS	UNKNOWN STEP	2026-10-04T10:38:04.3291122Z [command]/usr/bin/git config --local --get-all includeif.gitdir:/github/workspace/.git/worktrees/*.path
Broken VPS	UNKNOWN STEP	2026-10-04T10:38:04.3313435Z /github/runner_temp/git-credentials-<uuid>.config
Broken VPS	UNKNOWN STEP	2026-10-04T10:38:04.3320252Z [command]/usr/bin/git config --local --unset includeif.gitdir:/github/workspace/.git/worktrees/*.path \/github\/runner_temp\/git\-credentials\-<uuid>\.config
Broken VPS	UNKNOWN STEP	2026-10-04T10:38:04.3353918Z [command]/usr/bin/git submodule foreach --recursive git config --local --show-origin --name-only --get-regexp remote.origin.url
Broken VPS	UNKNOWN STEP	2026-10-04T10:38:04.3542348Z Removing credentials config '/home/runner/work/_temp/git-credentials-<uuid>.config'
Broken VPS	UNKNOWN STEP	2026-10-04T10:38:04.3675055Z Cleaning up orphan processes
